round,loss,accuracy,precision_weighted,recall_weighted,f1_weighted,attack_accuracy,attack_precision,attack_recall,attack_f1,confusion_matrix
1,3.444139689354707,0.2701911101567533,0.302139268746125,0.2701911101567533,0.28513179803115174,0.5845565814902297,0.5738574984735334,0.6341193363666245,0.6024852887997633,"[[0, 14082, 3717, 12169, 5600], [0, 0, 0, 0, 0], [0, 0, 0, 0, 0], [0, 12286, 12384, 31403, 2549], [0, 13201, 0, 8980, 54]]"
2,3.477465405650079,0.2814429890487438,0.30384333809532493,0.2814429890487439,0.29146195820755216,0.5852351299119605,0.577279225420755,0.6147604795598844,0.5954305917442337,"[[0, 14471, 3733, 12927, 4437], [0, 0, 0, 0, 0], [0, 0, 0, 0, 0], [0, 11457, 12383, 32601, 2181], [0, 12728, 0, 9341, 166]]"
