round,loss,accuracy,precision_weighted,recall_weighted,f1_weighted,attack_accuracy,attack_precision,attack_recall,attack_f1,confusion_matrix
1,0.6300792694091797,0.8603318846305807,0.740170951712007,0.8603318846305807,0.79574075768635,0.8603318846305807,0.0,0.0,0.0,"[[100165, 0], [16261, 0]]"
2,0.6567330360412598,0.8603318846305807,0.740170951712007,0.8603318846305807,0.79574075768635,0.8603318846305807,0.0,0.0,0.0,"[[100165, 0], [16261, 0]]"
3,0.6012576818466187,0.8603318846305807,0.740170951712007,0.8603318846305807,0.79574075768635,0.8603318846305807,0.0,0.0,0.0,"[[100165, 0], [16261, 0]]"
4,0.5207816362380981,0.8603318846305807,0.740170951712007,0.8603318846305807,0.79574075768635,0.8603318846305807,0.0,0.0,0.0,"[[100165, 0], [16261, 0]]"
5,0.5446434020996094,0.8603318846305807,0.740170951712007,0.8603318846305807,0.79574075768635,0.8603318846305807,0.0,0.0,0.0,"[[100165, 0], [16261, 0]]"
6,0.4723295569419861,0.8603318846305807,0.740170951712007,0.8603318846305807,0.79574075768635,0.8603318846305807,0.0,0.0,0.0,"[[100165, 0], [16261, 0]]"
7,0.4644697606563568,0.8603318846305807,0.740170951712007,0.8603318846305807,0.79574075768635,0.8603318846305807,0.0,0.0,0.0,"[[100165, 0], [16261, 0]]"
8,0.4594494700431824,0.8603318846305807,0.740170951712007,0.8603318846305807,0.79574075768635,0.8603318846305807,0.0,0.0,0.0,"[[100165, 0], [16261, 0]]"
