round,loss,accuracy,precision_weighted,recall_weighted,f1_weighted,attack_accuracy,attack_precision,attack_recall,attack_f1,confusion_matrix
1,2.2394440174102783,0.4562422160188963,0.41278944614968455,0.4562422160188963,0.4325914517665213,0.7281683487223535,0.7647535175625063,0.653512793453627,0.7047706113920036,"[[0, 11307, 0, 13577, 10684], [0, 0, 0, 0, 0], [0, 0, 0, 0, 0], [0, 8861, 0, 47002, 2759], [0, 9668, 0, 6451, 6116]]"
2,4.45734167098999,0.22305346789778827,0.33605718904463955,0.22305346789778827,0.2681341141988663,0.6083573115739747,0.5787341641509921,0.7760842862827189,0.66303568657301,"[[0, 18215, 6234, 6534, 4585], [0, 0, 0, 0, 0], [0, 0, 0, 0, 0], [0, 8966, 20725, 25968, 2963], [0, 15825, 0, 6409, 1]]"
3,7.308151721954346,0.22109512561735023,0.3478623736485345,0.22109512561735023,0.2702720073570127,0.6060124543697659,0.5755855935746228,0.7860318668581215,0.6645458534444932,"[[0, 15857, 5703, 6460, 7548], [0, 0, 0, 0, 0], [0, 0, 0, 0, 0], [0, 8874, 21464, 25120, 3164], [0, 15706, 0, 5908, 621]]"
4,10.146952629089355,0.2158728795361821,0.3064643988779894,0.2158728795361821,0.25292763854990113,0.5465492806527807,0.533705597416577,0.6862100583014722,0.6004253612164423,"[[0, 13581, 5671, 9156, 7160], [0, 0, 0, 0, 0], [0, 0, 0, 0, 0], [0, 11033, 20731, 23967, 2891], [0, 12087, 0, 8982, 1166]]"
5,10.251511573791504,0.2273051320592656,0.31245538357493136,0.2273051320592656,0.2625555515865902,0.5559974232338415,0.5419942816297355,0.6821272252305244,0.6040398005377209,"[[0, 13354, 6042, 9392, 6780], [0, 0, 0, 0, 0], [0, 0, 0, 0, 0], [0, 8844, 21734, 25303, 2741], [0, 12092, 0, 8982, 1161]]"
