round,loss,accuracy,precision_weighted,recall_weighted,f1_weighted,attack_accuracy,attack_precision,attack_recall,attack_f1,confusion_matrix
1,0.5789059400558472,0.796179547523749,0.7761127909608158,0.796179547523749,0.782594798474059,0.8167505539999657,0.3349811369845193,0.31670868950249065,0.3255887466413782,"[[0, 0, 809, 5255, 1050], [0, 0, 0, 1510, 536], [0, 0, 1396, 20, 0], [0, 0, 4840, 89941, 5384], [0, 0, 0, 4326, 1359]]"
