round,loss,accuracy,precision_weighted,recall_weighted,f1_weighted,attack_accuracy,attack_precision,attack_recall,attack_f1,confusion_matrix
1,1.525928258895874,0.048511500867503825,0.002353365716417824,0.048511500867503825,0.00448896500318924,0.14028653393571883,0.14028653393571883,1.0,0.24605488140163756,"[[0, 0, 0, 0, 7214], [0, 0, 0, 0, 2064], [0, 0, 0, 0, 1407], [0, 0, 0, 0, 100093], [0, 0, 0, 0, 5648]]"
2,1.4619135856628418,0.8597134660642812,0.73910724373226,0.8597134660642812,0.7948614205568296,0.8597134660642812,0.0,0.0,0.0,"[[0, 0, 0, 7214, 0], [0, 0, 0, 2064, 0], [0, 0, 0, 1407, 0], [0, 0, 0, 100093, 0], [0, 0, 0, 5648, 0]]"
3,1.3668283224105835,0.8597134660642812,0.73910724373226,0.8597134660642812,0.7948614205568296,0.8597134660642812,0.0,0.0,0.0,"[[0, 0, 0, 7214, 0], [0, 0, 0, 2064, 0], [0, 0, 0, 1407, 0], [0, 0, 0, 100093, 0], [0, 0, 0, 5648, 0]]"
4,1.2208396196365356,0.8597134660642812,0.73910724373226,0.8597134660642812,0.7948614205568296,0.8597134660642812,0.0,0.0,0.0,"[[0, 0, 0, 7214, 0], [0, 0, 0, 2064, 0], [0, 0, 0, 1407, 0], [0, 0, 0, 100093, 0], [0, 0, 0, 5648, 0]]"
5,0.9851366877555847,0.8597134660642812,0.73910724373226,0.8597134660642812,0.7948614205568296,0.8597134660642812,0.0,0.0,0.0,"[[0, 0, 0, 7214, 0], [0, 0, 0, 2064, 0], [0, 0, 0, 1407, 0], [0, 0, 0, 100093, 0], [0, 0, 0, 5648, 0]]"
