round,loss,accuracy,precision_weighted,recall_weighted,f1_weighted,attack_accuracy,attack_precision,attack_recall,attack_f1,confusion_matrix
1,1.5454436540603638,0.8597134660642812,0.73910724373226,0.8597134660642812,0.7948614205568296,0.8597134660642812,0.0,0.0,0.0,"[[0, 0, 0, 7214, 0], [0, 0, 0, 2064, 0], [0, 0, 0, 1407, 0], [0, 0, 0, 100093, 0], [0, 0, 0, 5648, 0]]"
2,1.43302321434021,0.8597134660642812,0.73910724373226,0.8597134660642812,0.7948614205568296,0.8597134660642812,0.0,0.0,0.0,"[[0, 0, 0, 7214, 0], [0, 0, 0, 2064, 0], [0, 0, 0, 1407, 0], [0, 0, 0, 100093, 0], [0, 0, 0, 5648, 0]]"
3,1.1848902702331543,0.8597134660642812,0.73910724373226,0.8597134660642812,0.7948614205568296,0.8597134660642812,0.0,0.0,0.0,"[[0, 0, 0, 7214, 0], [0, 0, 0, 2064, 0], [0, 0, 0, 1407, 0], [0, 0, 0, 100093, 0], [0, 0, 0, 5648, 0]]"
4,0.8397408723831177,0.8597134660642812,0.73910724373226,0.8597134660642812,0.7948614205568296,0.8597134660642812,0.0,0.0,0.0,"[[0, 0, 0, 7214, 0], [0, 0, 0, 2064, 0], [0, 0, 0, 1407, 0], [0, 0, 0, 100093, 0], [0, 0, 0, 5648, 0]]"
5,0.6092672348022461,0.8597134660642812,0.73910724373226,0.8597134660642812,0.7948614205568296,0.8597134660642812,0.0,0.0,0.0,"[[0, 0, 0, 7214, 0], [0, 0, 0, 2064, 0], [0, 0, 0, 1407, 0], [0, 0, 0, 100093, 0], [0, 0, 0, 5648, 0]]"
