round,loss,accuracy,precision_weighted,recall_weighted,f1_weighted,attack_accuracy,attack_precision,attack_recall,attack_f1,confusion_matrix
1,0.020232627168297768,1.0,1.0,1.0,1.0,1.0,1.0,1.0,1.0,"[[100165, 0], [0, 16261]]"
2,0.00035755778662860394,1.0,1.0,1.0,1.0,1.0,1.0,1.0,1.0,"[[100165, 0], [0, 16261]]"
3,7.54687619064498e-08,1.0,1.0,1.0,1.0,1.0,1.0,1.0,1.0,"[[100165, 0], [0, 16261]]"
4,0.0,1.0,1.0,1.0,1.0,1.0,1.0,1.0,1.0,"[[100165, 0], [0, 16261]]"
5,0.0,1.0,1.0,1.0,1.0,1.0,1.0,1.0,1.0,"[[100165, 0], [0, 16261]]"
6,0.0,1.0,1.0,1.0,1.0,1.0,1.0,1.0,1.0,"[[100165, 0], [0, 16261]]"
7,0.0,1.0,1.0,1.0,1.0,1.0,1.0,1.0,1.0,"[[100165, 0], [0, 16261]]"
8,0.0,1.0,1.0,1.0,1.0,1.0,1.0,1.0,1.0,"[[100165, 0], [0, 16261]]"
