round,loss,accuracy,precision_weighted,recall_weighted,f1_weighted,attack_accuracy,attack_precision,attack_recall,attack_f1,confusion_matrix
1,1.7222533226013184,0.06196210468452064,0.003839302416935494,0.06196210468452064,0.00723058271100181,0.14028653393571883,0.14028653393571883,1.0,0.24605488140163756,"[[7214, 0, 0, 0, 0], [2064, 0, 0, 0, 0], [1407, 0, 0, 0, 0], [100093, 0, 0, 0, 0], [5648, 0, 0, 0, 0]]"
2,1.7154797315597534,0.06196210468452064,0.003839302416935494,0.06196210468452064,0.00723058271100181,0.14028653393571883,0.14028653393571883,1.0,0.24605488140163756,"[[7214, 0, 0, 0, 0], [2064, 0, 0, 0, 0], [1407, 0, 0, 0, 0], [100093, 0, 0, 0, 0], [5648, 0, 0, 0, 0]]"
3,1.7084378004074097,0.06196210468452064,0.003839302416935494,0.06196210468452064,0.00723058271100181,0.14028653393571883,0.14028653393571883,1.0,0.24605488140163756,"[[7214, 0, 0, 0, 0], [2064, 0, 0, 0, 0], [1407, 0, 0, 0, 0], [100093, 0, 0, 0, 0], [5648, 0, 0, 0, 0]]"
4,1.7013624906539917,0.06196210468452064,0.003839302416935494,0.06196210468452064,0.00723058271100181,0.14028653393571883,0.14028653393571883,1.0,0.24605488140163756,"[[7214, 0, 0, 0, 0], [2064, 0, 0, 0, 0], [1407, 0, 0, 0, 0], [100093, 0, 0, 0, 0], [5648, 0, 0, 0, 0]]"
5,1.69422447681427,0.06196210468452064,0.003839302416935494,0.06196210468452064,0.00723058271100181,0.14028653393571883,0.14028653393571883,1.0,0.24605488140163756,"[[7214, 0, 0, 0, 0], [2064, 0, 0, 0, 0], [1407, 0, 0, 0, 0], [100093, 0, 0, 0, 0], [5648, 0, 0, 0, 0]]"
