round,loss,accuracy,precision_weighted,recall_weighted,f1_weighted,attack_accuracy,attack_precision,attack_recall,attack_f1,confusion_matrix
1,0.6488459706306458,0.8603318846305807,0.740170951712007,0.8603318846305807,0.79574075768635,0.8603318846305807,0.0,0.0,0.0,"[[0, 0, 0, 7114, 0], [0, 0, 0, 2046, 0], [0, 0, 0, 1416, 0], [0, 0, 0, 100165, 0], [0, 0, 0, 5685, 0]]"
2,0.6367444396018982,0.7156562967034855,0.8017108194822672,0.7156562967034855,0.7493544227036224,0.759735797845842,0.3004362050163577,0.5421560789619334,0.3866242736542046,"[[895, 11, 0, 3553, 2655], [293, 8, 0, 288, 1457], [0, 0, 0, 1416, 0], [5439, 72, 0, 79637, 15017], [696, 20, 0, 2188, 2781]]"
3,0.6747917532920837,0.7417329462491196,0.7864761302775648,0.7417329462491196,0.7601579113882961,0.7749643550409703,0.28560334785797487,0.40710903388475495,0.3356997971602434,"[[709, 150, 0, 4202, 2053], [106, 76, 0, 862, 1002], [0, 0, 0, 1416, 0], [4106, 699, 0, 83606, 11754], [405, 153, 0, 3161, 1966]]"
4,0.710706353187561,0.5973923350454365,0.7939261570817128,0.5973923350454365,0.669746464060844,0.6381048906601618,0.21181135690258193,0.5847118873378021,0.31097301717089126,"[[2291, 0, 141, 2445, 2237], [247, 0, 0, 647, 1152], [21, 0, 336, 1059, 0], [22161, 0, 667, 64784, 12553], [942, 0, 0, 2602, 2141]]"
5,0.7619155645370483,0.685250717193754,0.8240707211023709,0.685250717193754,0.7388995095454761,0.7336591483002078,0.30036818452542097,0.6823073611708997,0.4171131036297675,"[[1756, 270, 350, 2340, 2398], [361, 121, 0, 258, 1306], [0, 0, 609, 807, 0], [9419, 2039, 1888, 74322, 12497], [915, 36, 0, 1761, 2973]]"
