round,loss,accuracy,precision_weighted,recall_weighted,f1_weighted,attack_accuracy,attack_precision,attack_recall,attack_f1,confusion_matrix
1,0.4126014709472656,0.8603318846305807,0.740170951712007,0.8603318846305807,0.79574075768635,0.8603318846305807,0.0,0.0,0.0,"[[100165, 0], [16261, 0]]"
2,0.37484779953956604,0.8603318846305807,0.740170951712007,0.8603318846305807,0.79574075768635,0.8603318846305807,0.0,0.0,0.0,"[[100165, 0], [16261, 0]]"
3,0.3359873592853546,0.8603318846305807,0.740170951712007,0.8603318846305807,0.79574075768635,0.8603318846305807,0.0,0.0,0.0,"[[100165, 0], [16261, 0]]"
4,0.319583922624588,0.8603318846305807,0.740170951712007,0.8603318846305807,0.79574075768635,0.8603318846305807,0.0,0.0,0.0,"[[100165, 0], [16261, 0]]"
5,0.30801957845687866,0.8603318846305807,0.740170951712007,0.8603318846305807,0.79574075768635,0.8603318846305807,0.0,0.0,0.0,"[[100165, 0], [16261, 0]]"
6,0.3206821382045746,0.8603318846305807,0.740170951712007,0.8603318846305807,0.79574075768635,0.8603318846305807,0.0,0.0,0.0,"[[100165, 0], [16261, 0]]"
7,0.30550479888916016,0.8603318846305807,0.740170951712007,0.8603318846305807,0.79574075768635,0.8603318846305807,0.0,0.0,0.0,"[[100165, 0], [16261, 0]]"
8,0.30619731545448303,0.8603318846305807,0.740170951712007,0.8603318846305807,0.79574075768635,0.8603318846305807,0.0,0.0,0.0,"[[100165, 0], [16261, 0]]"
