round,loss,accuracy,precision_weighted,recall_weighted,f1_weighted,attack_accuracy,attack_precision,attack_recall,attack_f1,confusion_matrix
1,0.6644467711448669,0.8669095585083584,0.7515321826331568,0.8669095585083584,0.8051082916235357,0.8669095585083584,0.0,0.0,0.0,"[[93035, 0], [14283, 0]]"
2,0.7634406685829163,0.8669095585083584,0.7515321826331568,0.8669095585083584,0.8051082916235357,0.8669095585083584,0.0,0.0,0.0,"[[93035, 0], [14283, 0]]"
3,0.5424101948738098,0.8669095585083584,0.7515321826331568,0.8669095585083584,0.8051082916235357,0.8669095585083584,0.0,0.0,0.0,"[[93035, 0], [14283, 0]]"
4,0.5669463276863098,0.8669095585083584,0.7515321826331568,0.8669095585083584,0.8051082916235357,0.8669095585083584,0.0,0.0,0.0,"[[93035, 0], [14283, 0]]"
5,0.6576951146125793,0.8669095585083584,0.7515321826331568,0.8669095585083584,0.8051082916235357,0.8669095585083584,0.0,0.0,0.0,"[[93035, 0], [14283, 0]]"
6,0.5751181244850159,0.8669095585083584,0.7515321826331568,0.8669095585083584,0.8051082916235357,0.8669095585083584,0.0,0.0,0.0,"[[93035, 0], [14283, 0]]"
7,0.4809122383594513,0.8669095585083584,0.7515321826331568,0.8669095585083584,0.8051082916235357,0.8669095585083584,0.0,0.0,0.0,"[[93035, 0], [14283, 0]]"
8,0.46772852540016174,0.8669095585083584,0.7515321826331568,0.8669095585083584,0.8051082916235357,0.8669095585083584,0.0,0.0,0.0,"[[93035, 0], [14283, 0]]"
