round,loss,accuracy,precision_weighted,recall_weighted,f1_weighted,attack_accuracy,attack_precision,attack_recall,attack_f1,confusion_matrix
1,1.5372984409332275,0.03549264801803984,0.0012597280633324676,0.03549264801803984,0.0024330990002558116,0.1338545258018226,0.1338545258018226,1.0,0.2361052899747705,"[[0, 0, 0, 0, 7213], [0, 0, 0, 0, 2052], [0, 0, 0, 0, 1291], [0, 0, 0, 0, 92953], [0, 0, 0, 0, 3809]]"
2,1.4400529861450195,0.8661454741981773,0.7502079824739856,0.8661454741981773,0.8040187572154049,0.8661454741981773,0.0,0.0,0.0,"[[0, 0, 0, 7213, 0], [0, 0, 0, 2052, 0], [0, 0, 0, 1291, 0], [0, 0, 0, 92953, 0], [0, 0, 0, 3809, 0]]"
3,1.2373994588851929,0.8661454741981773,0.7502079824739856,0.8661454741981773,0.8040187572154049,0.8661454741981773,0.0,0.0,0.0,"[[0, 0, 0, 7213, 0], [0, 0, 0, 2052, 0], [0, 0, 0, 1291, 0], [0, 0, 0, 92953, 0], [0, 0, 0, 3809, 0]]"
4,0.8797964453697205,0.8661454741981773,0.7502079824739856,0.8661454741981773,0.8040187572154049,0.8661454741981773,0.0,0.0,0.0,"[[0, 0, 0, 7213, 0], [0, 0, 0, 2052, 0], [0, 0, 0, 1291, 0], [0, 0, 0, 92953, 0], [0, 0, 0, 3809, 0]]"
5,0.5621672868728638,0.8661454741981773,0.7502079824739856,0.8661454741981773,0.8040187572154049,0.8661454741981773,0.0,0.0,0.0,"[[0, 0, 0, 7213, 0], [0, 0, 0, 2052, 0], [0, 0, 0, 1291, 0], [0, 0, 0, 92953, 0], [0, 0, 0, 3809, 0]]"
