round,loss,accuracy,precision_weighted,recall_weighted,f1_weighted,attack_accuracy,attack_precision,attack_recall,attack_f1,confusion_matrix
1,0.8531424403190613,0.5619281015300323,0.8315818302187152,0.5619281015300321,0.644139527099663,0.6185355671928288,0.23105640197760063,0.8016523139396485,0.35872051129421345,"[[5375, 0, 0, 1739, 0], [1798, 0, 0, 248, 0], [421, 0, 0, 845, 0], [38105, 0, 0, 54930, 0], [3856, 0, 0, 1, 0]]"
2,0.8093833327293396,0.5621796902663113,0.8386866471133719,0.5621796902663113,0.6456227186506283,0.6221603086155165,0.23812562313060817,0.8360988587831688,0.3706796206912607,"[[5505, 0, 0, 1609, 0], [1786, 0, 0, 260, 0], [794, 0, 0, 472, 0], [38208, 0, 0, 54827, 0], [3857, 0, 0, 0, 0]]"
3,0.8375471830368042,0.5864253899625412,0.8329587407280934,0.5864253899625412,0.6657950386384847,0.642771948787715,0.2414104493657278,0.7861093607785479,0.3693846330992055,"[[4908, 0, 167, 2039, 0], [1709, 0, 0, 337, 0], [465, 0, 273, 528, 0], [34380, 0, 902, 57753, 0], [3706, 0, 0, 151, 0]]"
4,0.7707625031471252,0.5711809761642967,0.8477009604140228,0.5711809761642967,0.655352284810643,0.6304906912167577,0.2460158564907504,0.8603234614576769,0.38261898460245053,"[[5098, 85, 439, 1492, 0], [1833, 33, 0, 180, 0], [217, 0, 792, 257, 0], [34667, 444, 2549, 55375, 0], [3753, 37, 1, 66, 0]]"
5,0.7504249811172485,0.5686464525988185,0.8497942482394643,0.5686464525988185,0.6523889990891483,0.6268193592873517,0.24570684141960444,0.8715255898620738,0.3833397490184002,"[[5079, 104, 651, 1280, 0], [1785, 40, 0, 221, 0], [49, 0, 1086, 131, 0], [33980, 525, 3709, 54821, 0], [3590, 63, 1, 203, 0]]"
