round,loss,accuracy,precision_weighted,recall_weighted,f1_weighted,attack_accuracy,attack_precision,attack_recall,attack_f1,confusion_matrix
1,0.03820383548736572,1.0,1.0,1.0,1.0,1.0,1.0,1.0,1.0,"[[93035, 0], [0, 14283]]"
2,0.002343002473935485,0.9999347732905943,0.9999348052420964,0.9999347732905943,0.999934780053458,0.9999347732905943,0.9995101469559132,1.0,0.9997550134742589,"[[93028, 7], [0, 14283]]"
3,0.008768811821937561,1.0,1.0,1.0,1.0,1.0,1.0,1.0,1.0,"[[93035, 0], [0, 14283]]"
4,9.264689424526296e-07,1.0,1.0,1.0,1.0,1.0,1.0,1.0,1.0,"[[93035, 0], [0, 14283]]"
5,0.0,1.0,1.0,1.0,1.0,1.0,1.0,1.0,1.0,"[[93035, 0], [0, 14283]]"
6,0.0,1.0,1.0,1.0,1.0,1.0,1.0,1.0,1.0,"[[93035, 0], [0, 14283]]"
7,0.0,1.0,1.0,1.0,1.0,1.0,1.0,1.0,1.0,"[[93035, 0], [0, 14283]]"
8,0.0,1.0,1.0,1.0,1.0,1.0,1.0,1.0,1.0,"[[93035, 0], [0, 14283]]"
