round,loss,accuracy,precision_weighted,recall_weighted,f1_weighted,attack_accuracy,attack_precision,attack_recall,attack_f1,confusion_matrix
1,3.347977392780875,0.3018189272801819,0.3199068627473141,0.30181892728018184,0.3105997778850146,0.6635823176413582,0.6654382777415927,0.7006876387460068,0.6826081987533956,"[[0, 18530, 3463, 13575, 0], [0, 0, 0, 552, 0], [0, 0, 0, 0, 0], [0, 7814, 11705, 32390, 0], [0, 16830, 0, 2457, 0]]"
2,3.344052288845097,0.3067948861306795,0.3093875693390341,0.3067948861306795,0.308085773176585,0.6502385478400239,0.6600229218151212,0.6652047575216128,0.6626037087973824,"[[0, 17458, 3429, 14681, 0], [0, 0, 0, 552, 0], [0, 0, 0, 0, 0], [0, 7353, 11632, 32924, 0], [0, 15970, 0, 3317, 0]]"
