round,loss,accuracy,precision_weighted,recall_weighted,f1_weighted,attack_accuracy,attack_precision,attack_recall,attack_f1,confusion_matrix
1,1.575353980064392,0.8345477925417917,0.7544161660934251,0.8345477925417917,0.7923359275981959,0.8425706777986918,0.22440087145969498,0.07170205360250609,0.10867844895805856,"[[0, 525, 0, 6688, 0], [0, 169, 0, 1883, 0], [0, 0, 0, 1291, 0], [0, 3560, 0, 89393, 0], [0, 336, 0, 3473, 0]]"
2,1.5651615858078003,0.8661454741981773,0.7502079824739856,0.8661454741981773,0.8040187572154049,0.8661454741981773,0.0,0.0,0.0,"[[0, 0, 0, 7213, 0], [0, 0, 0, 2052, 0], [0, 0, 0, 1291, 0], [0, 0, 0, 92953, 0], [0, 0, 0, 3809, 0]]"
3,1.5551385879516602,0.8661454741981773,0.7502079824739856,0.8661454741981773,0.8040187572154049,0.8661454741981773,0.0,0.0,0.0,"[[0, 0, 0, 7213, 0], [0, 0, 0, 2052, 0], [0, 0, 0, 1291, 0], [0, 0, 0, 92953, 0], [0, 0, 0, 3809, 0]]"
4,1.5451067686080933,0.8661454741981773,0.7502079824739856,0.8661454741981773,0.8040187572154049,0.8661454741981773,0.0,0.0,0.0,"[[0, 0, 0, 7213, 0], [0, 0, 0, 2052, 0], [0, 0, 0, 1291, 0], [0, 0, 0, 92953, 0], [0, 0, 0, 3809, 0]]"
5,1.5350528955459595,0.8661454741981773,0.7502079824739856,0.8661454741981773,0.8040187572154049,0.8661454741981773,0.0,0.0,0.0,"[[0, 0, 0, 7213, 0], [0, 0, 0, 2052, 0], [0, 0, 0, 1291, 0], [0, 0, 0, 92953, 0], [0, 0, 0, 3809, 0]]"
