round,loss,accuracy,precision_weighted,recall_weighted,f1_weighted,attack_accuracy,attack_precision,attack_recall,attack_f1,confusion_matrix
1,0.4318793714046478,0.8669095585083584,0.7515321826331568,0.8669095585083584,0.8051082916235357,0.8669095585083584,0.0,0.0,0.0,"[[93035, 0], [14283, 0]]"
2,0.41177114844322205,0.8669095585083584,0.7515321826331568,0.8669095585083584,0.8051082916235357,0.8669095585083584,0.0,0.0,0.0,"[[93035, 0], [14283, 0]]"
3,0.37748417258262634,0.8669095585083584,0.7515321826331568,0.8669095585083584,0.8051082916235357,0.8669095585083584,0.0,0.0,0.0,"[[93035, 0], [14283, 0]]"
4,0.34861868619918823,0.8669095585083584,0.7515321826331568,0.8669095585083584,0.8051082916235357,0.8669095585083584,0.0,0.0,0.0,"[[93035, 0], [14283, 0]]"
5,0.32150107622146606,0.8669095585083584,0.7515321826331568,0.8669095585083584,0.8051082916235357,0.8669095585083584,0.0,0.0,0.0,"[[93035, 0], [14283, 0]]"
6,0.31090161204338074,0.8669095585083584,0.7515321826331568,0.8669095585083584,0.8051082916235357,0.8669095585083584,0.0,0.0,0.0,"[[93035, 0], [14283, 0]]"
7,0.30965620279312134,0.8669095585083584,0.7515321826331568,0.8669095585083584,0.8051082916235357,0.8669095585083584,0.0,0.0,0.0,"[[93035, 0], [14283, 0]]"
8,0.30291423201560974,0.8669095585083584,0.7515321826331568,0.8669095585083584,0.8051082916235357,0.8669095585083584,0.0,0.0,0.0,"[[93035, 0], [14283, 0]]"
