round,loss,accuracy,precision_weighted,recall_weighted,f1_weighted,attack_accuracy,attack_precision,attack_recall,attack_f1,confusion_matrix
1,2.830340623855591,0.4160477836689434,0.26832288201188803,0.4160477836689434,0.32624174578742815,0.5983767716205262,0.7293499329059192,0.3531503239662859,0.4758800997142336,"[[0, 10821, 0, 24747, 0], [0, 0, 0, 552, 0], [0, 0, 0, 0, 0], [0, 7261, 0, 44649, 0], [0, 8746, 0, 10541, 0]]"
2,5.597883701324463,0.4158241471528276,0.3127054453077488,0.4158241471528276,0.35696690004305154,0.7047252532217636,0.8097364778395884,0.5595682855956828,0.6617998633879781,"[[0, 15755, 0, 19813, 0], [0, 0, 0, 552, 0], [0, 0, 0, 0, 0], [0, 7285, 0, 44625, 0], [0, 15249, 0, 4038, 0]]"
3,9.387404441833496,0.2358247062441179,0.26745451270743836,0.2358247062441179,0.2506456834211804,0.561439473708732,0.5677704481201052,0.6306784341328713,0.5975733841799697,"[[0, 15029, 5309, 15230, 0], [0, 0, 102, 450, 0], [0, 0, 0, 0, 0], [0, 7271, 19331, 25308, 0], [0, 14503, 1, 4783, 0]]"
4,10.666712760925293,0.2087833241704483,0.2776467876953496,0.2087833241704483,0.2383405873371372,0.5701240250845625,0.5679095515655663,0.6998754669987547,0.6270242301255569,"[[0, 16251, 6555, 12762, 0], [0, 0, 197, 355, 0], [0, 0, 0, 0, 0], [0, 7375, 22129, 22406, 0], [0, 15773, 2, 3512, 0]]"
5,11.737340927124023,0.2272892458790313,0.288657453480954,0.2272892458790313,0.25432369273970756,0.5899997204543549,0.5858404948602561,0.7025285613731117,0.6389002872384079,"[[0, 16792, 6635, 12141, 0], [0, 0, 5, 547, 0], [0, 0, 0, 0, 0], [0, 7293, 20225, 24392, 0], [0, 15491, 2, 3794, 0]]"
