round,loss,accuracy,precision_weighted,recall_weighted,f1_weighted,attack_accuracy,attack_precision,attack_recall,attack_f1,confusion_matrix
1,0.5391486287117004,0.8083546096647347,0.7936813600115128,0.8083546096647347,0.7943723528047724,0.8248383309416873,0.3233706282763477,0.28936497934607575,0.3054241797221401,"[[205, 0, 808, 5431, 670], [47, 0, 0, 1756, 243], [0, 0, 1263, 3, 0], [969, 0, 4495, 84387, 3184], [0, 0, 1, 2960, 896]]"
