round,loss,accuracy,precision_weighted,recall_weighted,f1_weighted,attack_accuracy,attack_precision,attack_recall,attack_f1,confusion_matrix
1,1.486672043800354,0.8661454741981773,0.7502079824739856,0.8661454741981773,0.8040187572154049,0.8661454741981773,0.0,0.0,0.0,"[[0, 0, 0, 7213, 0], [0, 0, 0, 2052, 0], [0, 0, 0, 1291, 0], [0, 0, 0, 92953, 0], [0, 0, 0, 3809, 0]]"
2,1.4213001728057861,0.8661454741981773,0.7502079824739856,0.8661454741981773,0.8040187572154049,0.8661454741981773,0.0,0.0,0.0,"[[0, 0, 0, 7213, 0], [0, 0, 0, 2052, 0], [0, 0, 0, 1291, 0], [0, 0, 0, 92953, 0], [0, 0, 0, 3809, 0]]"
3,1.3300811052322388,0.8661454741981773,0.7502079824739856,0.8661454741981773,0.8040187572154049,0.8661454741981773,0.0,0.0,0.0,"[[0, 0, 0, 7213, 0], [0, 0, 0, 2052, 0], [0, 0, 0, 1291, 0], [0, 0, 0, 92953, 0], [0, 0, 0, 3809, 0]]"
4,1.190016746520996,0.8661454741981773,0.7502079824739856,0.8661454741981773,0.8040187572154049,0.8661454741981773,0.0,0.0,0.0,"[[0, 0, 0, 7213, 0], [0, 0, 0, 2052, 0], [0, 0, 0, 1291, 0], [0, 0, 0, 92953, 0], [0, 0, 0, 3809, 0]]"
5,0.985466718673706,0.8661454741981773,0.7502079824739856,0.8661454741981773,0.8040187572154049,0.8661454741981773,0.0,0.0,0.0,"[[0, 0, 0, 7213, 0], [0, 0, 0, 2052, 0], [0, 0, 0, 1291, 0], [0, 0, 0, 92953, 0], [0, 0, 0, 3809, 0]]"
