round,loss,accuracy,precision_weighted,recall_weighted,f1_weighted,attack_accuracy,attack_precision,attack_recall,attack_f1,confusion_matrix
1,3.0955223235699374,0.3758819702052508,0.22231774821315903,0.3758819702052508,0.2793890757116924,0.45478820040053064,0.4264316375924742,0.15233278955954324,0.2244765499170653,"[[0, 0, 6146, 29425, 0], [0, 0, 0, 553, 0], [0, 0, 0, 0, 0], [0, 51, 12509, 44483, 0], [0, 3192, 0, 21984, 0]]"
2,3.103164208041051,0.3660968540598092,0.22250322671042552,0.3660968540598092,0.27678464199409797,0.45709505420683944,0.4397843753828562,0.17567699836867862,0.25106368097730425,"[[0, 0, 5149, 30422, 0], [0, 0, 0, 553, 0], [0, 0, 0, 0, 0], [0, 1530, 12188, 43325, 0], [0, 5620, 0, 19556, 0]]"
