round,loss,accuracy,precision_weighted,recall_weighted,f1_weighted,attack_accuracy,attack_precision,attack_recall,attack_f1,confusion_matrix
1,0.0047338842414319515,1.0,1.0,1.0,1.0,1.0,1.0,1.0,1.0,"[[102770, 0], [0, 15575]]"
2,1.2736772987409495e-06,1.0,1.0,1.0,1.0,1.0,1.0,1.0,1.0,"[[102770, 0], [0, 15575]]"
3,9.747855074238032e-06,1.0,1.0,1.0,1.0,1.0,1.0,1.0,1.0,"[[102770, 0], [0, 15575]]"
4,0.0,1.0,1.0,1.0,1.0,1.0,1.0,1.0,1.0,"[[102770, 0], [0, 15575]]"
5,0.0,1.0,1.0,1.0,1.0,1.0,1.0,1.0,1.0,"[[102770, 0], [0, 15575]]"
6,0.0,1.0,1.0,1.0,1.0,1.0,1.0,1.0,1.0,"[[102770, 0], [0, 15575]]"
7,0.0,1.0,1.0,1.0,1.0,1.0,1.0,1.0,1.0,"[[102770, 0], [0, 15575]]"
8,0.0,1.0,1.0,1.0,1.0,1.0,1.0,1.0,1.0,"[[102770, 0], [0, 15575]]"
