round,loss,accuracy,precision_weighted,recall_weighted,f1_weighted,attack_accuracy,attack_precision,attack_recall,attack_f1,confusion_matrix
1,0.05098644644021988,0.9895897587561789,0.9901021123869347,0.9895897587561789,0.9897349350922515,0.9896658075964342,0.9377745241581259,0.9869662921348314,0.9617417962273594,"[[7084, 1, 0, 29, 0], [0, 2021, 1, 23, 0], [7, 0, 1374, 0, 0], [279, 188, 17, 101750, 536], [0, 0, 0, 151, 4884]]"
