round,loss,accuracy,precision_weighted,recall_weighted,f1_weighted,attack_accuracy,attack_precision,attack_recall,attack_f1,confusion_matrix
1,1.4292134046554565,0.8676581182136972,0.7528306101021343,0.8676581182136972,0.8061760369956483,0.8676581182136972,0.0,0.0,0.0,"[[0, 0, 0, 7173, 0], [0, 0, 0, 2045, 0], [0, 0, 0, 1354, 0], [0, 0, 0, 102683, 0], [0, 0, 0, 5090, 0]]"
2,1.4225308895111084,0.8676581182136972,0.7528306101021343,0.8676581182136972,0.8061760369956483,0.8676581182136972,0.0,0.0,0.0,"[[0, 0, 0, 7173, 0], [0, 0, 0, 2045, 0], [0, 0, 0, 1354, 0], [0, 0, 0, 102683, 0], [0, 0, 0, 5090, 0]]"
3,1.4157490730285645,0.8676581182136972,0.7528306101021343,0.8676581182136972,0.8061760369956483,0.8676581182136972,0.0,0.0,0.0,"[[0, 0, 0, 7173, 0], [0, 0, 0, 2045, 0], [0, 0, 0, 1354, 0], [0, 0, 0, 102683, 0], [0, 0, 0, 5090, 0]]"
4,1.4092814922332764,0.8676581182136972,0.7528306101021343,0.8676581182136972,0.8061760369956483,0.8676581182136972,0.0,0.0,0.0,"[[0, 0, 0, 7173, 0], [0, 0, 0, 2045, 0], [0, 0, 0, 1354, 0], [0, 0, 0, 102683, 0], [0, 0, 0, 5090, 0]]"
5,1.4026144742965698,0.8676581182136972,0.7528306101021343,0.8676581182136972,0.8061760369956483,0.8676581182136972,0.0,0.0,0.0,"[[0, 0, 0, 7173, 0], [0, 0, 0, 2045, 0], [0, 0, 0, 1354, 0], [0, 0, 0, 102683, 0], [0, 0, 0, 5090, 0]]"
