round,loss,accuracy,precision_weighted,recall_weighted,f1_weighted,attack_accuracy,attack_precision,attack_recall,attack_f1,confusion_matrix
1,4.351503372192383,0.4820185222740485,0.2323418558152574,0.4820185222740485,0.3135478434625039,0.4820185222740485,0.0,0.0,0.0,"[[0, 0, 0, 35571, 0], [0, 0, 0, 553, 0], [0, 0, 0, 0, 0], [0, 0, 0, 57044, 0], [0, 0, 0, 25176, 0]]"
2,7.951903820037842,0.4820185222740485,0.2323418558152574,0.4820185222740485,0.3135478434625039,0.4820185222740485,0.0,0.0,0.0,"[[0, 0, 0, 35571, 0], [0, 0, 0, 553, 0], [0, 0, 0, 0, 0], [0, 0, 0, 57044, 0], [0, 0, 0, 25176, 0]]"
3,10.41927433013916,0.45529135401879267,0.23680762987260437,0.45529135401879267,0.3115637183585217,0.5018251875887244,0.6351787773933103,0.089836867862969,0.15741031870801772,"[[0, 0, 0, 35571, 0], [0, 0, 0, 553, 0], [0, 0, 0, 0, 0], [0, 2803, 360, 53881, 0], [0, 5507, 0, 19669, 0]]"
4,11.223128318786621,0.3157912526194822,0.20742698156975925,0.3157912526194822,0.2503873988202815,0.4157287230446833,0.3754722372138798,0.19293637846655792,0.25489498809254413,"[[0, 0, 7663, 27908, 0], [0, 0, 0, 553, 0], [0, 0, 0, 0, 0], [0, 1449, 18223, 37372, 0], [0, 4164, 0, 21012, 0]]"
5,13.67095947265625,0.3019079970256202,0.23559561945731164,0.3019079970256202,0.26466129490916956,0.5041066720746299,0.5288878083281761,0.3903588907014682,0.4491853131100766,"[[0, 6865, 12964, 15742, 0], [0, 0, 0, 553, 0], [0, 0, 0, 0, 0], [0, 1872, 19443, 35729, 0], [0, 4100, 0, 21076, 0]]"
