round,loss,accuracy,precision_weighted,recall_weighted,f1_weighted,attack_accuracy,attack_precision,attack_recall,attack_f1,confusion_matrix
1,1.4188666343688965,0.8676581182136972,0.7528306101021343,0.8676581182136972,0.8061760369956483,0.8676581182136972,0.0,0.0,0.0,"[[0, 0, 0, 7173, 0], [0, 0, 0, 2045, 0], [0, 0, 0, 1354, 0], [0, 0, 0, 102683, 0], [0, 0, 0, 5090, 0]]"
2,1.3201963901519775,0.8676581182136972,0.7528306101021343,0.8676581182136972,0.8061760369956483,0.8676581182136972,0.0,0.0,0.0,"[[0, 0, 0, 7173, 0], [0, 0, 0, 2045, 0], [0, 0, 0, 1354, 0], [0, 0, 0, 102683, 0], [0, 0, 0, 5090, 0]]"
3,1.122416377067566,0.8676581182136972,0.7528306101021343,0.8676581182136972,0.8061760369956483,0.8676581182136972,0.0,0.0,0.0,"[[0, 0, 0, 7173, 0], [0, 0, 0, 2045, 0], [0, 0, 0, 1354, 0], [0, 0, 0, 102683, 0], [0, 0, 0, 5090, 0]]"
4,0.8110237121582031,0.8676581182136972,0.7528306101021343,0.8676581182136972,0.8061760369956483,0.8676581182136972,0.0,0.0,0.0,"[[0, 0, 0, 7173, 0], [0, 0, 0, 2045, 0], [0, 0, 0, 1354, 0], [0, 0, 0, 102683, 0], [0, 0, 0, 5090, 0]]"
5,0.531927227973938,0.8676581182136972,0.7528306101021343,0.8676581182136972,0.8061760369956483,0.8676581182136972,0.0,0.0,0.0,"[[0, 0, 0, 7173, 0], [0, 0, 0, 2045, 0], [0, 0, 0, 1354, 0], [0, 0, 0, 102683, 0], [0, 0, 0, 5090, 0]]"
