round,loss,accuracy,precision_weighted,recall_weighted,f1_weighted,attack_accuracy,attack_precision,attack_recall,attack_f1,confusion_matrix
1,1.5215919017791748,0.8676581182136972,0.7528306101021343,0.8676581182136972,0.8061760369956483,0.8676581182136972,0.0,0.0,0.0,"[[0, 0, 0, 7173, 0], [0, 0, 0, 2045, 0], [0, 0, 0, 1354, 0], [0, 0, 0, 102683, 0], [0, 0, 0, 5090, 0]]"
2,1.4969996213912964,0.8676581182136972,0.7528306101021343,0.8676581182136972,0.8061760369956483,0.8676581182136972,0.0,0.0,0.0,"[[0, 0, 0, 7173, 0], [0, 0, 0, 2045, 0], [0, 0, 0, 1354, 0], [0, 0, 0, 102683, 0], [0, 0, 0, 5090, 0]]"
3,1.4666962623596191,0.8676581182136972,0.7528306101021343,0.8676581182136972,0.8061760369956483,0.8676581182136972,0.0,0.0,0.0,"[[0, 0, 0, 7173, 0], [0, 0, 0, 2045, 0], [0, 0, 0, 1354, 0], [0, 0, 0, 102683, 0], [0, 0, 0, 5090, 0]]"
4,1.412374496459961,0.8676581182136972,0.7528306101021343,0.8676581182136972,0.8061760369956483,0.8676581182136972,0.0,0.0,0.0,"[[0, 0, 0, 7173, 0], [0, 0, 0, 2045, 0], [0, 0, 0, 1354, 0], [0, 0, 0, 102683, 0], [0, 0, 0, 5090, 0]]"
5,1.3130484819412231,0.8676581182136972,0.7528306101021343,0.8676581182136972,0.8061760369956483,0.8676581182136972,0.0,0.0,0.0,"[[0, 0, 0, 7173, 0], [0, 0, 0, 2045, 0], [0, 0, 0, 1354, 0], [0, 0, 0, 102683, 0], [0, 0, 0, 5090, 0]]"
