round,loss,accuracy,precision_weighted,recall_weighted,f1_weighted,attack_accuracy,attack_precision,attack_recall,attack_f1,confusion_matrix
1,5.340144634246826,0.06011238328615488,0.007717870647326353,0.06011238328615488,0.013679429800160129,0.1316067429971693,0.1316067429971693,1.0,0.23260155316606929,"[[7114, 0, 0, 0, 0], [1411, 0, 634, 0, 0], [1381, 0, 0, 0, 0], [42848, 0, 59922, 0, 0], [2655, 0, 2380, 0, 0]]"
2,8.343276977539062,0.06096582027124087,0.026027715602766024,0.06096582027124087,0.03606303298069262,0.1316067429971693,0.1316067429971693,1.0,0.23260155316606929,"[[6925, 0, 189, 0, 0], [0, 0, 2045, 0, 0], [1091, 0, 290, 0, 0], [7998, 0, 94772, 0, 0], [0, 0, 5035, 0, 0]]"
3,7.219568252563477,0.09185009928598589,0.6867106449811679,0.09185009928598589,0.10884896950096906,0.1594406185305674,0.12546537269992053,0.9022792937399678,0.22029753413490932,"[[4681, 0, 2433, 0, 0], [0, 0, 1913, 132, 0], [8, 0, 1373, 0, 0], [5852, 0, 92102, 4816, 0], [0, 0, 3645, 1390, 0]]"
4,7.1510186195373535,0.09003337699100089,0.7750493506654572,0.09003337699100089,0.09908795317613803,0.15646626388947568,0.1309710481363059,0.9599357945425361,0.23049410313728513,"[[4632, 0, 2482, 0, 0], [0, 0, 1913, 0, 132], [0, 0, 1381, 0, 0], [5774, 0, 89586, 3566, 3844], [0, 0, 3335, 624, 1076]]"
5,5.993307113647461,0.09026152351176644,0.7801078673968209,0.09026152351176644,0.0921041251968201,0.15312856478938697,0.1312855002265045,0.9675762439807384,0.23120057071408298,"[[5023, 0, 2090, 1, 0], [0, 0, 1913, 0, 132], [0, 0, 1381, 0, 0], [6178, 0, 88279, 3052, 5261], [0, 0, 3305, 504, 1226]]"
