round,loss,accuracy,precision_weighted,recall_weighted,f1_weighted,attack_accuracy,attack_precision,attack_recall,attack_f1,confusion_matrix
1,0.6325094103813171,0.6702522286535131,0.8142139422916767,0.6702522286535131,0.720421329961045,0.6702522286535131,0.2062191485629808,0.5284109149277688,0.2966621007858121,"[[71091, 31679], [7345, 8230]]"
2,0.6308870911598206,0.4030926528370442,0.89166461460926,0.4030926528370442,0.4540149979519964,0.4030926528370442,0.1805175214666976,0.9988443017656501,0.30577367205542727,"[[32147, 70623], [18, 15557]]"
3,0.3558640480041504,0.817930626557945,0.9208429110278841,0.817930626557945,0.8442555417432609,0.817930626557945,0.4184776673583051,0.9841412520064206,0.5872459437197096,"[[81470, 21300], [247, 15328]]"
4,0.2760787308216095,0.7510498964890785,0.9138808985418033,0.7510498964890785,0.7907256211666494,0.7510498964890785,0.34581307041502896,0.9998715890850722,0.513892555438226,"[[73310, 29460], [2, 15573]]"
5,0.28710103034973145,0.7851620262790993,0.918315786675226,0.7851620262790993,0.8182688636643674,0.7851620262790993,0.37984288084317364,0.9996147672552167,0.5505012110390184,"[[77351, 25419], [6, 15569]]"
6,0.19618257880210876,0.8311124255355106,0.9256060619880736,0.8311124255355106,0.854982240216592,0.8311124255355106,0.4378311351595085,0.9974959871589085,0.6085508921052116,"[[82822, 19948], [39, 15536]]"
7,0.16127043962478638,0.8528539439773544,0.930310142778524,0.8528539439773544,0.8724024012375222,0.8528539439773544,0.47209154095972317,0.9986516853932584,0.6411112485058325,"[[85377, 17393], [21, 15554]]"
8,0.14901642501354218,0.8377455743799908,0.9270966074220119,0.8377455743799908,0.8603009911428616,0.8377455743799908,0.4477874067889327,0.9985874799357946,0.6183112029895842,"[[83590, 19180], [22, 15553]]"
