round,loss,accuracy,precision_weighted,recall_weighted,f1_weighted,attack_accuracy,attack_precision,attack_recall,attack_f1,confusion_matrix
1,0.30087369680404663,0.9285478896446829,0.9314097391152819,0.9285478896446829,0.917590125242919,0.9285478896446829,0.968293645572951,0.4725521669341894,0.6351397997928891,"[[102529, 241], [8215, 7360]]"
2,0.3315330743789673,0.9262748743081668,0.9288226272317243,0.9262748743081668,0.9146286410786287,0.9262748743081668,0.9609690444145357,0.4584269662921348,0.6207346229080635,"[[102480, 290], [8435, 7140]]"
3,0.3295951187610626,0.9450842874646161,0.9427803047718664,0.9450842874646161,0.9421285551400987,0.9450842874646161,0.8739288068556361,0.6809630818619583,0.7654721951571578,"[[101240, 1530], [4969, 10606]]"
4,0.6324998140335083,0.7942625374963032,0.9197128737438094,0.7942625374963032,0.8255681982332699,0.7942625374963032,0.39011498284025153,0.9998715890850722,0.5612498648502541,"[[78424, 24346], [2, 15573]]"
5,0.2335411161184311,0.9644682918585492,0.9663763809059007,0.9644682918585492,0.9651430858781139,0.9644682918585492,0.8334310850439882,0.9123595505617977,0.8711111111111111,"[[99930, 2840], [1365, 14210]]"
6,0.16820542514324188,0.9421775317926402,0.9415142919638216,0.9421775317926402,0.9368608342153116,0.9421775317926402,0.9288801571709234,0.6071268057784912,0.7343040186371579,"[[102046, 724], [6119, 9456]]"
7,0.1245703250169754,0.9723266720182517,0.9723594580153851,0.9723266720182517,0.9712435991913281,0.9723266720182517,0.9736598890942699,0.8116853932584269,0.8853251164256452,"[[102428, 342], [2933, 12642]]"
8,0.10137733817100525,0.9663441632515104,0.9665095259169147,0.9663441632515104,0.9646238490929862,0.9663441632515104,0.9716796875,0.7666131621187801,0.8570505688547536,"[[102422, 348], [3635, 11940]]"
