round,loss,accuracy,precision_weighted,recall_weighted,f1_weighted,attack_accuracy,attack_precision,attack_recall,attack_f1,confusion_matrix
1,1.4813693634957574,0.3468164663125524,0.7293442935031139,0.3468164663125524,0.4621404755544268,0.4025545149566676,0.11662710588780177,0.5229072031148605,0.1907173794703084,"[[839, 0, 0, 3676, 3190], [0, 0, 0, 0, 0], [0, 0, 0, 0, 0], [26085, 0, 908, 19010, 3524], [0, 0, 0, 0, 0]]"
2,1.3868609474462004,0.35228543472183393,0.727286594539008,0.35228543472183393,0.4608204679265628,0.3963866368465194,0.11349825763902889,0.5114860480207657,0.18577354577166022,"[[1417, 0, 0, 3764, 2524], [0, 0, 0, 0, 0], [0, 0, 0, 0, 0], [27385, 0, 613, 18745, 2784], [0, 0, 0, 0, 0]]"
