round,loss,accuracy,precision_weighted,recall_weighted,f1_weighted,attack_accuracy,attack_precision,attack_recall,attack_f1,confusion_matrix
1,1.0404236316680908,0.7988188426055354,0.7405630686731248,0.7988188426055354,0.7685886511456893,0.7988188426055354,0.0,0.0,0.0,"[[0, 0, 0, 7705, 0], [0, 0, 0, 0, 0], [0, 0, 0, 0, 0], [3809, 0, 0, 45718, 0], [0, 0, 0, 0, 0]]"
2,0.946593701839447,0.6688565837293822,0.7203753402710691,0.6688565837293822,0.6936606923185591,0.6688565837293822,0.0,0.0,0.0,"[[0, 0, 0, 7705, 0], [0, 0, 0, 0, 0], [0, 0, 0, 0, 0], [11247, 0, 0, 38280, 0], [0, 0, 0, 0, 0]]"
3,0.9516676664352417,0.6329675705898797,0.8378848563333395,0.6329675705898797,0.6950859202734382,0.6329675705898797,0.22318418314255983,0.6959117456197275,0.3379766782225024,"[[5362, 0, 0, 2343, 0], [0, 0, 0, 0, 0], [0, 0, 0, 0, 0], [16141, 0, 0, 30864, 2522], [0, 0, 0, 0, 0]]"
4,1.0536407232284546,0.41384190662566395,0.8605121868123482,0.41384190662566395,0.5549958425266891,0.5363433044450657,0.22155847996451278,0.972355613238157,0.3608863198458574,"[[481, 0, 0, 213, 7011], [0, 0, 0, 0, 0], [0, 0, 0, 0, 0], [21025, 0, 2262, 23204, 3036], [0, 0, 0, 0, 0]]"
5,1.2137969732284546,0.225188705619234,0.8522949774181668,0.225188705619234,0.35621154484199347,0.35630416550181715,0.17003782645133525,0.9743024010382868,0.289543718903074,"[[3, 0, 0, 198, 7504], [0, 0, 0, 0, 0], [0, 0, 0, 0, 0], [21109, 0, 4109, 12885, 11424], [0, 0, 0, 0, 0]]"
