round,loss,accuracy,precision_weighted,recall_weighted,f1_weighted,attack_accuracy,attack_precision,attack_recall,attack_f1,confusion_matrix
1,1.0440431833267212,0.6738769590970245,0.6138436846870376,0.6738769590970245,0.636757905590029,0.698443205842783,0.2564890348553872,0.19120202179750434,0.21908510927107372,"[[0, 0, 1406, 6596, 0], [0, 0, 0, 0, 0], [0, 0, 1015, 22, 0], [0, 0, 7018, 37553, 0], [0, 0, 0, 3623, 0]]"
2,0.814963161945343,0.7304002935369455,0.6111583978905504,0.7304002935369455,0.6642993864815614,0.7438365977670225,0.2689017341040462,0.09184962881061444,0.1369282392417731,"[[0, 0, 769, 7233, 0], [0, 0, 0, 0, 0], [0, 0, 394, 643, 0], [0, 0, 3162, 41409, 0], [0, 0, 0, 3623, 0]]"
3,0.7774296998977661,0.7625146331661804,0.6610356117156957,0.7625146331661804,0.6800477681506523,0.7675991124001887,0.3083383323335333,0.04059390301690096,0.0717426198618187,"[[74, 0, 257, 7667, 4], [0, 0, 0, 0, 0], [0, 0, 148, 889, 0], [122, 0, 1023, 43418, 8], [30, 0, 0, 3592, 1]]"
4,0.6816002130508423,0.7773487323746789,0.6199175092420532,0.7773487323746789,0.6826370233680675,0.7782922439851134,0.43349753694581283,0.006949928921181488,0.013680528565876409,"[[0, 0, 5, 7948, 49], [0, 0, 0, 0, 0], [0, 0, 2, 1035, 0], [0, 0, 14, 44456, 101], [0, 0, 0, 3591, 32]]"
5,0.7237654328346252,0.7787639997903307,0.6064839641224286,0.7787639997903307,0.6819109502599104,0.778781472227561,1.0,7.8976465013426e-05,0.00015794045644791914,"[[0, 0, 1, 8001, 0], [0, 0, 0, 0, 0], [0, 0, 0, 1037, 0], [0, 0, 0, 44571, 0], [0, 0, 0, 3623, 0]]"
