round,sample_idx,true_class_idx,pred_class_idx,true_attack_type,pred_attack_type,true_is_attack,pred_is_attack
1,0,4,4,password,password,1,1
1,1,3,3,normal,normal,0,0
1,2,3,3,normal,normal,0,0
1,3,0,0,backdoor,backdoor,1,1
1,4,3,3,normal,normal,0,0
1,5,3,3,normal,normal,0,0
1,6,2,2,injection,injection,1,1
1,7,3,3,normal,normal,0,0
1,8,4,4,password,password,1,1
1,9,3,3,normal,normal,0,0
1,10,0,0,backdoor,backdoor,1,1
1,11,2,2,injection,injection,1,1
1,12,3,3,normal,normal,0,0
1,13,2,2,injection,injection,1,1
1,14,2,2,injection,injection,1,1
1,15,3,3,normal,normal,0,0
1,16,2,2,injection,injection,1,1
1,17,3,3,normal,normal,0,0
1,18,4,4,password,password,1,1
1,19,0,0,backdoor,backdoor,1,1
1,20,3,3,normal,normal,0,0
1,21,4,4,password,password,1,1
1,22,4,4,password,password,1,1
1,23,3,3,normal,normal,0,0
1,24,3,3,normal,normal,0,0
1,25,3,3,normal,normal,0,0
1,26,2,2,injection,injection,1,1
1,27,2,2,injection,injection,1,1
1,28,3,3,normal,normal,0,0
1,29,2,2,injection,injection,1,1
1,30,3,3,normal,normal,0,0
1,31,3,3,normal,normal,0,0
1,32,3,3,normal,normal,0,0
1,33,3,3,normal,normal,0,0
1,34,4,4,password,password,1,1
1,35,3,3,normal,normal,0,0
1,36,0,2,backdoor,injection,1,1
1,37,2,2,injection,injection,1,1
1,38,3,3,normal,normal,0,0
1,39,2,2,injection,injection,1,1
1,40,2,2,injection,injection,1,1
1,41,0,0,backdoor,backdoor,1,1
1,42,2,2,injection,injection,1,1
1,43,4,4,password,password,1,1
1,44,0,0,backdoor,backdoor,1,1
1,45,3,3,normal,normal,0,0
1,46,2,2,injection,injection,1,1
1,47,4,4,password,password,1,1
1,48,3,3,normal,normal,0,0
1,49,3,3,normal,normal,0,0
1,50,4,4,password,password,1,1
1,51,4,4,password,password,1,1
1,52,4,4,password,password,1,1
1,53,4,4,password,password,1,1
1,54,3,3,normal,normal,0,0
1,55,4,4,password,password,1,1
1,56,4,4,password,password,1,1
1,57,0,0,backdoor,backdoor,1,1
1,58,4,4,password,password,1,1
1,59,4,4,password,password,1,1
1,60,3,3,normal,normal,0,0
1,61,3,3,normal,normal,0,0
1,62,0,0,backdoor,backdoor,1,1
1,63,2,2,injection,injection,1,1
1,64,0,2,backdoor,injection,1,1
1,65,3,3,normal,normal,0,0
1,66,4,4,password,password,1,1
1,67,3,3,normal,normal,0,0
1,68,3,3,normal,normal,0,0
1,69,3,3,normal,normal,0,0
1,70,2,2,injection,injection,1,1
1,71,0,2,backdoor,injection,1,1
1,72,3,3,normal,normal,0,0
1,73,3,3,normal,normal,0,0
1,74,3,3,normal,normal,0,0
1,75,2,2,injection,injection,1,1
1,76,3,3,normal,normal,0,0
1,77,0,0,backdoor,backdoor,1,1
1,78,3,3,normal,normal,0,0
1,79,3,3,normal,normal,0,0
1,80,4,4,password,password,1,1
1,81,3,3,normal,normal,0,0
1,82,4,4,password,password,1,1
1,83,3,3,normal,normal,0,0
1,84,3,3,normal,normal,0,0
1,85,2,2,injection,injection,1,1
1,86,3,3,normal,normal,0,0
1,87,3,3,normal,normal,0,0
1,88,3,3,normal,normal,0,0
1,89,2,2,injection,injection,1,1
1,90,3,3,normal,normal,0,0
1,91,2,2,injection,injection,1,1
1,92,2,2,injection,injection,1,1
1,93,3,3,normal,normal,0,0
1,94,4,4,password,password,1,1
1,95,3,3,normal,normal,0,0
1,96,4,4,password,password,1,1
1,97,3,3,normal,normal,0,0
1,98,2,2,injection,injection,1,1
1,99,0,0,backdoor,backdoor,1,1
1,100,3,3,normal,normal,0,0
1,101,3,3,normal,normal,0,0
1,102,0,2,backdoor,injection,1,1
1,103,3,3,normal,normal,0,0
1,104,4,4,password,password,1,1
1,105,2,2,injection,injection,1,1
1,106,3,3,normal,normal,0,0
1,107,2,2,injection,injection,1,1
1,108,2,2,injection,injection,1,1
1,109,3,3,normal,normal,0,0
1,110,3,3,normal,normal,0,0
1,111,4,4,password,password,1,1
1,112,3,3,normal,normal,0,0
1,113,3,3,normal,normal,0,0
1,114,3,3,normal,normal,0,0
1,115,4,4,password,password,1,1
1,116,3,3,normal,normal,0,0
1,117,4,4,password,password,1,1
1,118,3,3,normal,normal,0,0
1,119,3,3,normal,normal,0,0
1,120,0,0,backdoor,backdoor,1,1
1,121,3,3,normal,normal,0,0
1,122,0,2,backdoor,injection,1,1
1,123,3,3,normal,normal,0,0
1,124,2,2,injection,injection,1,1
1,125,2,0,injection,backdoor,1,1
1,126,3,3,normal,normal,0,0
1,127,2,2,injection,injection,1,1
1,128,4,4,password,password,1,1
1,129,0,0,backdoor,backdoor,1,1
1,130,4,4,password,password,1,1
1,131,2,2,injection,injection,1,1
1,132,3,3,normal,normal,0,0
1,133,2,2,injection,injection,1,1
1,134,3,3,normal,normal,0,0
1,135,2,2,injection,injection,1,1
1,136,3,3,normal,normal,0,0
1,137,3,3,normal,normal,0,0
1,138,3,3,normal,normal,0,0
1,139,2,2,injection,injection,1,1
1,140,0,0,backdoor,backdoor,1,1
1,141,0,0,backdoor,backdoor,1,1
1,142,3,3,normal,normal,0,0
1,143,4,4,password,password,1,1
1,144,2,2,injection,injection,1,1
1,145,3,3,normal,normal,0,0
1,146,3,3,normal,normal,0,0
1,147,3,3,normal,normal,0,0
1,148,3,3,normal,normal,0,0
1,149,0,2,backdoor,injection,1,1
1,150,4,4,password,password,1,1
1,151,3,3,normal,normal,0,0
1,152,3,3,normal,normal,0,0
1,153,4,4,password,password,1,1
1,154,0,0,backdoor,backdoor,1,1
1,155,3,3,normal,normal,0,0
1,156,3,3,normal,normal,0,0
1,157,3,3,normal,normal,0,0
1,158,0,0,backdoor,backdoor,1,1
1,159,3,3,normal,normal,0,0
1,160,4,4,password,password,1,1
1,161,3,3,normal,normal,0,0
1,162,4,4,password,password,1,1
1,163,3,3,normal,normal,0,0
1,164,0,0,backdoor,backdoor,1,1
1,165,0,2,backdoor,injection,1,1
1,166,0,0,backdoor,backdoor,1,1
1,167,2,2,injection,injection,1,1
1,168,3,3,normal,normal,0,0
1,169,0,0,backdoor,backdoor,1,1
1,170,4,4,password,password,1,1
1,171,4,4,password,password,1,1
1,172,0,0,backdoor,backdoor,1,1
1,173,0,2,backdoor,injection,1,1
1,174,3,3,normal,normal,0,0
1,175,4,4,password,password,1,1
1,176,3,3,normal,normal,0,0
1,177,2,2,injection,injection,1,1
1,178,4,4,password,password,1,1
1,179,4,4,password,password,1,1
1,180,2,2,injection,injection,1,1
1,181,3,3,normal,normal,0,0
1,182,3,3,normal,normal,0,0
1,183,2,2,injection,injection,1,1
1,184,2,0,injection,backdoor,1,1
1,185,0,0,backdoor,backdoor,1,1
1,186,3,3,normal,normal,0,0
1,187,3,3,normal,normal,0,0
1,188,4,4,password,password,1,1
1,189,0,0,backdoor,backdoor,1,1
1,190,3,3,normal,normal,0,0
1,191,0,0,backdoor,backdoor,1,1
1,192,3,3,normal,normal,0,0
1,193,3,3,normal,normal,0,0
1,194,3,3,normal,normal,0,0
1,195,3,3,normal,normal,0,0
1,196,0,0,backdoor,backdoor,1,1
1,197,3,3,normal,normal,0,0
1,198,3,3,normal,normal,0,0
1,199,3,3,normal,normal,0,0
1,200,2,2,injection,injection,1,1
1,201,3,3,normal,normal,0,0
1,202,3,3,normal,normal,0,0
1,203,3,3,normal,normal,0,0
1,204,3,3,normal,normal,0,0
1,205,3,3,normal,normal,0,0
1,206,0,0,backdoor,backdoor,1,1
1,207,4,4,password,password,1,1
1,208,4,4,password,password,1,1
1,209,3,3,normal,normal,0,0
1,210,3,3,normal,normal,0,0
1,211,3,3,normal,normal,0,0
1,212,3,3,normal,normal,0,0
1,213,3,3,normal,normal,0,0
1,214,2,2,injection,injection,1,1
1,215,3,3,normal,normal,0,0
1,216,2,2,injection,injection,1,1
1,217,4,4,password,password,1,1
1,218,3,3,normal,normal,0,0
1,219,2,2,injection,injection,1,1
1,220,2,2,injection,injection,1,1
1,221,2,2,injection,injection,1,1
1,222,2,2,injection,injection,1,1
1,223,3,3,normal,normal,0,0
1,224,3,3,normal,normal,0,0
1,225,4,4,password,password,1,1
1,226,3,3,normal,normal,0,0
1,227,2,2,injection,injection,1,1
1,228,0,0,backdoor,backdoor,1,1
1,229,0,2,backdoor,injection,1,1
1,230,3,3,normal,normal,0,0
1,231,4,4,password,password,1,1
1,232,0,0,backdoor,backdoor,1,1
1,233,4,4,password,password,1,1
1,234,3,3,normal,normal,0,0
1,235,0,0,backdoor,backdoor,1,1
1,236,3,3,normal,normal,0,0
1,237,3,3,normal,normal,0,0
1,238,3,3,normal,normal,0,0
1,239,3,3,normal,normal,0,0
1,240,3,3,normal,normal,0,0
1,241,3,3,normal,normal,0,0
1,242,3,3,normal,normal,0,0
1,243,0,0,backdoor,backdoor,1,1
1,244,3,3,normal,normal,0,0
1,245,3,3,normal,normal,0,0
1,246,0,2,backdoor,injection,1,1
1,247,2,2,injection,injection,1,1
1,248,4,4,password,password,1,1
1,249,3,3,normal,normal,0,0
1,250,3,3,normal,normal,0,0
1,251,2,2,injection,injection,1,1
1,252,4,4,password,password,1,1
1,253,3,3,normal,normal,0,0
1,254,0,0,backdoor,backdoor,1,1
1,255,2,2,injection,injection,1,1
1,256,4,4,password,password,1,1
1,257,0,2,backdoor,injection,1,1
1,258,3,3,normal,normal,0,0
1,259,0,2,backdoor,injection,1,1
1,260,3,3,normal,normal,0,0
1,261,0,0,backdoor,backdoor,1,1
1,262,3,3,normal,normal,0,0
1,263,3,3,normal,normal,0,0
1,264,3,3,normal,normal,0,0
1,265,0,0,backdoor,backdoor,1,1
1,266,2,2,injection,injection,1,1
1,267,3,3,normal,normal,0,0
1,268,3,3,normal,normal,0,0
1,269,2,2,injection,injection,1,1
1,270,3,3,normal,normal,0,0
1,271,3,3,normal,normal,0,0
1,272,3,3,normal,normal,0,0
1,273,0,0,backdoor,backdoor,1,1
1,274,4,4,password,password,1,1
1,275,3,3,normal,normal,0,0
1,276,0,0,backdoor,backdoor,1,1
1,277,3,3,normal,normal,0,0
1,278,3,3,normal,normal,0,0
1,279,3,3,normal,normal,0,0
1,280,0,2,backdoor,injection,1,1
1,281,4,4,password,password,1,1
1,282,3,3,normal,normal,0,0
1,283,3,3,normal,normal,0,0
1,284,3,3,normal,normal,0,0
1,285,2,2,injection,injection,1,1
1,286,3,3,normal,normal,0,0
1,287,4,4,password,password,1,1
1,288,3,3,normal,normal,0,0
1,289,3,3,normal,normal,0,0
1,290,3,3,normal,normal,0,0
1,291,3,3,normal,normal,0,0
1,292,4,4,password,password,1,1
1,293,4,4,password,password,1,1
1,294,3,3,normal,normal,0,0
1,295,0,2,backdoor,injection,1,1
1,296,0,0,backdoor,backdoor,1,1
1,297,4,4,password,password,1,1
1,298,2,2,injection,injection,1,1
1,299,4,4,password,password,1,1
1,300,3,3,normal,normal,0,0
1,301,2,2,injection,injection,1,1
1,302,3,3,normal,normal,0,0
1,303,0,0,backdoor,backdoor,1,1
1,304,3,3,normal,normal,0,0
1,305,4,4,password,password,1,1
1,306,2,2,injection,injection,1,1
1,307,3,3,normal,normal,0,0
1,308,3,3,normal,normal,0,0
1,309,3,3,normal,normal,0,0
1,310,2,2,injection,injection,1,1
1,311,2,2,injection,injection,1,1
1,312,4,4,password,password,1,1
1,313,3,3,normal,normal,0,0
1,314,0,2,backdoor,injection,1,1
1,315,4,4,password,password,1,1
1,316,4,4,password,password,1,1
1,317,3,3,normal,normal,0,0
1,318,3,3,normal,normal,0,0
1,319,3,3,normal,normal,0,0
1,320,3,3,normal,normal,0,0
1,321,2,2,injection,injection,1,1
1,322,3,3,normal,normal,0,0
1,323,3,3,normal,normal,0,0
1,324,2,2,injection,injection,1,1
1,325,3,3,normal,normal,0,0
1,326,3,3,normal,normal,0,0
1,327,4,4,password,password,1,1
1,328,0,0,backdoor,backdoor,1,1
1,329,0,0,backdoor,backdoor,1,1
1,330,3,3,normal,normal,0,0
1,331,3,3,normal,normal,0,0
1,332,0,0,backdoor,backdoor,1,1
1,333,0,0,backdoor,backdoor,1,1
1,334,4,4,password,password,1,1
1,335,4,4,password,password,1,1
1,336,3,3,normal,normal,0,0
1,337,0,0,backdoor,backdoor,1,1
1,338,2,2,injection,injection,1,1
1,339,2,2,injection,injection,1,1
1,340,3,3,normal,normal,0,0
1,341,3,3,normal,normal,0,0
1,342,2,2,injection,injection,1,1
1,343,3,3,normal,normal,0,0
1,344,0,2,backdoor,injection,1,1
1,345,3,3,normal,normal,0,0
1,346,3,3,normal,normal,0,0
1,347,3,3,normal,normal,0,0
1,348,2,2,injection,injection,1,1
1,349,2,2,injection,injection,1,1
1,350,3,3,normal,normal,0,0
1,351,2,2,injection,injection,1,1
1,352,4,4,password,password,1,1
1,353,4,4,password,password,1,1
1,354,4,4,password,password,1,1
1,355,0,0,backdoor,backdoor,1,1
1,356,3,3,normal,normal,0,0
1,357,3,3,normal,normal,0,0
1,358,3,3,normal,normal,0,0
1,359,3,3,normal,normal,0,0
1,360,2,2,injection,injection,1,1
1,361,3,3,normal,normal,0,0
1,362,4,4,password,password,1,1
1,363,3,3,normal,normal,0,0
1,364,3,3,normal,normal,0,0
1,365,2,2,injection,injection,1,1
1,366,3,3,normal,normal,0,0
1,367,3,3,normal,normal,0,0
1,368,3,3,normal,normal,0,0
1,369,3,3,normal,normal,0,0
1,370,3,3,normal,normal,0,0
1,371,4,4,password,password,1,1
1,372,3,3,normal,normal,0,0
1,373,3,3,normal,normal,0,0
1,374,0,0,backdoor,backdoor,1,1
1,375,4,4,password,password,1,1
1,376,0,0,backdoor,backdoor,1,1
1,377,0,0,backdoor,backdoor,1,1
1,378,2,2,injection,injection,1,1
1,379,3,3,normal,normal,0,0
1,380,0,2,backdoor,injection,1,1
1,381,3,3,normal,normal,0,0
1,382,3,3,normal,normal,0,0
1,383,3,3,normal,normal,0,0
1,384,0,3,backdoor,normal,1,0
1,385,0,0,backdoor,backdoor,1,1
1,386,3,3,normal,normal,0,0
1,387,0,0,backdoor,backdoor,1,1
1,388,3,3,normal,normal,0,0
1,389,3,3,normal,normal,0,0
1,390,3,3,normal,normal,0,0
1,391,4,4,password,password,1,1
1,392,0,0,backdoor,backdoor,1,1
1,393,3,3,normal,normal,0,0
1,394,0,0,backdoor,backdoor,1,1
1,395,4,4,password,password,1,1
1,396,3,3,normal,normal,0,0
1,397,3,3,normal,normal,0,0
1,398,0,0,backdoor,backdoor,1,1
1,399,3,3,normal,normal,0,0
1,400,3,3,normal,normal,0,0
1,401,4,4,password,password,1,1
1,402,0,2,backdoor,injection,1,1
1,403,3,3,normal,normal,0,0
1,404,4,4,password,password,1,1
1,405,3,3,normal,normal,0,0
1,406,2,2,injection,injection,1,1
1,407,3,3,normal,normal,0,0
1,408,0,0,backdoor,backdoor,1,1
1,409,0,0,backdoor,backdoor,1,1
1,410,4,4,password,password,1,1
1,411,0,0,backdoor,backdoor,1,1
1,412,0,3,backdoor,normal,1,0
1,413,3,3,normal,normal,0,0
1,414,3,3,normal,normal,0,0
1,415,0,2,backdoor,injection,1,1
1,416,2,2,injection,injection,1,1
1,417,3,3,normal,normal,0,0
1,418,3,3,normal,normal,0,0
1,419,3,3,normal,normal,0,0
1,420,0,0,backdoor,backdoor,1,1
1,421,2,2,injection,injection,1,1
1,422,0,0,backdoor,backdoor,1,1
1,423,2,2,injection,injection,1,1
1,424,0,0,backdoor,backdoor,1,1
1,425,4,4,password,password,1,1
1,426,3,3,normal,normal,0,0
1,427,3,3,normal,normal,0,0
1,428,4,4,password,password,1,1
1,429,3,3,normal,normal,0,0
1,430,3,3,normal,normal,0,0
1,431,3,3,normal,normal,0,0
1,432,4,4,password,password,1,1
1,433,3,3,normal,normal,0,0
1,434,3,3,normal,normal,0,0
1,435,4,4,password,password,1,1
1,436,3,3,normal,normal,0,0
1,437,3,3,normal,normal,0,0
1,438,3,3,normal,normal,0,0
1,439,3,3,normal,normal,0,0
1,440,2,2,injection,injection,1,1
1,441,3,3,normal,normal,0,0
1,442,3,3,normal,normal,0,0
1,443,0,0,backdoor,backdoor,1,1
1,444,0,3,backdoor,normal,1,0
1,445,3,3,normal,normal,0,0
1,446,4,4,password,password,1,1
1,447,3,3,normal,normal,0,0
1,448,3,3,normal,normal,0,0
1,449,0,0,backdoor,backdoor,1,1
1,450,3,3,normal,normal,0,0
1,451,2,2,injection,injection,1,1
1,452,4,4,password,password,1,1
1,453,3,3,normal,normal,0,0
1,454,2,2,injection,injection,1,1
1,455,3,3,normal,normal,0,0
1,456,3,3,normal,normal,0,0
1,457,2,2,injection,injection,1,1
1,458,3,3,normal,normal,0,0
1,459,3,3,normal,normal,0,0
1,460,3,3,normal,normal,0,0
1,461,3,3,normal,normal,0,0
1,462,2,2,injection,injection,1,1
1,463,4,4,password,password,1,1
1,464,2,2,injection,injection,1,1
1,465,3,3,normal,normal,0,0
1,466,0,0,backdoor,backdoor,1,1
1,467,2,2,injection,injection,1,1
1,468,0,0,backdoor,backdoor,1,1
1,469,3,3,normal,normal,0,0
1,470,3,3,normal,normal,0,0
1,471,2,2,injection,injection,1,1
1,472,3,3,normal,normal,0,0
1,473,4,4,password,password,1,1
1,474,2,2,injection,injection,1,1
1,475,4,4,password,password,1,1
1,476,2,2,injection,injection,1,1
1,477,3,3,normal,normal,0,0
1,478,2,2,injection,injection,1,1
1,479,0,0,backdoor,backdoor,1,1
1,480,3,3,normal,normal,0,0
1,481,3,3,normal,normal,0,0
1,482,3,3,normal,normal,0,0
1,483,0,0,backdoor,backdoor,1,1
1,484,0,2,backdoor,injection,1,1
1,485,3,3,normal,normal,0,0
1,486,3,3,normal,normal,0,0
1,487,2,2,injection,injection,1,1
1,488,0,2,backdoor,injection,1,1
1,489,4,4,password,password,1,1
1,490,4,4,password,password,1,1
1,491,4,4,password,password,1,1
1,492,0,0,backdoor,backdoor,1,1
1,493,4,4,password,password,1,1
1,494,3,3,normal,normal,0,0
1,495,4,4,password,password,1,1
1,496,2,2,injection,injection,1,1
1,497,3,3,normal,normal,0,0
1,498,4,4,password,password,1,1
1,499,4,4,password,password,1,1
1,500,3,3,normal,normal,0,0
1,501,0,0,backdoor,backdoor,1,1
1,502,4,4,password,password,1,1
1,503,0,0,backdoor,backdoor,1,1
1,504,3,3,normal,normal,0,0
1,505,3,3,normal,normal,0,0
1,506,0,0,backdoor,backdoor,1,1
1,507,3,3,normal,normal,0,0
1,508,3,3,normal,normal,0,0
1,509,3,3,normal,normal,0,0
1,510,3,3,normal,normal,0,0
1,511,4,4,password,password,1,1
1,512,3,3,normal,normal,0,0
1,513,3,3,normal,normal,0,0
1,514,2,2,injection,injection,1,1
1,515,2,2,injection,injection,1,1
1,516,2,2,injection,injection,1,1
1,517,2,2,injection,injection,1,1
1,518,0,0,backdoor,backdoor,1,1
1,519,0,0,backdoor,backdoor,1,1
1,520,4,4,password,password,1,1
1,521,3,3,normal,normal,0,0
1,522,2,2,injection,injection,1,1
1,523,0,0,backdoor,backdoor,1,1
1,524,3,3,normal,normal,0,0
1,525,3,3,normal,normal,0,0
1,526,4,4,password,password,1,1
1,527,4,4,password,password,1,1
1,528,3,3,normal,normal,0,0
1,529,3,3,normal,normal,0,0
1,530,4,4,password,password,1,1
1,531,3,3,normal,normal,0,0
1,532,3,3,normal,normal,0,0
1,533,3,3,normal,normal,0,0
1,534,3,3,normal,normal,0,0
1,535,3,3,normal,normal,0,0
1,536,0,2,backdoor,injection,1,1
1,537,2,2,injection,injection,1,1
1,538,3,3,normal,normal,0,0
1,539,3,3,normal,normal,0,0
1,540,3,3,normal,normal,0,0
1,541,3,3,normal,normal,0,0
1,542,3,3,normal,normal,0,0
1,543,3,3,normal,normal,0,0
1,544,3,3,normal,normal,0,0
1,545,3,3,normal,normal,0,0
1,546,0,2,backdoor,injection,1,1
1,547,3,3,normal,normal,0,0
1,548,3,3,normal,normal,0,0
1,549,3,3,normal,normal,0,0
1,550,4,4,password,password,1,1
1,551,3,3,normal,normal,0,0
1,552,3,3,normal,normal,0,0
1,553,3,3,normal,normal,0,0
1,554,3,3,normal,normal,0,0
1,555,4,4,password,password,1,1
1,556,3,3,normal,normal,0,0
1,557,3,3,normal,normal,0,0
1,558,3,3,normal,normal,0,0
1,559,3,3,normal,normal,0,0
1,560,3,3,normal,normal,0,0
1,561,3,3,normal,normal,0,0
1,562,4,4,password,password,1,1
1,563,3,3,normal,normal,0,0
1,564,3,3,normal,normal,0,0
1,565,3,3,normal,normal,0,0
1,566,3,3,normal,normal,0,0
1,567,2,2,injection,injection,1,1
1,568,2,2,injection,injection,1,1
1,569,3,3,normal,normal,0,0
1,570,2,2,injection,injection,1,1
1,571,4,4,password,password,1,1
1,572,0,2,backdoor,injection,1,1
1,573,2,2,injection,injection,1,1
1,574,2,2,injection,injection,1,1
1,575,4,4,password,password,1,1
1,576,3,3,normal,normal,0,0
1,577,3,3,normal,normal,0,0
1,578,3,3,normal,normal,0,0
1,579,3,3,normal,normal,0,0
1,580,3,3,normal,normal,0,0
1,581,3,3,normal,normal,0,0
1,582,2,2,injection,injection,1,1
1,583,3,3,normal,normal,0,0
1,584,3,3,normal,normal,0,0
1,585,0,2,backdoor,injection,1,1
1,586,3,3,normal,normal,0,0
1,587,3,3,normal,normal,0,0
1,588,2,2,injection,injection,1,1
1,589,3,3,normal,normal,0,0
1,590,2,2,injection,injection,1,1
1,591,4,4,password,password,1,1
1,592,4,4,password,password,1,1
1,593,4,4,password,password,1,1
1,594,3,3,normal,normal,0,0
1,595,3,3,normal,normal,0,0
1,596,0,2,backdoor,injection,1,1
1,597,3,3,normal,normal,0,0
1,598,2,2,injection,injection,1,1
1,599,4,4,password,password,1,1
1,600,0,0,backdoor,backdoor,1,1
1,601,3,3,normal,normal,0,0
1,602,3,3,normal,normal,0,0
1,603,4,4,password,password,1,1
1,604,0,0,backdoor,backdoor,1,1
1,605,3,3,normal,normal,0,0
1,606,2,2,injection,injection,1,1
1,607,3,3,normal,normal,0,0
1,608,4,4,password,password,1,1
1,609,3,3,normal,normal,0,0
1,610,3,3,normal,normal,0,0
1,611,3,3,normal,normal,0,0
1,612,3,3,normal,normal,0,0
1,613,3,3,normal,normal,0,0
1,614,0,0,backdoor,backdoor,1,1
1,615,3,3,normal,normal,0,0
1,616,4,4,password,password,1,1
1,617,3,3,normal,normal,0,0
1,618,3,3,normal,normal,0,0
1,619,0,0,backdoor,backdoor,1,1
1,620,0,0,backdoor,backdoor,1,1
1,621,2,2,injection,injection,1,1
1,622,3,3,normal,normal,0,0
1,623,3,3,normal,normal,0,0
1,624,3,3,normal,normal,0,0
1,625,2,2,injection,injection,1,1
1,626,3,3,normal,normal,0,0
1,627,0,0,backdoor,backdoor,1,1
1,628,3,3,normal,normal,0,0
1,629,3,3,normal,normal,0,0
1,630,3,3,normal,normal,0,0
1,631,3,3,normal,normal,0,0
1,632,3,3,normal,normal,0,0
1,633,3,3,normal,normal,0,0
1,634,0,0,backdoor,backdoor,1,1
1,635,3,3,normal,normal,0,0
1,636,2,2,injection,injection,1,1
1,637,0,0,backdoor,backdoor,1,1
1,638,3,3,normal,normal,0,0
1,639,0,0,backdoor,backdoor,1,1
1,640,3,3,normal,normal,0,0
1,641,2,0,injection,backdoor,1,1
1,642,3,3,normal,normal,0,0
1,643,4,4,password,password,1,1
1,644,0,0,backdoor,backdoor,1,1
1,645,3,3,normal,normal,0,0
1,646,0,0,backdoor,backdoor,1,1
1,647,3,3,normal,normal,0,0
1,648,0,0,backdoor,backdoor,1,1
1,649,3,3,normal,normal,0,0
1,650,3,3,normal,normal,0,0
1,651,0,0,backdoor,backdoor,1,1
1,652,0,2,backdoor,injection,1,1
1,653,3,3,normal,normal,0,0
1,654,3,3,normal,normal,0,0
1,655,2,2,injection,injection,1,1
1,656,3,3,normal,normal,0,0
1,657,4,4,password,password,1,1
1,658,3,3,normal,normal,0,0
1,659,3,3,normal,normal,0,0
1,660,4,4,password,password,1,1
1,661,3,3,normal,normal,0,0
1,662,2,2,injection,injection,1,1
1,663,2,0,injection,backdoor,1,1
1,664,4,4,password,password,1,1
1,665,4,4,password,password,1,1
1,666,3,3,normal,normal,0,0
1,667,3,3,normal,normal,0,0
1,668,4,4,password,password,1,1
1,669,2,2,injection,injection,1,1
1,670,0,2,backdoor,injection,1,1
1,671,3,3,normal,normal,0,0
1,672,3,3,normal,normal,0,0
1,673,4,4,password,password,1,1
1,674,3,3,normal,normal,0,0
1,675,3,3,normal,normal,0,0
1,676,3,3,normal,normal,0,0
1,677,3,3,normal,normal,0,0
1,678,3,3,normal,normal,0,0
1,679,3,3,normal,normal,0,0
1,680,4,4,password,password,1,1
1,681,3,3,normal,normal,0,0
1,682,3,3,normal,normal,0,0
1,683,2,2,injection,injection,1,1
1,684,3,3,normal,normal,0,0
1,685,3,3,normal,normal,0,0
1,686,3,3,normal,normal,0,0
1,687,3,3,normal,normal,0,0
1,688,3,3,normal,normal,0,0
1,689,3,3,normal,normal,0,0
1,690,3,3,normal,normal,0,0
1,691,2,2,injection,injection,1,1
1,692,3,3,normal,normal,0,0
1,693,2,2,injection,injection,1,1
1,694,3,3,normal,normal,0,0
1,695,3,3,normal,normal,0,0
1,696,2,2,injection,injection,1,1
1,697,0,0,backdoor,backdoor,1,1
1,698,3,3,normal,normal,0,0
1,699,3,3,normal,normal,0,0
1,700,3,3,normal,normal,0,0
1,701,3,3,normal,normal,0,0
1,702,3,3,normal,normal,0,0
1,703,4,4,password,password,1,1
1,704,4,4,password,password,1,1
1,705,0,2,backdoor,injection,1,1
1,706,2,2,injection,injection,1,1
1,707,3,3,normal,normal,0,0
1,708,3,3,normal,normal,0,0
1,709,3,3,normal,normal,0,0
1,710,0,0,backdoor,backdoor,1,1
1,711,3,3,normal,normal,0,0
1,712,3,3,normal,normal,0,0
1,713,0,0,backdoor,backdoor,1,1
1,714,4,4,password,password,1,1
1,715,4,4,password,password,1,1
1,716,3,3,normal,normal,0,0
1,717,0,0,backdoor,backdoor,1,1
1,718,3,3,normal,normal,0,0
1,719,3,3,normal,normal,0,0
1,720,3,3,normal,normal,0,0
1,721,3,3,normal,normal,0,0
1,722,3,3,normal,normal,0,0
1,723,3,3,normal,normal,0,0
1,724,2,2,injection,injection,1,1
1,725,0,0,backdoor,backdoor,1,1
1,726,3,3,normal,normal,0,0
1,727,2,2,injection,injection,1,1
1,728,4,4,password,password,1,1
1,729,3,3,normal,normal,0,0
1,730,2,2,injection,injection,1,1
1,731,4,4,password,password,1,1
1,732,3,3,normal,normal,0,0
1,733,3,3,normal,normal,0,0
1,734,2,2,injection,injection,1,1
1,735,3,3,normal,normal,0,0
1,736,0,0,backdoor,backdoor,1,1
1,737,0,2,backdoor,injection,1,1
1,738,3,3,normal,normal,0,0
1,739,3,3,normal,normal,0,0
1,740,3,3,normal,normal,0,0
1,741,3,3,normal,normal,0,0
1,742,3,3,normal,normal,0,0
1,743,3,3,normal,normal,0,0
1,744,4,4,password,password,1,1
1,745,3,3,normal,normal,0,0
1,746,3,3,normal,normal,0,0
1,747,0,0,backdoor,backdoor,1,1
1,748,4,4,password,password,1,1
1,749,3,3,normal,normal,0,0
1,750,3,3,normal,normal,0,0
1,751,2,2,injection,injection,1,1
1,752,3,3,normal,normal,0,0
1,753,4,4,password,password,1,1
1,754,4,4,password,password,1,1
1,755,3,3,normal,normal,0,0
1,756,3,3,normal,normal,0,0
1,757,3,3,normal,normal,0,0
1,758,3,3,normal,normal,0,0
1,759,4,4,password,password,1,1
1,760,4,4,password,password,1,1
1,761,0,0,backdoor,backdoor,1,1
1,762,2,2,injection,injection,1,1
1,763,3,3,normal,normal,0,0
1,764,3,3,normal,normal,0,0
1,765,3,3,normal,normal,0,0
1,766,3,3,normal,normal,0,0
1,767,2,2,injection,injection,1,1
1,768,3,3,normal,normal,0,0
1,769,2,2,injection,injection,1,1
1,770,4,4,password,password,1,1
1,771,3,3,normal,normal,0,0
1,772,4,4,password,password,1,1
1,773,4,4,password,password,1,1
1,774,0,0,backdoor,backdoor,1,1
1,775,3,3,normal,normal,0,0
1,776,4,4,password,password,1,1
1,777,3,3,normal,normal,0,0
1,778,3,3,normal,normal,0,0
1,779,2,2,injection,injection,1,1
1,780,4,4,password,password,1,1
1,781,3,3,normal,normal,0,0
1,782,0,2,backdoor,injection,1,1
1,783,3,3,normal,normal,0,0
1,784,0,0,backdoor,backdoor,1,1
1,785,3,3,normal,normal,0,0
1,786,3,3,normal,normal,0,0
1,787,3,3,normal,normal,0,0
1,788,3,3,normal,normal,0,0
1,789,3,3,normal,normal,0,0
1,790,3,3,normal,normal,0,0
1,791,0,0,backdoor,backdoor,1,1
1,792,3,3,normal,normal,0,0
1,793,0,0,backdoor,backdoor,1,1
1,794,4,4,password,password,1,1
1,795,4,4,password,password,1,1
1,796,3,3,normal,normal,0,0
1,797,4,4,password,password,1,1
1,798,3,3,normal,normal,0,0
1,799,3,3,normal,normal,0,0
1,800,2,2,injection,injection,1,1
1,801,3,3,normal,normal,0,0
1,802,2,2,injection,injection,1,1
1,803,3,3,normal,normal,0,0
1,804,2,2,injection,injection,1,1
1,805,3,3,normal,normal,0,0
1,806,3,3,normal,normal,0,0
1,807,3,3,normal,normal,0,0
1,808,4,4,password,password,1,1
1,809,3,3,normal,normal,0,0
1,810,0,0,backdoor,backdoor,1,1
1,811,3,3,normal,normal,0,0
1,812,0,0,backdoor,backdoor,1,1
1,813,0,0,backdoor,backdoor,1,1
1,814,3,3,normal,normal,0,0
1,815,4,4,password,password,1,1
1,816,3,3,normal,normal,0,0
1,817,4,4,password,password,1,1
1,818,3,3,normal,normal,0,0
1,819,2,2,injection,injection,1,1
1,820,3,3,normal,normal,0,0
1,821,2,2,injection,injection,1,1
1,822,3,3,normal,normal,0,0
1,823,4,4,password,password,1,1
1,824,3,3,normal,normal,0,0
1,825,3,3,normal,normal,0,0
1,826,0,0,backdoor,backdoor,1,1
1,827,2,2,injection,injection,1,1
1,828,3,3,normal,normal,0,0
1,829,3,3,normal,normal,0,0
1,830,0,0,backdoor,backdoor,1,1
1,831,4,4,password,password,1,1
1,832,3,3,normal,normal,0,0
1,833,3,3,normal,normal,0,0
1,834,4,4,password,password,1,1
1,835,3,3,normal,normal,0,0
1,836,0,0,backdoor,backdoor,1,1
1,837,3,3,normal,normal,0,0
1,838,2,2,injection,injection,1,1
1,839,4,4,password,password,1,1
1,840,3,3,normal,normal,0,0
1,841,3,3,normal,normal,0,0
1,842,3,3,normal,normal,0,0
1,843,2,2,injection,injection,1,1
1,844,3,3,normal,normal,0,0
1,845,2,2,injection,injection,1,1
1,846,3,3,normal,normal,0,0
1,847,4,4,password,password,1,1
1,848,2,2,injection,injection,1,1
1,849,3,3,normal,normal,0,0
1,850,3,3,normal,normal,0,0
1,851,3,3,normal,normal,0,0
1,852,3,3,normal,normal,0,0
1,853,3,3,normal,normal,0,0
1,854,3,3,normal,normal,0,0
1,855,2,2,injection,injection,1,1
1,856,3,3,normal,normal,0,0
1,857,4,4,password,password,1,1
1,858,4,4,password,password,1,1
1,859,0,0,backdoor,backdoor,1,1
1,860,3,3,normal,normal,0,0
1,861,3,3,normal,normal,0,0
1,862,3,3,normal,normal,0,0
1,863,0,0,backdoor,backdoor,1,1
1,864,3,3,normal,normal,0,0
1,865,3,3,normal,normal,0,0
1,866,3,3,normal,normal,0,0
1,867,0,2,backdoor,injection,1,1
1,868,3,3,normal,normal,0,0
1,869,4,4,password,password,1,1
1,870,2,2,injection,injection,1,1
1,871,4,4,password,password,1,1
1,872,2,2,injection,injection,1,1
1,873,0,2,backdoor,injection,1,1
1,874,3,3,normal,normal,0,0
1,875,2,2,injection,injection,1,1
1,876,3,3,normal,normal,0,0
1,877,3,3,normal,normal,0,0
1,878,3,3,normal,normal,0,0
1,879,3,3,normal,normal,0,0
1,880,0,0,backdoor,backdoor,1,1
1,881,3,3,normal,normal,0,0
1,882,3,3,normal,normal,0,0
1,883,0,2,backdoor,injection,1,1
1,884,4,4,password,password,1,1
1,885,2,2,injection,injection,1,1
1,886,3,3,normal,normal,0,0
1,887,4,4,password,password,1,1
1,888,3,3,normal,normal,0,0
1,889,3,3,normal,normal,0,0
1,890,3,3,normal,normal,0,0
1,891,4,4,password,password,1,1
1,892,3,3,normal,normal,0,0
1,893,4,4,password,password,1,1
1,894,2,2,injection,injection,1,1
1,895,0,3,backdoor,normal,1,0
1,896,4,4,password,password,1,1
1,897,0,0,backdoor,backdoor,1,1
1,898,0,0,backdoor,backdoor,1,1
1,899,3,3,normal,normal,0,0
1,900,0,0,backdoor,backdoor,1,1
1,901,3,3,normal,normal,0,0
1,902,3,3,normal,normal,0,0
1,903,3,3,normal,normal,0,0
1,904,3,3,normal,normal,0,0
1,905,3,3,normal,normal,0,0
1,906,3,3,normal,normal,0,0
1,907,0,2,backdoor,injection,1,1
1,908,0,0,backdoor,backdoor,1,1
1,909,4,4,password,password,1,1
1,910,0,0,backdoor,backdoor,1,1
1,911,3,3,normal,normal,0,0
1,912,0,2,backdoor,injection,1,1
1,913,3,3,normal,normal,0,0
1,914,4,4,password,password,1,1
1,915,2,2,injection,injection,1,1
1,916,0,0,backdoor,backdoor,1,1
1,917,0,0,backdoor,backdoor,1,1
1,918,3,3,normal,normal,0,0
1,919,3,3,normal,normal,0,0
1,920,4,4,password,password,1,1
1,921,3,3,normal,normal,0,0
1,922,3,3,normal,normal,0,0
1,923,4,4,password,password,1,1
1,924,0,0,backdoor,backdoor,1,1
1,925,3,3,normal,normal,0,0
1,926,4,4,password,password,1,1
1,927,2,2,injection,injection,1,1
1,928,3,3,normal,normal,0,0
1,929,2,2,injection,injection,1,1
1,930,3,3,normal,normal,0,0
1,931,3,3,normal,normal,0,0
1,932,0,3,backdoor,normal,1,0
1,933,4,4,password,password,1,1
1,934,2,2,injection,injection,1,1
1,935,3,3,normal,normal,0,0
1,936,3,3,normal,normal,0,0
1,937,3,3,normal,normal,0,0
1,938,4,4,password,password,1,1
1,939,3,3,normal,normal,0,0
1,940,3,3,normal,normal,0,0
1,941,3,3,normal,normal,0,0
1,942,0,0,backdoor,backdoor,1,1
1,943,4,4,password,password,1,1
1,944,3,3,normal,normal,0,0
1,945,4,4,password,password,1,1
1,946,3,3,normal,normal,0,0
1,947,3,3,normal,normal,0,0
1,948,3,3,normal,normal,0,0
1,949,3,3,normal,normal,0,0
1,950,3,3,normal,normal,0,0
1,951,2,2,injection,injection,1,1
1,952,3,3,normal,normal,0,0
1,953,4,4,password,password,1,1
1,954,2,2,injection,injection,1,1
1,955,4,4,password,password,1,1
1,956,3,3,normal,normal,0,0
1,957,3,3,normal,normal,0,0
1,958,4,4,password,password,1,1
1,959,3,3,normal,normal,0,0
1,960,3,3,normal,normal,0,0
1,961,4,4,password,password,1,1
1,962,0,0,backdoor,backdoor,1,1
1,963,3,3,normal,normal,0,0
1,964,2,2,injection,injection,1,1
1,965,2,2,injection,injection,1,1
1,966,3,3,normal,normal,0,0
1,967,3,3,normal,normal,0,0
1,968,3,3,normal,normal,0,0
1,969,3,3,normal,normal,0,0
1,970,4,4,password,password,1,1
1,971,3,3,normal,normal,0,0
1,972,2,2,injection,injection,1,1
1,973,3,3,normal,normal,0,0
1,974,3,3,normal,normal,0,0
1,975,2,2,injection,injection,1,1
1,976,2,2,injection,injection,1,1
1,977,3,3,normal,normal,0,0
1,978,3,3,normal,normal,0,0
1,979,0,0,backdoor,backdoor,1,1
1,980,0,2,backdoor,injection,1,1
1,981,3,3,normal,normal,0,0
1,982,3,3,normal,normal,0,0
1,983,0,2,backdoor,injection,1,1
1,984,3,3,normal,normal,0,0
1,985,4,4,password,password,1,1
1,986,0,0,backdoor,backdoor,1,1
1,987,3,3,normal,normal,0,0
1,988,3,3,normal,normal,0,0
1,989,3,3,normal,normal,0,0
1,990,4,4,password,password,1,1
1,991,2,2,injection,injection,1,1
1,992,3,3,normal,normal,0,0
1,993,0,0,backdoor,backdoor,1,1
1,994,3,3,normal,normal,0,0
1,995,3,3,normal,normal,0,0
1,996,3,3,normal,normal,0,0
1,997,3,3,normal,normal,0,0
1,998,3,3,normal,normal,0,0
1,999,3,3,normal,normal,0,0
1,1000,3,3,normal,normal,0,0
1,1001,4,4,password,password,1,1
1,1002,3,3,normal,normal,0,0
1,1003,3,3,normal,normal,0,0
1,1004,3,3,normal,normal,0,0
1,1005,4,4,password,password,1,1
1,1006,3,3,normal,normal,0,0
1,1007,0,3,backdoor,normal,1,0
1,1008,4,4,password,password,1,1
1,1009,2,2,injection,injection,1,1
1,1010,3,3,normal,normal,0,0
1,1011,3,3,normal,normal,0,0
1,1012,2,2,injection,injection,1,1
1,1013,2,2,injection,injection,1,1
1,1014,3,3,normal,normal,0,0
1,1015,4,4,password,password,1,1
1,1016,3,3,normal,normal,0,0
1,1017,4,4,password,password,1,1
1,1018,3,3,normal,normal,0,0
1,1019,0,0,backdoor,backdoor,1,1
1,1020,3,3,normal,normal,0,0
1,1021,0,2,backdoor,injection,1,1
1,1022,2,2,injection,injection,1,1
1,1023,3,3,normal,normal,0,0
1,1024,3,3,normal,normal,0,0
1,1025,3,3,normal,normal,0,0
1,1026,3,3,normal,normal,0,0
1,1027,4,4,password,password,1,1
1,1028,3,3,normal,normal,0,0
1,1029,3,3,normal,normal,0,0
1,1030,4,4,password,password,1,1
1,1031,0,0,backdoor,backdoor,1,1
1,1032,4,4,password,password,1,1
1,1033,3,3,normal,normal,0,0
1,1034,2,2,injection,injection,1,1
1,1035,3,3,normal,normal,0,0
1,1036,4,4,password,password,1,1
1,1037,0,0,backdoor,backdoor,1,1
1,1038,3,3,normal,normal,0,0
1,1039,3,3,normal,normal,0,0
1,1040,3,3,normal,normal,0,0
1,1041,4,4,password,password,1,1
1,1042,3,3,normal,normal,0,0
1,1043,0,0,backdoor,backdoor,1,1
1,1044,2,2,injection,injection,1,1
1,1045,0,0,backdoor,backdoor,1,1
1,1046,2,2,injection,injection,1,1
1,1047,3,3,normal,normal,0,0
1,1048,2,2,injection,injection,1,1
1,1049,4,4,password,password,1,1
1,1050,4,4,password,password,1,1
1,1051,2,2,injection,injection,1,1
1,1052,3,3,normal,normal,0,0
1,1053,3,3,normal,normal,0,0
1,1054,0,0,backdoor,backdoor,1,1
1,1055,2,2,injection,injection,1,1
1,1056,0,0,backdoor,backdoor,1,1
1,1057,3,3,normal,normal,0,0
1,1058,0,0,backdoor,backdoor,1,1
1,1059,0,0,backdoor,backdoor,1,1
1,1060,0,0,backdoor,backdoor,1,1
1,1061,3,3,normal,normal,0,0
1,1062,0,0,backdoor,backdoor,1,1
1,1063,0,2,backdoor,injection,1,1
1,1064,3,3,normal,normal,0,0
1,1065,3,3,normal,normal,0,0
1,1066,4,4,password,password,1,1
1,1067,3,3,normal,normal,0,0
1,1068,3,3,normal,normal,0,0
1,1069,0,2,backdoor,injection,1,1
1,1070,2,0,injection,backdoor,1,1
1,1071,3,3,normal,normal,0,0
1,1072,0,0,backdoor,backdoor,1,1
1,1073,0,0,backdoor,backdoor,1,1
1,1074,3,3,normal,normal,0,0
1,1075,0,2,backdoor,injection,1,1
1,1076,0,0,backdoor,backdoor,1,1
1,1077,0,0,backdoor,backdoor,1,1
1,1078,3,3,normal,normal,0,0
1,1079,0,2,backdoor,injection,1,1
1,1080,3,3,normal,normal,0,0
1,1081,3,3,normal,normal,0,0
1,1082,2,2,injection,injection,1,1
1,1083,0,0,backdoor,backdoor,1,1
1,1084,3,3,normal,normal,0,0
1,1085,2,2,injection,injection,1,1
1,1086,3,3,normal,normal,0,0
1,1087,3,3,normal,normal,0,0
1,1088,3,3,normal,normal,0,0
1,1089,3,3,normal,normal,0,0
1,1090,2,2,injection,injection,1,1
1,1091,3,3,normal,normal,0,0
1,1092,3,3,normal,normal,0,0
1,1093,2,2,injection,injection,1,1
1,1094,3,3,normal,normal,0,0
1,1095,4,4,password,password,1,1
1,1096,3,3,normal,normal,0,0
1,1097,4,4,password,password,1,1
1,1098,4,4,password,password,1,1
1,1099,2,2,injection,injection,1,1
1,1100,0,0,backdoor,backdoor,1,1
1,1101,3,3,normal,normal,0,0
1,1102,3,3,normal,normal,0,0
1,1103,0,0,backdoor,backdoor,1,1
1,1104,4,4,password,password,1,1
1,1105,4,4,password,password,1,1
1,1106,2,2,injection,injection,1,1
1,1107,2,2,injection,injection,1,1
1,1108,4,4,password,password,1,1
1,1109,3,3,normal,normal,0,0
1,1110,3,3,normal,normal,0,0
1,1111,0,3,backdoor,normal,1,0
1,1112,3,3,normal,normal,0,0
1,1113,3,3,normal,normal,0,0
1,1114,3,3,normal,normal,0,0
1,1115,4,4,password,password,1,1
1,1116,2,2,injection,injection,1,1
1,1117,3,3,normal,normal,0,0
1,1118,3,3,normal,normal,0,0
1,1119,4,4,password,password,1,1
1,1120,2,2,injection,injection,1,1
1,1121,3,3,normal,normal,0,0
1,1122,3,3,normal,normal,0,0
1,1123,2,2,injection,injection,1,1
1,1124,2,2,injection,injection,1,1
1,1125,3,3,normal,normal,0,0
1,1126,3,3,normal,normal,0,0
1,1127,0,0,backdoor,backdoor,1,1
1,1128,0,0,backdoor,backdoor,1,1
1,1129,4,4,password,password,1,1
1,1130,2,2,injection,injection,1,1
1,1131,3,3,normal,normal,0,0
1,1132,4,4,password,password,1,1
1,1133,2,2,injection,injection,1,1
1,1134,3,3,normal,normal,0,0
1,1135,3,3,normal,normal,0,0
1,1136,3,3,normal,normal,0,0
1,1137,3,3,normal,normal,0,0
1,1138,0,0,backdoor,backdoor,1,1
1,1139,2,2,injection,injection,1,1
1,1140,3,3,normal,normal,0,0
1,1141,2,2,injection,injection,1,1
1,1142,3,3,normal,normal,0,0
1,1143,3,3,normal,normal,0,0
1,1144,3,3,normal,normal,0,0
1,1145,3,3,normal,normal,0,0
1,1146,3,3,normal,normal,0,0
1,1147,3,3,normal,normal,0,0
1,1148,3,3,normal,normal,0,0
1,1149,3,3,normal,normal,0,0
1,1150,0,0,backdoor,backdoor,1,1
1,1151,4,4,password,password,1,1
1,1152,3,3,normal,normal,0,0
1,1153,3,3,normal,normal,0,0
1,1154,2,2,injection,injection,1,1
1,1155,0,0,backdoor,backdoor,1,1
1,1156,0,0,backdoor,backdoor,1,1
1,1157,4,4,password,password,1,1
1,1158,0,0,backdoor,backdoor,1,1
1,1159,4,4,password,password,1,1
1,1160,0,0,backdoor,backdoor,1,1
1,1161,4,4,password,password,1,1
1,1162,0,0,backdoor,backdoor,1,1
1,1163,3,3,normal,normal,0,0
1,1164,3,3,normal,normal,0,0
1,1165,3,3,normal,normal,0,0
1,1166,0,0,backdoor,backdoor,1,1
1,1167,3,3,normal,normal,0,0
1,1168,0,0,backdoor,backdoor,1,1
1,1169,4,4,password,password,1,1
1,1170,4,4,password,password,1,1
1,1171,3,3,normal,normal,0,0
1,1172,3,3,normal,normal,0,0
1,1173,4,4,password,password,1,1
1,1174,3,3,normal,normal,0,0
1,1175,0,0,backdoor,backdoor,1,1
1,1176,4,4,password,password,1,1
1,1177,3,3,normal,normal,0,0
1,1178,4,4,password,password,1,1
1,1179,2,2,injection,injection,1,1
1,1180,3,3,normal,normal,0,0
1,1181,0,0,backdoor,backdoor,1,1
1,1182,2,2,injection,injection,1,1
1,1183,4,4,password,password,1,1
1,1184,4,4,password,password,1,1
1,1185,0,0,backdoor,backdoor,1,1
1,1186,2,2,injection,injection,1,1
1,1187,4,4,password,password,1,1
1,1188,2,2,injection,injection,1,1
1,1189,3,3,normal,normal,0,0
1,1190,2,2,injection,injection,1,1
1,1191,3,3,normal,normal,0,0
1,1192,4,4,password,password,1,1
1,1193,3,3,normal,normal,0,0
1,1194,4,4,password,password,1,1
1,1195,3,3,normal,normal,0,0
1,1196,2,2,injection,injection,1,1
1,1197,0,0,backdoor,backdoor,1,1
1,1198,4,4,password,password,1,1
1,1199,4,4,password,password,1,1
1,1200,4,4,password,password,1,1
1,1201,4,4,password,password,1,1
1,1202,3,3,normal,normal,0,0
1,1203,3,3,normal,normal,0,0
1,1204,3,3,normal,normal,0,0
1,1205,2,2,injection,injection,1,1
1,1206,3,3,normal,normal,0,0
1,1207,4,4,password,password,1,1
1,1208,2,2,injection,injection,1,1
1,1209,3,3,normal,normal,0,0
1,1210,3,3,normal,normal,0,0
1,1211,3,3,normal,normal,0,0
1,1212,2,2,injection,injection,1,1
1,1213,3,3,normal,normal,0,0
1,1214,3,3,normal,normal,0,0
1,1215,0,2,backdoor,injection,1,1
1,1216,0,3,backdoor,normal,1,0
1,1217,3,3,normal,normal,0,0
1,1218,2,2,injection,injection,1,1
1,1219,2,2,injection,injection,1,1
1,1220,0,0,backdoor,backdoor,1,1
1,1221,3,3,normal,normal,0,0
1,1222,4,4,password,password,1,1
1,1223,3,3,normal,normal,0,0
1,1224,0,0,backdoor,backdoor,1,1
1,1225,3,3,normal,normal,0,0
1,1226,2,2,injection,injection,1,1
1,1227,0,0,backdoor,backdoor,1,1
1,1228,3,3,normal,normal,0,0
1,1229,2,2,injection,injection,1,1
1,1230,0,0,backdoor,backdoor,1,1
1,1231,2,2,injection,injection,1,1
1,1232,4,4,password,password,1,1
1,1233,4,4,password,password,1,1
1,1234,2,2,injection,injection,1,1
1,1235,3,3,normal,normal,0,0
1,1236,2,2,injection,injection,1,1
1,1237,4,4,password,password,1,1
1,1238,3,3,normal,normal,0,0
1,1239,0,0,backdoor,backdoor,1,1
1,1240,4,4,password,password,1,1
1,1241,0,3,backdoor,normal,1,0
1,1242,3,3,normal,normal,0,0
1,1243,3,3,normal,normal,0,0
1,1244,3,3,normal,normal,0,0
1,1245,4,4,password,password,1,1
1,1246,3,3,normal,normal,0,0
1,1247,3,3,normal,normal,0,0
1,1248,3,3,normal,normal,0,0
1,1249,0,2,backdoor,injection,1,1
1,1250,3,3,normal,normal,0,0
1,1251,3,3,normal,normal,0,0
1,1252,2,2,injection,injection,1,1
1,1253,3,3,normal,normal,0,0
1,1254,2,2,injection,injection,1,1
1,1255,2,2,injection,injection,1,1
1,1256,3,3,normal,normal,0,0
1,1257,4,4,password,password,1,1
1,1258,3,3,normal,normal,0,0
1,1259,4,4,password,password,1,1
1,1260,3,3,normal,normal,0,0
1,1261,0,0,backdoor,backdoor,1,1
1,1262,2,2,injection,injection,1,1
1,1263,0,0,backdoor,backdoor,1,1
1,1264,0,2,backdoor,injection,1,1
1,1265,4,4,password,password,1,1
1,1266,0,0,backdoor,backdoor,1,1
1,1267,0,0,backdoor,backdoor,1,1
1,1268,3,3,normal,normal,0,0
1,1269,2,2,injection,injection,1,1
1,1270,4,4,password,password,1,1
1,1271,3,3,normal,normal,0,0
1,1272,3,3,normal,normal,0,0
1,1273,4,4,password,password,1,1
1,1274,3,3,normal,normal,0,0
1,1275,3,3,normal,normal,0,0
1,1276,3,3,normal,normal,0,0
1,1277,3,3,normal,normal,0,0
1,1278,3,3,normal,normal,0,0
1,1279,3,3,normal,normal,0,0
1,1280,3,3,normal,normal,0,0
1,1281,4,4,password,password,1,1
1,1282,3,3,normal,normal,0,0
1,1283,0,0,backdoor,backdoor,1,1
1,1284,4,4,password,password,1,1
1,1285,3,3,normal,normal,0,0
1,1286,3,3,normal,normal,0,0
1,1287,4,4,password,password,1,1
1,1288,3,3,normal,normal,0,0
1,1289,3,3,normal,normal,0,0
1,1290,2,2,injection,injection,1,1
1,1291,3,3,normal,normal,0,0
1,1292,3,3,normal,normal,0,0
1,1293,4,4,password,password,1,1
1,1294,3,3,normal,normal,0,0
1,1295,3,3,normal,normal,0,0
1,1296,2,2,injection,injection,1,1
1,1297,2,2,injection,injection,1,1
1,1298,3,3,normal,normal,0,0
1,1299,3,3,normal,normal,0,0
1,1300,3,3,normal,normal,0,0
1,1301,3,3,normal,normal,0,0
1,1302,4,4,password,password,1,1
1,1303,3,3,normal,normal,0,0
1,1304,0,0,backdoor,backdoor,1,1
1,1305,0,3,backdoor,normal,1,0
1,1306,4,4,password,password,1,1
1,1307,3,3,normal,normal,0,0
1,1308,0,0,backdoor,backdoor,1,1
1,1309,3,3,normal,normal,0,0
1,1310,3,3,normal,normal,0,0
1,1311,0,0,backdoor,backdoor,1,1
1,1312,3,3,normal,normal,0,0
1,1313,4,4,password,password,1,1
1,1314,4,4,password,password,1,1
1,1315,2,2,injection,injection,1,1
1,1316,2,2,injection,injection,1,1
1,1317,3,3,normal,normal,0,0
1,1318,2,2,injection,injection,1,1
1,1319,2,2,injection,injection,1,1
1,1320,3,3,normal,normal,0,0
1,1321,2,2,injection,injection,1,1
1,1322,0,0,backdoor,backdoor,1,1
1,1323,0,0,backdoor,backdoor,1,1
1,1324,4,4,password,password,1,1
1,1325,3,3,normal,normal,0,0
1,1326,3,3,normal,normal,0,0
1,1327,3,3,normal,normal,0,0
1,1328,0,2,backdoor,injection,1,1
1,1329,4,4,password,password,1,1
1,1330,4,4,password,password,1,1
1,1331,2,2,injection,injection,1,1
1,1332,0,0,backdoor,backdoor,1,1
1,1333,3,3,normal,normal,0,0
1,1334,2,2,injection,injection,1,1
1,1335,0,0,backdoor,backdoor,1,1
1,1336,3,3,normal,normal,0,0
1,1337,3,3,normal,normal,0,0
1,1338,2,0,injection,backdoor,1,1
1,1339,3,3,normal,normal,0,0
1,1340,3,3,normal,normal,0,0
1,1341,2,2,injection,injection,1,1
1,1342,0,0,backdoor,backdoor,1,1
1,1343,3,3,normal,normal,0,0
1,1344,3,3,normal,normal,0,0
1,1345,4,4,password,password,1,1
1,1346,3,3,normal,normal,0,0
1,1347,4,4,password,password,1,1
1,1348,0,0,backdoor,backdoor,1,1
1,1349,3,3,normal,normal,0,0
1,1350,0,2,backdoor,injection,1,1
1,1351,3,3,normal,normal,0,0
1,1352,3,3,normal,normal,0,0
1,1353,3,3,normal,normal,0,0
1,1354,3,3,normal,normal,0,0
1,1355,3,3,normal,normal,0,0
1,1356,4,4,password,password,1,1
1,1357,3,3,normal,normal,0,0
1,1358,3,3,normal,normal,0,0
1,1359,4,4,password,password,1,1
1,1360,0,0,backdoor,backdoor,1,1
1,1361,3,3,normal,normal,0,0
1,1362,4,4,password,password,1,1
1,1363,3,3,normal,normal,0,0
1,1364,0,0,backdoor,backdoor,1,1
1,1365,3,3,normal,normal,0,0
1,1366,0,2,backdoor,injection,1,1
1,1367,3,3,normal,normal,0,0
1,1368,3,3,normal,normal,0,0
1,1369,3,3,normal,normal,0,0
1,1370,2,2,injection,injection,1,1
1,1371,3,3,normal,normal,0,0
1,1372,3,3,normal,normal,0,0
1,1373,4,4,password,password,1,1
1,1374,3,3,normal,normal,0,0
1,1375,0,0,backdoor,backdoor,1,1
1,1376,2,2,injection,injection,1,1
1,1377,3,3,normal,normal,0,0
1,1378,4,4,password,password,1,1
1,1379,2,2,injection,injection,1,1
1,1380,4,4,password,password,1,1
1,1381,3,3,normal,normal,0,0
1,1382,0,0,backdoor,backdoor,1,1
1,1383,3,3,normal,normal,0,0
1,1384,4,4,password,password,1,1
1,1385,2,2,injection,injection,1,1
1,1386,0,0,backdoor,backdoor,1,1
1,1387,3,3,normal,normal,0,0
1,1388,3,3,normal,normal,0,0
1,1389,0,0,backdoor,backdoor,1,1
1,1390,2,2,injection,injection,1,1
1,1391,0,0,backdoor,backdoor,1,1
1,1392,4,4,password,password,1,1
1,1393,2,2,injection,injection,1,1
1,1394,2,2,injection,injection,1,1
1,1395,3,3,normal,normal,0,0
1,1396,3,3,normal,normal,0,0
1,1397,2,2,injection,injection,1,1
1,1398,4,4,password,password,1,1
1,1399,4,4,password,password,1,1
1,1400,2,2,injection,injection,1,1
1,1401,3,3,normal,normal,0,0
1,1402,3,3,normal,normal,0,0
1,1403,3,3,normal,normal,0,0
1,1404,3,3,normal,normal,0,0
1,1405,2,2,injection,injection,1,1
1,1406,3,3,normal,normal,0,0
1,1407,2,2,injection,injection,1,1
1,1408,2,2,injection,injection,1,1
1,1409,4,4,password,password,1,1
1,1410,4,4,password,password,1,1
1,1411,3,3,normal,normal,0,0
1,1412,2,2,injection,injection,1,1
1,1413,4,4,password,password,1,1
1,1414,2,2,injection,injection,1,1
1,1415,4,4,password,password,1,1
1,1416,3,3,normal,normal,0,0
1,1417,3,3,normal,normal,0,0
1,1418,2,2,injection,injection,1,1
1,1419,2,2,injection,injection,1,1
1,1420,3,3,normal,normal,0,0
1,1421,3,3,normal,normal,0,0
1,1422,3,3,normal,normal,0,0
1,1423,3,3,normal,normal,0,0
1,1424,3,3,normal,normal,0,0
1,1425,3,3,normal,normal,0,0
1,1426,3,3,normal,normal,0,0
1,1427,3,3,normal,normal,0,0
1,1428,3,3,normal,normal,0,0
1,1429,4,4,password,password,1,1
1,1430,3,3,normal,normal,0,0
1,1431,3,3,normal,normal,0,0
1,1432,3,3,normal,normal,0,0
1,1433,0,0,backdoor,backdoor,1,1
1,1434,0,2,backdoor,injection,1,1
1,1435,2,2,injection,injection,1,1
1,1436,4,4,password,password,1,1
1,1437,4,4,password,password,1,1
1,1438,0,0,backdoor,backdoor,1,1
1,1439,2,2,injection,injection,1,1
1,1440,0,0,backdoor,backdoor,1,1
1,1441,4,4,password,password,1,1
1,1442,4,4,password,password,1,1
1,1443,4,4,password,password,1,1
1,1444,3,3,normal,normal,0,0
1,1445,4,4,password,password,1,1
1,1446,4,4,password,password,1,1
1,1447,2,2,injection,injection,1,1
1,1448,3,3,normal,normal,0,0
1,1449,2,2,injection,injection,1,1
1,1450,2,2,injection,injection,1,1
1,1451,4,4,password,password,1,1
1,1452,2,2,injection,injection,1,1
1,1453,3,3,normal,normal,0,0
1,1454,3,3,normal,normal,0,0
1,1455,3,3,normal,normal,0,0
1,1456,2,2,injection,injection,1,1
1,1457,3,3,normal,normal,0,0
1,1458,4,4,password,password,1,1
1,1459,3,3,normal,normal,0,0
1,1460,3,3,normal,normal,0,0
1,1461,0,0,backdoor,backdoor,1,1
1,1462,3,3,normal,normal,0,0
1,1463,4,4,password,password,1,1
1,1464,3,3,normal,normal,0,0
1,1465,3,3,normal,normal,0,0
1,1466,3,3,normal,normal,0,0
1,1467,0,0,backdoor,backdoor,1,1
1,1468,4,4,password,password,1,1
1,1469,3,3,normal,normal,0,0
1,1470,3,3,normal,normal,0,0
1,1471,2,2,injection,injection,1,1
1,1472,2,2,injection,injection,1,1
1,1473,3,3,normal,normal,0,0
1,1474,0,0,backdoor,backdoor,1,1
1,1475,0,2,backdoor,injection,1,1
1,1476,2,2,injection,injection,1,1
1,1477,2,2,injection,injection,1,1
1,1478,0,0,backdoor,backdoor,1,1
1,1479,3,3,normal,normal,0,0
1,1480,0,0,backdoor,backdoor,1,1
1,1481,3,3,normal,normal,0,0
1,1482,3,3,normal,normal,0,0
1,1483,3,3,normal,normal,0,0
1,1484,4,4,password,password,1,1
1,1485,3,3,normal,normal,0,0
1,1486,0,0,backdoor,backdoor,1,1
1,1487,4,4,password,password,1,1
1,1488,3,3,normal,normal,0,0
1,1489,3,3,normal,normal,0,0
1,1490,0,0,backdoor,backdoor,1,1
1,1491,3,3,normal,normal,0,0
1,1492,3,3,normal,normal,0,0
1,1493,4,4,password,password,1,1
1,1494,3,3,normal,normal,0,0
1,1495,0,0,backdoor,backdoor,1,1
1,1496,3,3,normal,normal,0,0
1,1497,2,2,injection,injection,1,1
1,1498,3,3,normal,normal,0,0
1,1499,3,3,normal,normal,0,0
1,1500,0,0,backdoor,backdoor,1,1
1,1501,3,3,normal,normal,0,0
1,1502,3,3,normal,normal,0,0
1,1503,3,3,normal,normal,0,0
1,1504,3,3,normal,normal,0,0
1,1505,3,3,normal,normal,0,0
1,1506,2,2,injection,injection,1,1
1,1507,2,2,injection,injection,1,1
1,1508,3,3,normal,normal,0,0
1,1509,3,3,normal,normal,0,0
1,1510,3,3,normal,normal,0,0
1,1511,3,3,normal,normal,0,0
1,1512,3,3,normal,normal,0,0
1,1513,2,2,injection,injection,1,1
1,1514,3,3,normal,normal,0,0
1,1515,3,3,normal,normal,0,0
1,1516,3,3,normal,normal,0,0
1,1517,3,3,normal,normal,0,0
1,1518,3,3,normal,normal,0,0
1,1519,0,0,backdoor,backdoor,1,1
1,1520,2,2,injection,injection,1,1
1,1521,3,3,normal,normal,0,0
1,1522,3,3,normal,normal,0,0
1,1523,0,0,backdoor,backdoor,1,1
1,1524,2,2,injection,injection,1,1
1,1525,2,2,injection,injection,1,1
1,1526,0,0,backdoor,backdoor,1,1
1,1527,4,4,password,password,1,1
1,1528,3,3,normal,normal,0,0
1,1529,2,2,injection,injection,1,1
1,1530,3,3,normal,normal,0,0
1,1531,3,3,normal,normal,0,0
1,1532,0,0,backdoor,backdoor,1,1
1,1533,3,3,normal,normal,0,0
1,1534,3,3,normal,normal,0,0
1,1535,4,4,password,password,1,1
1,1536,2,2,injection,injection,1,1
1,1537,0,2,backdoor,injection,1,1
1,1538,0,0,backdoor,backdoor,1,1
1,1539,0,0,backdoor,backdoor,1,1
1,1540,3,3,normal,normal,0,0
1,1541,4,4,password,password,1,1
1,1542,3,3,normal,normal,0,0
1,1543,4,4,password,password,1,1
1,1544,2,2,injection,injection,1,1
1,1545,2,2,injection,injection,1,1
1,1546,4,4,password,password,1,1
1,1547,0,0,backdoor,backdoor,1,1
1,1548,4,4,password,password,1,1
1,1549,3,3,normal,normal,0,0
1,1550,3,3,normal,normal,0,0
1,1551,3,3,normal,normal,0,0
1,1552,4,4,password,password,1,1
1,1553,2,2,injection,injection,1,1
1,1554,4,4,password,password,1,1
1,1555,3,3,normal,normal,0,0
1,1556,3,3,normal,normal,0,0
1,1557,4,4,password,password,1,1
1,1558,2,2,injection,injection,1,1
1,1559,0,0,backdoor,backdoor,1,1
1,1560,3,3,normal,normal,0,0
1,1561,3,3,normal,normal,0,0
1,1562,4,4,password,password,1,1
1,1563,0,2,backdoor,injection,1,1
1,1564,3,3,normal,normal,0,0
1,1565,2,2,injection,injection,1,1
1,1566,2,2,injection,injection,1,1
1,1567,0,0,backdoor,backdoor,1,1
1,1568,4,4,password,password,1,1
1,1569,3,3,normal,normal,0,0
1,1570,4,4,password,password,1,1
1,1571,0,0,backdoor,backdoor,1,1
1,1572,4,4,password,password,1,1
1,1573,3,3,normal,normal,0,0
1,1574,3,3,normal,normal,0,0
1,1575,3,3,normal,normal,0,0
1,1576,4,4,password,password,1,1
1,1577,3,3,normal,normal,0,0
1,1578,4,4,password,password,1,1
1,1579,4,4,password,password,1,1
1,1580,3,3,normal,normal,0,0
1,1581,3,3,normal,normal,0,0
1,1582,2,2,injection,injection,1,1
1,1583,3,3,normal,normal,0,0
1,1584,2,2,injection,injection,1,1
1,1585,4,4,password,password,1,1
1,1586,3,3,normal,normal,0,0
1,1587,3,3,normal,normal,0,0
1,1588,3,3,normal,normal,0,0
1,1589,4,4,password,password,1,1
1,1590,3,3,normal,normal,0,0
1,1591,3,3,normal,normal,0,0
1,1592,4,4,password,password,1,1
1,1593,3,3,normal,normal,0,0
1,1594,0,0,backdoor,backdoor,1,1
1,1595,3,3,normal,normal,0,0
1,1596,3,3,normal,normal,0,0
1,1597,3,3,normal,normal,0,0
1,1598,3,3,normal,normal,0,0
1,1599,4,4,password,password,1,1
1,1600,3,3,normal,normal,0,0
1,1601,2,2,injection,injection,1,1
1,1602,3,3,normal,normal,0,0
1,1603,3,3,normal,normal,0,0
1,1604,3,3,normal,normal,0,0
1,1605,0,0,backdoor,backdoor,1,1
1,1606,3,3,normal,normal,0,0
1,1607,3,3,normal,normal,0,0
1,1608,3,3,normal,normal,0,0
1,1609,2,2,injection,injection,1,1
1,1610,3,3,normal,normal,0,0
1,1611,0,2,backdoor,injection,1,1
1,1612,3,3,normal,normal,0,0
1,1613,4,4,password,password,1,1
1,1614,4,4,password,password,1,1
1,1615,4,4,password,password,1,1
1,1616,2,2,injection,injection,1,1
1,1617,3,3,normal,normal,0,0
1,1618,2,2,injection,injection,1,1
1,1619,3,3,normal,normal,0,0
1,1620,3,3,normal,normal,0,0
1,1621,4,4,password,password,1,1
1,1622,4,4,password,password,1,1
1,1623,3,3,normal,normal,0,0
1,1624,2,2,injection,injection,1,1
1,1625,3,3,normal,normal,0,0
1,1626,4,4,password,password,1,1
1,1627,2,2,injection,injection,1,1
1,1628,4,4,password,password,1,1
1,1629,0,2,backdoor,injection,1,1
1,1630,3,3,normal,normal,0,0
1,1631,3,3,normal,normal,0,0
1,1632,0,2,backdoor,injection,1,1
1,1633,4,4,password,password,1,1
1,1634,3,3,normal,normal,0,0
1,1635,3,3,normal,normal,0,0
1,1636,0,0,backdoor,backdoor,1,1
1,1637,3,3,normal,normal,0,0
1,1638,0,0,backdoor,backdoor,1,1
1,1639,3,3,normal,normal,0,0
1,1640,0,0,backdoor,backdoor,1,1
1,1641,3,3,normal,normal,0,0
1,1642,3,3,normal,normal,0,0
1,1643,3,3,normal,normal,0,0
1,1644,4,4,password,password,1,1
1,1645,4,4,password,password,1,1
1,1646,3,3,normal,normal,0,0
1,1647,3,3,normal,normal,0,0
1,1648,0,0,backdoor,backdoor,1,1
1,1649,3,3,normal,normal,0,0
1,1650,3,3,normal,normal,0,0
1,1651,0,0,backdoor,backdoor,1,1
1,1652,3,3,normal,normal,0,0
1,1653,3,3,normal,normal,0,0
1,1654,3,3,normal,normal,0,0
1,1655,3,3,normal,normal,0,0
1,1656,0,0,backdoor,backdoor,1,1
1,1657,2,2,injection,injection,1,1
1,1658,3,3,normal,normal,0,0
1,1659,3,3,normal,normal,0,0
1,1660,0,0,backdoor,backdoor,1,1
1,1661,3,3,normal,normal,0,0
1,1662,4,4,password,password,1,1
1,1663,3,3,normal,normal,0,0
1,1664,4,4,password,password,1,1
1,1665,2,2,injection,injection,1,1
1,1666,3,3,normal,normal,0,0
1,1667,2,2,injection,injection,1,1
1,1668,0,3,backdoor,normal,1,0
1,1669,3,3,normal,normal,0,0
1,1670,0,0,backdoor,backdoor,1,1
1,1671,4,4,password,password,1,1
1,1672,3,3,normal,normal,0,0
1,1673,2,2,injection,injection,1,1
1,1674,3,3,normal,normal,0,0
1,1675,2,2,injection,injection,1,1
1,1676,3,3,normal,normal,0,0
1,1677,0,2,backdoor,injection,1,1
1,1678,2,2,injection,injection,1,1
1,1679,4,4,password,password,1,1
1,1680,3,3,normal,normal,0,0
1,1681,3,3,normal,normal,0,0
1,1682,3,3,normal,normal,0,0
1,1683,3,3,normal,normal,0,0
1,1684,0,0,backdoor,backdoor,1,1
1,1685,0,2,backdoor,injection,1,1
1,1686,2,2,injection,injection,1,1
1,1687,3,3,normal,normal,0,0
1,1688,3,3,normal,normal,0,0
1,1689,3,3,normal,normal,0,0
1,1690,3,3,normal,normal,0,0
1,1691,4,4,password,password,1,1
1,1692,4,4,password,password,1,1
1,1693,3,3,normal,normal,0,0
1,1694,3,3,normal,normal,0,0
1,1695,2,2,injection,injection,1,1
1,1696,0,0,backdoor,backdoor,1,1
1,1697,3,3,normal,normal,0,0
1,1698,2,2,injection,injection,1,1
1,1699,0,0,backdoor,backdoor,1,1
1,1700,3,3,normal,normal,0,0
1,1701,3,3,normal,normal,0,0
1,1702,2,2,injection,injection,1,1
1,1703,3,3,normal,normal,0,0
1,1704,2,2,injection,injection,1,1
1,1705,2,2,injection,injection,1,1
1,1706,3,3,normal,normal,0,0
1,1707,3,3,normal,normal,0,0
1,1708,3,3,normal,normal,0,0
1,1709,2,2,injection,injection,1,1
1,1710,3,3,normal,normal,0,0
1,1711,2,2,injection,injection,1,1
1,1712,3,3,normal,normal,0,0
1,1713,3,3,normal,normal,0,0
1,1714,2,2,injection,injection,1,1
1,1715,0,0,backdoor,backdoor,1,1
1,1716,3,3,normal,normal,0,0
1,1717,2,2,injection,injection,1,1
1,1718,3,3,normal,normal,0,0
1,1719,4,4,password,password,1,1
1,1720,4,4,password,password,1,1
1,1721,3,3,normal,normal,0,0
1,1722,0,0,backdoor,backdoor,1,1
1,1723,3,3,normal,normal,0,0
1,1724,3,3,normal,normal,0,0
1,1725,2,2,injection,injection,1,1
1,1726,2,2,injection,injection,1,1
1,1727,3,3,normal,normal,0,0
1,1728,3,3,normal,normal,0,0
1,1729,2,2,injection,injection,1,1
1,1730,0,2,backdoor,injection,1,1
1,1731,2,2,injection,injection,1,1
1,1732,2,2,injection,injection,1,1
1,1733,3,3,normal,normal,0,0
1,1734,3,3,normal,normal,0,0
1,1735,2,2,injection,injection,1,1
1,1736,3,3,normal,normal,0,0
1,1737,4,4,password,password,1,1
1,1738,0,0,backdoor,backdoor,1,1
1,1739,0,2,backdoor,injection,1,1
1,1740,0,0,backdoor,backdoor,1,1
1,1741,2,2,injection,injection,1,1
1,1742,3,3,normal,normal,0,0
1,1743,2,2,injection,injection,1,1
1,1744,4,4,password,password,1,1
1,1745,0,0,backdoor,backdoor,1,1
1,1746,3,3,normal,normal,0,0
1,1747,3,3,normal,normal,0,0
1,1748,3,3,normal,normal,0,0
1,1749,3,3,normal,normal,0,0
1,1750,0,0,backdoor,backdoor,1,1
1,1751,4,4,password,password,1,1
1,1752,0,0,backdoor,backdoor,1,1
1,1753,2,2,injection,injection,1,1
1,1754,3,3,normal,normal,0,0
1,1755,3,3,normal,normal,0,0
1,1756,3,3,normal,normal,0,0
1,1757,2,0,injection,backdoor,1,1
1,1758,0,0,backdoor,backdoor,1,1
1,1759,4,4,password,password,1,1
1,1760,2,2,injection,injection,1,1
1,1761,3,3,normal,normal,0,0
1,1762,4,4,password,password,1,1
1,1763,0,0,backdoor,backdoor,1,1
1,1764,3,3,normal,normal,0,0
1,1765,2,2,injection,injection,1,1
1,1766,4,4,password,password,1,1
1,1767,3,3,normal,normal,0,0
1,1768,2,2,injection,injection,1,1
1,1769,3,3,normal,normal,0,0
1,1770,4,4,password,password,1,1
1,1771,0,0,backdoor,backdoor,1,1
1,1772,3,3,normal,normal,0,0
1,1773,0,2,backdoor,injection,1,1
1,1774,4,4,password,password,1,1
1,1775,3,3,normal,normal,0,0
1,1776,3,3,normal,normal,0,0
1,1777,4,4,password,password,1,1
1,1778,0,0,backdoor,backdoor,1,1
1,1779,0,0,backdoor,backdoor,1,1
1,1780,3,3,normal,normal,0,0
1,1781,0,0,backdoor,backdoor,1,1
1,1782,0,2,backdoor,injection,1,1
1,1783,3,3,normal,normal,0,0
1,1784,0,0,backdoor,backdoor,1,1
1,1785,0,0,backdoor,backdoor,1,1
1,1786,3,3,normal,normal,0,0
1,1787,2,2,injection,injection,1,1
1,1788,2,2,injection,injection,1,1
1,1789,3,3,normal,normal,0,0
1,1790,2,2,injection,injection,1,1
1,1791,2,2,injection,injection,1,1
1,1792,2,2,injection,injection,1,1
1,1793,3,3,normal,normal,0,0
1,1794,4,4,password,password,1,1
1,1795,3,3,normal,normal,0,0
1,1796,4,4,password,password,1,1
1,1797,2,2,injection,injection,1,1
1,1798,3,3,normal,normal,0,0
1,1799,2,2,injection,injection,1,1
1,1800,3,3,normal,normal,0,0
1,1801,3,3,normal,normal,0,0
1,1802,2,0,injection,backdoor,1,1
1,1803,2,2,injection,injection,1,1
1,1804,4,4,password,password,1,1
1,1805,4,4,password,password,1,1
1,1806,3,3,normal,normal,0,0
1,1807,3,3,normal,normal,0,0
1,1808,3,3,normal,normal,0,0
1,1809,0,3,backdoor,normal,1,0
1,1810,4,4,password,password,1,1
1,1811,0,0,backdoor,backdoor,1,1
1,1812,0,2,backdoor,injection,1,1
1,1813,4,4,password,password,1,1
1,1814,0,0,backdoor,backdoor,1,1
1,1815,4,4,password,password,1,1
1,1816,3,3,normal,normal,0,0
1,1817,3,3,normal,normal,0,0
1,1818,4,4,password,password,1,1
1,1819,4,4,password,password,1,1
1,1820,4,4,password,password,1,1
1,1821,3,3,normal,normal,0,0
1,1822,4,4,password,password,1,1
1,1823,3,3,normal,normal,0,0
1,1824,4,4,password,password,1,1
1,1825,3,3,normal,normal,0,0
1,1826,3,3,normal,normal,0,0
1,1827,0,2,backdoor,injection,1,1
1,1828,2,2,injection,injection,1,1
1,1829,3,3,normal,normal,0,0
1,1830,3,3,normal,normal,0,0
1,1831,0,0,backdoor,backdoor,1,1
1,1832,0,2,backdoor,injection,1,1
1,1833,3,3,normal,normal,0,0
1,1834,3,3,normal,normal,0,0
1,1835,0,0,backdoor,backdoor,1,1
1,1836,3,3,normal,normal,0,0
1,1837,2,2,injection,injection,1,1
1,1838,0,2,backdoor,injection,1,1
1,1839,3,3,normal,normal,0,0
1,1840,3,3,normal,normal,0,0
1,1841,0,2,backdoor,injection,1,1
1,1842,2,2,injection,injection,1,1
1,1843,3,3,normal,normal,0,0
1,1844,3,3,normal,normal,0,0
1,1845,3,3,normal,normal,0,0
1,1846,2,2,injection,injection,1,1
1,1847,3,3,normal,normal,0,0
1,1848,4,4,password,password,1,1
1,1849,0,0,backdoor,backdoor,1,1
1,1850,3,3,normal,normal,0,0
1,1851,4,4,password,password,1,1
1,1852,2,2,injection,injection,1,1
1,1853,2,2,injection,injection,1,1
1,1854,3,3,normal,normal,0,0
1,1855,3,3,normal,normal,0,0
1,1856,0,0,backdoor,backdoor,1,1
1,1857,0,3,backdoor,normal,1,0
1,1858,2,2,injection,injection,1,1
1,1859,3,3,normal,normal,0,0
1,1860,2,2,injection,injection,1,1
1,1861,2,2,injection,injection,1,1
1,1862,0,2,backdoor,injection,1,1
1,1863,3,3,normal,normal,0,0
1,1864,0,2,backdoor,injection,1,1
1,1865,3,3,normal,normal,0,0
1,1866,4,4,password,password,1,1
1,1867,2,2,injection,injection,1,1
1,1868,2,2,injection,injection,1,1
1,1869,2,2,injection,injection,1,1
1,1870,3,3,normal,normal,0,0
1,1871,0,0,backdoor,backdoor,1,1
1,1872,2,2,injection,injection,1,1
1,1873,3,3,normal,normal,0,0
1,1874,2,2,injection,injection,1,1
1,1875,4,4,password,password,1,1
1,1876,3,3,normal,normal,0,0
1,1877,3,3,normal,normal,0,0
1,1878,3,3,normal,normal,0,0
1,1879,3,3,normal,normal,0,0
1,1880,3,3,normal,normal,0,0
1,1881,0,0,backdoor,backdoor,1,1
1,1882,3,3,normal,normal,0,0
1,1883,3,3,normal,normal,0,0
1,1884,0,2,backdoor,injection,1,1
1,1885,2,2,injection,injection,1,1
1,1886,0,0,backdoor,backdoor,1,1
1,1887,3,3,normal,normal,0,0
1,1888,4,4,password,password,1,1
1,1889,3,3,normal,normal,0,0
1,1890,0,0,backdoor,backdoor,1,1
1,1891,3,3,normal,normal,0,0
1,1892,3,3,normal,normal,0,0
1,1893,3,3,normal,normal,0,0
1,1894,3,3,normal,normal,0,0
1,1895,3,3,normal,normal,0,0
1,1896,3,3,normal,normal,0,0
1,1897,2,2,injection,injection,1,1
1,1898,0,0,backdoor,backdoor,1,1
1,1899,4,4,password,password,1,1
1,1900,4,4,password,password,1,1
1,1901,3,3,normal,normal,0,0
1,1902,2,0,injection,backdoor,1,1
1,1903,4,4,password,password,1,1
1,1904,0,0,backdoor,backdoor,1,1
1,1905,3,3,normal,normal,0,0
1,1906,3,3,normal,normal,0,0
1,1907,3,3,normal,normal,0,0
1,1908,3,3,normal,normal,0,0
1,1909,3,3,normal,normal,0,0
1,1910,2,2,injection,injection,1,1
1,1911,3,3,normal,normal,0,0
1,1912,4,4,password,password,1,1
1,1913,0,0,backdoor,backdoor,1,1
1,1914,4,4,password,password,1,1
1,1915,4,4,password,password,1,1
1,1916,0,0,backdoor,backdoor,1,1
1,1917,4,4,password,password,1,1
1,1918,0,0,backdoor,backdoor,1,1
1,1919,2,2,injection,injection,1,1
1,1920,0,0,backdoor,backdoor,1,1
1,1921,3,3,normal,normal,0,0
1,1922,0,0,backdoor,backdoor,1,1
1,1923,2,2,injection,injection,1,1
1,1924,3,3,normal,normal,0,0
1,1925,3,3,normal,normal,0,0
1,1926,3,3,normal,normal,0,0
1,1927,3,3,normal,normal,0,0
1,1928,2,2,injection,injection,1,1
1,1929,4,4,password,password,1,1
1,1930,3,3,normal,normal,0,0
1,1931,3,3,normal,normal,0,0
1,1932,0,0,backdoor,backdoor,1,1
1,1933,2,2,injection,injection,1,1
1,1934,3,3,normal,normal,0,0
1,1935,3,3,normal,normal,0,0
1,1936,2,2,injection,injection,1,1
1,1937,0,0,backdoor,backdoor,1,1
1,1938,3,3,normal,normal,0,0
1,1939,2,2,injection,injection,1,1
1,1940,3,3,normal,normal,0,0
1,1941,3,3,normal,normal,0,0
1,1942,4,4,password,password,1,1
1,1943,3,3,normal,normal,0,0
1,1944,0,0,backdoor,backdoor,1,1
1,1945,3,3,normal,normal,0,0
1,1946,2,2,injection,injection,1,1
1,1947,3,3,normal,normal,0,0
1,1948,2,2,injection,injection,1,1
1,1949,2,2,injection,injection,1,1
1,1950,3,3,normal,normal,0,0
1,1951,3,3,normal,normal,0,0
1,1952,3,3,normal,normal,0,0
1,1953,3,3,normal,normal,0,0
1,1954,2,2,injection,injection,1,1
1,1955,0,0,backdoor,backdoor,1,1
1,1956,0,0,backdoor,backdoor,1,1
1,1957,4,4,password,password,1,1
1,1958,3,3,normal,normal,0,0
1,1959,2,2,injection,injection,1,1
1,1960,0,0,backdoor,backdoor,1,1
1,1961,3,3,normal,normal,0,0
1,1962,3,3,normal,normal,0,0
1,1963,3,3,normal,normal,0,0
1,1964,2,2,injection,injection,1,1
1,1965,0,0,backdoor,backdoor,1,1
1,1966,2,2,injection,injection,1,1
1,1967,3,3,normal,normal,0,0
1,1968,3,3,normal,normal,0,0
1,1969,3,3,normal,normal,0,0
1,1970,4,4,password,password,1,1
1,1971,2,2,injection,injection,1,1
1,1972,2,2,injection,injection,1,1
1,1973,0,2,backdoor,injection,1,1
1,1974,2,2,injection,injection,1,1
1,1975,2,2,injection,injection,1,1
1,1976,3,3,normal,normal,0,0
1,1977,2,2,injection,injection,1,1
1,1978,3,3,normal,normal,0,0
1,1979,3,3,normal,normal,0,0
1,1980,3,3,normal,normal,0,0
1,1981,3,3,normal,normal,0,0
1,1982,0,0,backdoor,backdoor,1,1
1,1983,3,3,normal,normal,0,0
1,1984,4,4,password,password,1,1
1,1985,3,3,normal,normal,0,0
1,1986,3,3,normal,normal,0,0
1,1987,3,3,normal,normal,0,0
1,1988,0,2,backdoor,injection,1,1
1,1989,3,3,normal,normal,0,0
1,1990,2,2,injection,injection,1,1
1,1991,3,3,normal,normal,0,0
1,1992,3,3,normal,normal,0,0
1,1993,4,4,password,password,1,1
1,1994,4,4,password,password,1,1
1,1995,0,0,backdoor,backdoor,1,1
1,1996,3,3,normal,normal,0,0
1,1997,3,3,normal,normal,0,0
1,1998,3,3,normal,normal,0,0
1,1999,0,0,backdoor,backdoor,1,1
1,2000,4,4,password,password,1,1
1,2001,0,0,backdoor,backdoor,1,1
1,2002,3,3,normal,normal,0,0
1,2003,2,2,injection,injection,1,1
1,2004,3,3,normal,normal,0,0
1,2005,2,2,injection,injection,1,1
1,2006,3,3,normal,normal,0,0
1,2007,3,3,normal,normal,0,0
1,2008,3,3,normal,normal,0,0
1,2009,3,3,normal,normal,0,0
1,2010,3,3,normal,normal,0,0
1,2011,3,3,normal,normal,0,0
1,2012,3,3,normal,normal,0,0
1,2013,3,3,normal,normal,0,0
1,2014,3,3,normal,normal,0,0
1,2015,3,3,normal,normal,0,0
1,2016,2,2,injection,injection,1,1
1,2017,0,0,backdoor,backdoor,1,1
1,2018,4,4,password,password,1,1
1,2019,0,0,backdoor,backdoor,1,1
1,2020,3,3,normal,normal,0,0
1,2021,3,3,normal,normal,0,0
1,2022,4,4,password,password,1,1
1,2023,2,2,injection,injection,1,1
1,2024,3,3,normal,normal,0,0
1,2025,2,2,injection,injection,1,1
1,2026,4,4,password,password,1,1
1,2027,3,3,normal,normal,0,0
1,2028,2,2,injection,injection,1,1
1,2029,0,0,backdoor,backdoor,1,1
1,2030,3,3,normal,normal,0,0
1,2031,3,3,normal,normal,0,0
1,2032,4,4,password,password,1,1
1,2033,3,3,normal,normal,0,0
1,2034,3,3,normal,normal,0,0
1,2035,0,0,backdoor,backdoor,1,1
1,2036,3,3,normal,normal,0,0
1,2037,3,3,normal,normal,0,0
1,2038,0,0,backdoor,backdoor,1,1
1,2039,2,2,injection,injection,1,1
1,2040,4,4,password,password,1,1
1,2041,3,3,normal,normal,0,0
1,2042,2,2,injection,injection,1,1
1,2043,3,3,normal,normal,0,0
1,2044,3,3,normal,normal,0,0
1,2045,3,3,normal,normal,0,0
1,2046,3,3,normal,normal,0,0
1,2047,2,2,injection,injection,1,1
1,2048,0,0,backdoor,backdoor,1,1
1,2049,3,3,normal,normal,0,0
1,2050,0,0,backdoor,backdoor,1,1
1,2051,2,2,injection,injection,1,1
1,2052,3,3,normal,normal,0,0
1,2053,3,3,normal,normal,0,0
1,2054,3,3,normal,normal,0,0
1,2055,3,3,normal,normal,0,0
1,2056,3,3,normal,normal,0,0
1,2057,4,4,password,password,1,1
1,2058,4,4,password,password,1,1
1,2059,4,4,password,password,1,1
1,2060,0,0,backdoor,backdoor,1,1
1,2061,3,3,normal,normal,0,0
1,2062,3,3,normal,normal,0,0
1,2063,3,3,normal,normal,0,0
1,2064,4,4,password,password,1,1
1,2065,3,3,normal,normal,0,0
1,2066,4,4,password,password,1,1
1,2067,3,3,normal,normal,0,0
1,2068,4,4,password,password,1,1
1,2069,3,3,normal,normal,0,0
1,2070,3,3,normal,normal,0,0
1,2071,2,2,injection,injection,1,1
1,2072,0,0,backdoor,backdoor,1,1
1,2073,2,2,injection,injection,1,1
1,2074,3,3,normal,normal,0,0
1,2075,3,3,normal,normal,0,0
1,2076,3,3,normal,normal,0,0
1,2077,3,3,normal,normal,0,0
1,2078,4,4,password,password,1,1
1,2079,3,3,normal,normal,0,0
1,2080,4,4,password,password,1,1
1,2081,3,3,normal,normal,0,0
1,2082,3,3,normal,normal,0,0
1,2083,2,2,injection,injection,1,1
1,2084,3,3,normal,normal,0,0
1,2085,2,2,injection,injection,1,1
1,2086,4,4,password,password,1,1
1,2087,2,2,injection,injection,1,1
1,2088,3,3,normal,normal,0,0
1,2089,3,3,normal,normal,0,0
1,2090,4,4,password,password,1,1
1,2091,0,0,backdoor,backdoor,1,1
1,2092,3,3,normal,normal,0,0
1,2093,0,0,backdoor,backdoor,1,1
1,2094,3,3,normal,normal,0,0
1,2095,0,0,backdoor,backdoor,1,1
1,2096,2,2,injection,injection,1,1
1,2097,3,3,normal,normal,0,0
1,2098,3,3,normal,normal,0,0
1,2099,0,2,backdoor,injection,1,1
1,2100,4,4,password,password,1,1
1,2101,2,2,injection,injection,1,1
1,2102,3,3,normal,normal,0,0
1,2103,3,3,normal,normal,0,0
1,2104,3,3,normal,normal,0,0
1,2105,2,2,injection,injection,1,1
1,2106,2,2,injection,injection,1,1
1,2107,4,4,password,password,1,1
1,2108,2,2,injection,injection,1,1
1,2109,3,3,normal,normal,0,0
1,2110,3,3,normal,normal,0,0
1,2111,0,0,backdoor,backdoor,1,1
1,2112,3,3,normal,normal,0,0
1,2113,0,0,backdoor,backdoor,1,1
1,2114,3,3,normal,normal,0,0
1,2115,4,4,password,password,1,1
1,2116,3,3,normal,normal,0,0
1,2117,3,3,normal,normal,0,0
1,2118,3,3,normal,normal,0,0
1,2119,2,2,injection,injection,1,1
1,2120,2,2,injection,injection,1,1
1,2121,3,3,normal,normal,0,0
1,2122,3,3,normal,normal,0,0
1,2123,2,2,injection,injection,1,1
1,2124,0,0,backdoor,backdoor,1,1
1,2125,2,2,injection,injection,1,1
1,2126,0,2,backdoor,injection,1,1
1,2127,2,2,injection,injection,1,1
1,2128,2,2,injection,injection,1,1
1,2129,4,4,password,password,1,1
1,2130,4,4,password,password,1,1
1,2131,4,4,password,password,1,1
1,2132,3,3,normal,normal,0,0
1,2133,0,2,backdoor,injection,1,1
1,2134,2,2,injection,injection,1,1
1,2135,3,3,normal,normal,0,0
1,2136,3,3,normal,normal,0,0
1,2137,3,3,normal,normal,0,0
1,2138,2,2,injection,injection,1,1
1,2139,2,2,injection,injection,1,1
1,2140,4,4,password,password,1,1
1,2141,4,4,password,password,1,1
1,2142,0,0,backdoor,backdoor,1,1
1,2143,0,0,backdoor,backdoor,1,1
1,2144,3,3,normal,normal,0,0
1,2145,3,3,normal,normal,0,0
1,2146,2,2,injection,injection,1,1
1,2147,3,3,normal,normal,0,0
1,2148,3,3,normal,normal,0,0
1,2149,3,3,normal,normal,0,0
1,2150,0,0,backdoor,backdoor,1,1
1,2151,0,0,backdoor,backdoor,1,1
1,2152,0,0,backdoor,backdoor,1,1
1,2153,3,3,normal,normal,0,0
1,2154,4,4,password,password,1,1
1,2155,0,0,backdoor,backdoor,1,1
1,2156,3,3,normal,normal,0,0
1,2157,3,3,normal,normal,0,0
1,2158,3,3,normal,normal,0,0
1,2159,0,2,backdoor,injection,1,1
1,2160,3,3,normal,normal,0,0
1,2161,2,2,injection,injection,1,1
1,2162,4,4,password,password,1,1
1,2163,3,3,normal,normal,0,0
1,2164,3,3,normal,normal,0,0
1,2165,4,4,password,password,1,1
1,2166,2,2,injection,injection,1,1
1,2167,3,3,normal,normal,0,0
1,2168,4,4,password,password,1,1
1,2169,3,3,normal,normal,0,0
1,2170,3,3,normal,normal,0,0
1,2171,4,4,password,password,1,1
1,2172,2,2,injection,injection,1,1
1,2173,4,4,password,password,1,1
1,2174,3,3,normal,normal,0,0
1,2175,3,3,normal,normal,0,0
1,2176,3,3,normal,normal,0,0
1,2177,0,0,backdoor,backdoor,1,1
1,2178,0,0,backdoor,backdoor,1,1
1,2179,2,2,injection,injection,1,1
1,2180,2,2,injection,injection,1,1
1,2181,0,0,backdoor,backdoor,1,1
1,2182,3,3,normal,normal,0,0
1,2183,3,3,normal,normal,0,0
1,2184,4,4,password,password,1,1
1,2185,3,3,normal,normal,0,0
1,2186,2,2,injection,injection,1,1
1,2187,0,0,backdoor,backdoor,1,1
1,2188,4,4,password,password,1,1
1,2189,4,4,password,password,1,1
1,2190,3,3,normal,normal,0,0
1,2191,3,3,normal,normal,0,0
1,2192,0,0,backdoor,backdoor,1,1
1,2193,4,4,password,password,1,1
1,2194,2,2,injection,injection,1,1
1,2195,0,0,backdoor,backdoor,1,1
1,2196,2,2,injection,injection,1,1
1,2197,4,4,password,password,1,1
1,2198,4,4,password,password,1,1
1,2199,3,3,normal,normal,0,0
1,2200,0,0,backdoor,backdoor,1,1
1,2201,3,3,normal,normal,0,0
1,2202,3,3,normal,normal,0,0
1,2203,0,0,backdoor,backdoor,1,1
1,2204,3,3,normal,normal,0,0
1,2205,4,4,password,password,1,1
1,2206,3,3,normal,normal,0,0
1,2207,3,3,normal,normal,0,0
1,2208,3,3,normal,normal,0,0
1,2209,3,3,normal,normal,0,0
1,2210,3,3,normal,normal,0,0
1,2211,3,3,normal,normal,0,0
1,2212,0,0,backdoor,backdoor,1,1
1,2213,3,3,normal,normal,0,0
1,2214,3,3,normal,normal,0,0
1,2215,3,3,normal,normal,0,0
1,2216,0,2,backdoor,injection,1,1
1,2217,0,2,backdoor,injection,1,1
1,2218,0,0,backdoor,backdoor,1,1
1,2219,4,4,password,password,1,1
1,2220,2,2,injection,injection,1,1
1,2221,4,4,password,password,1,1
1,2222,0,0,backdoor,backdoor,1,1
1,2223,3,3,normal,normal,0,0
1,2224,4,4,password,password,1,1
1,2225,2,2,injection,injection,1,1
1,2226,4,4,password,password,1,1
1,2227,3,3,normal,normal,0,0
1,2228,3,3,normal,normal,0,0
1,2229,4,4,password,password,1,1
1,2230,0,0,backdoor,backdoor,1,1
1,2231,3,3,normal,normal,0,0
1,2232,2,2,injection,injection,1,1
1,2233,0,0,backdoor,backdoor,1,1
1,2234,2,2,injection,injection,1,1
1,2235,0,0,backdoor,backdoor,1,1
1,2236,0,0,backdoor,backdoor,1,1
1,2237,2,2,injection,injection,1,1
1,2238,0,2,backdoor,injection,1,1
1,2239,2,2,injection,injection,1,1
1,2240,2,2,injection,injection,1,1
1,2241,3,3,normal,normal,0,0
1,2242,3,3,normal,normal,0,0
1,2243,0,0,backdoor,backdoor,1,1
1,2244,4,4,password,password,1,1
1,2245,3,3,normal,normal,0,0
1,2246,3,3,normal,normal,0,0
1,2247,3,3,normal,normal,0,0
1,2248,3,3,normal,normal,0,0
1,2249,3,3,normal,normal,0,0
1,2250,3,3,normal,normal,0,0
1,2251,4,4,password,password,1,1
1,2252,4,4,password,password,1,1
1,2253,3,3,normal,normal,0,0
1,2254,2,2,injection,injection,1,1
1,2255,4,4,password,password,1,1
1,2256,3,3,normal,normal,0,0
1,2257,3,3,normal,normal,0,0
1,2258,3,3,normal,normal,0,0
1,2259,2,2,injection,injection,1,1
1,2260,2,2,injection,injection,1,1
1,2261,3,3,normal,normal,0,0
1,2262,2,2,injection,injection,1,1
1,2263,3,3,normal,normal,0,0
1,2264,3,3,normal,normal,0,0
1,2265,0,0,backdoor,backdoor,1,1
1,2266,2,2,injection,injection,1,1
1,2267,3,3,normal,normal,0,0
1,2268,3,3,normal,normal,0,0
1,2269,0,0,backdoor,backdoor,1,1
1,2270,2,0,injection,backdoor,1,1
1,2271,0,0,backdoor,backdoor,1,1
1,2272,2,2,injection,injection,1,1
1,2273,0,2,backdoor,injection,1,1
1,2274,2,2,injection,injection,1,1
1,2275,2,2,injection,injection,1,1
1,2276,2,2,injection,injection,1,1
1,2277,0,0,backdoor,backdoor,1,1
1,2278,3,3,normal,normal,0,0
1,2279,3,3,normal,normal,0,0
1,2280,4,4,password,password,1,1
1,2281,2,2,injection,injection,1,1
1,2282,2,2,injection,injection,1,1
1,2283,3,3,normal,normal,0,0
1,2284,4,4,password,password,1,1
1,2285,3,3,normal,normal,0,0
1,2286,4,4,password,password,1,1
1,2287,3,3,normal,normal,0,0
1,2288,3,3,normal,normal,0,0
1,2289,0,2,backdoor,injection,1,1
1,2290,4,4,password,password,1,1
1,2291,3,3,normal,normal,0,0
1,2292,3,3,normal,normal,0,0
1,2293,3,3,normal,normal,0,0
1,2294,4,4,password,password,1,1
1,2295,3,3,normal,normal,0,0
1,2296,4,4,password,password,1,1
1,2297,3,3,normal,normal,0,0
1,2298,3,3,normal,normal,0,0
1,2299,3,3,normal,normal,0,0
1,2300,2,2,injection,injection,1,1
1,2301,0,0,backdoor,backdoor,1,1
1,2302,4,4,password,password,1,1
1,2303,3,3,normal,normal,0,0
1,2304,2,2,injection,injection,1,1
1,2305,4,4,password,password,1,1
1,2306,0,0,backdoor,backdoor,1,1
1,2307,3,3,normal,normal,0,0
1,2308,0,0,backdoor,backdoor,1,1
1,2309,0,2,backdoor,injection,1,1
1,2310,0,0,backdoor,backdoor,1,1
1,2311,3,3,normal,normal,0,0
1,2312,3,3,normal,normal,0,0
1,2313,3,3,normal,normal,0,0
1,2314,3,3,normal,normal,0,0
1,2315,3,3,normal,normal,0,0
1,2316,3,3,normal,normal,0,0
1,2317,3,3,normal,normal,0,0
1,2318,0,0,backdoor,backdoor,1,1
1,2319,3,3,normal,normal,0,0
1,2320,4,4,password,password,1,1
1,2321,3,3,normal,normal,0,0
1,2322,3,3,normal,normal,0,0
1,2323,2,2,injection,injection,1,1
1,2324,3,3,normal,normal,0,0
1,2325,3,3,normal,normal,0,0
1,2326,2,2,injection,injection,1,1
1,2327,3,3,normal,normal,0,0
1,2328,3,3,normal,normal,0,0
1,2329,0,0,backdoor,backdoor,1,1
1,2330,3,3,normal,normal,0,0
1,2331,2,2,injection,injection,1,1
1,2332,3,3,normal,normal,0,0
1,2333,3,3,normal,normal,0,0
1,2334,3,3,normal,normal,0,0
1,2335,3,3,normal,normal,0,0
1,2336,4,4,password,password,1,1
1,2337,3,3,normal,normal,0,0
1,2338,3,3,normal,normal,0,0
1,2339,3,3,normal,normal,0,0
1,2340,0,0,backdoor,backdoor,1,1
1,2341,3,3,normal,normal,0,0
1,2342,3,3,normal,normal,0,0
1,2343,4,4,password,password,1,1
1,2344,3,3,normal,normal,0,0
1,2345,0,0,backdoor,backdoor,1,1
1,2346,3,3,normal,normal,0,0
1,2347,3,3,normal,normal,0,0
1,2348,4,4,password,password,1,1
1,2349,3,3,normal,normal,0,0
1,2350,3,3,normal,normal,0,0
1,2351,3,3,normal,normal,0,0
1,2352,4,4,password,password,1,1
1,2353,0,0,backdoor,backdoor,1,1
1,2354,3,3,normal,normal,0,0
1,2355,0,2,backdoor,injection,1,1
1,2356,3,3,normal,normal,0,0
1,2357,3,3,normal,normal,0,0
1,2358,0,0,backdoor,backdoor,1,1
1,2359,0,0,backdoor,backdoor,1,1
1,2360,2,2,injection,injection,1,1
1,2361,4,4,password,password,1,1
1,2362,4,4,password,password,1,1
1,2363,3,3,normal,normal,0,0
1,2364,3,3,normal,normal,0,0
1,2365,3,3,normal,normal,0,0
1,2366,3,3,normal,normal,0,0
1,2367,4,4,password,password,1,1
1,2368,3,3,normal,normal,0,0
1,2369,2,2,injection,injection,1,1
1,2370,2,2,injection,injection,1,1
1,2371,4,4,password,password,1,1
1,2372,3,3,normal,normal,0,0
1,2373,2,2,injection,injection,1,1
1,2374,3,3,normal,normal,0,0
1,2375,3,3,normal,normal,0,0
1,2376,0,0,backdoor,backdoor,1,1
1,2377,4,4,password,password,1,1
1,2378,3,3,normal,normal,0,0
1,2379,3,3,normal,normal,0,0
1,2380,2,2,injection,injection,1,1
1,2381,3,3,normal,normal,0,0
1,2382,0,0,backdoor,backdoor,1,1
1,2383,3,3,normal,normal,0,0
1,2384,0,0,backdoor,backdoor,1,1
1,2385,4,4,password,password,1,1
1,2386,3,3,normal,normal,0,0
1,2387,0,0,backdoor,backdoor,1,1
1,2388,3,3,normal,normal,0,0
1,2389,3,3,normal,normal,0,0
1,2390,4,4,password,password,1,1
1,2391,4,4,password,password,1,1
1,2392,2,2,injection,injection,1,1
1,2393,0,2,backdoor,injection,1,1
1,2394,3,3,normal,normal,0,0
1,2395,2,2,injection,injection,1,1
1,2396,3,3,normal,normal,0,0
1,2397,2,2,injection,injection,1,1
1,2398,3,3,normal,normal,0,0
1,2399,2,2,injection,injection,1,1
1,2400,3,3,normal,normal,0,0
1,2401,3,3,normal,normal,0,0
1,2402,4,4,password,password,1,1
1,2403,3,3,normal,normal,0,0
1,2404,3,3,normal,normal,0,0
1,2405,3,3,normal,normal,0,0
1,2406,0,2,backdoor,injection,1,1
1,2407,3,3,normal,normal,0,0
1,2408,3,3,normal,normal,0,0
1,2409,3,3,normal,normal,0,0
1,2410,2,2,injection,injection,1,1
1,2411,3,3,normal,normal,0,0
1,2412,0,0,backdoor,backdoor,1,1
1,2413,2,2,injection,injection,1,1
1,2414,4,4,password,password,1,1
1,2415,3,3,normal,normal,0,0
1,2416,3,3,normal,normal,0,0
1,2417,3,3,normal,normal,0,0
1,2418,4,4,password,password,1,1
1,2419,3,3,normal,normal,0,0
1,2420,0,2,backdoor,injection,1,1
1,2421,4,4,password,password,1,1
1,2422,0,2,backdoor,injection,1,1
1,2423,3,3,normal,normal,0,0
1,2424,3,3,normal,normal,0,0
1,2425,2,2,injection,injection,1,1
1,2426,3,3,normal,normal,0,0
1,2427,0,0,backdoor,backdoor,1,1
1,2428,0,0,backdoor,backdoor,1,1
1,2429,3,3,normal,normal,0,0
1,2430,4,4,password,password,1,1
1,2431,0,0,backdoor,backdoor,1,1
1,2432,3,3,normal,normal,0,0
1,2433,0,0,backdoor,backdoor,1,1
1,2434,2,2,injection,injection,1,1
1,2435,2,2,injection,injection,1,1
1,2436,3,3,normal,normal,0,0
1,2437,3,3,normal,normal,0,0
1,2438,3,3,normal,normal,0,0
1,2439,0,0,backdoor,backdoor,1,1
1,2440,4,4,password,password,1,1
1,2441,3,3,normal,normal,0,0
1,2442,2,2,injection,injection,1,1
1,2443,3,3,normal,normal,0,0
1,2444,4,4,password,password,1,1
1,2445,3,3,normal,normal,0,0
1,2446,4,4,password,password,1,1
1,2447,3,3,normal,normal,0,0
1,2448,2,2,injection,injection,1,1
1,2449,0,0,backdoor,backdoor,1,1
1,2450,0,0,backdoor,backdoor,1,1
1,2451,2,2,injection,injection,1,1
1,2452,4,4,password,password,1,1
1,2453,3,3,normal,normal,0,0
1,2454,0,0,backdoor,backdoor,1,1
1,2455,3,3,normal,normal,0,0
1,2456,3,3,normal,normal,0,0
1,2457,3,3,normal,normal,0,0
1,2458,2,2,injection,injection,1,1
1,2459,4,4,password,password,1,1
1,2460,2,2,injection,injection,1,1
1,2461,3,3,normal,normal,0,0
1,2462,3,3,normal,normal,0,0
1,2463,3,3,normal,normal,0,0
1,2464,3,3,normal,normal,0,0
1,2465,0,0,backdoor,backdoor,1,1
1,2466,4,4,password,password,1,1
1,2467,3,3,normal,normal,0,0
1,2468,3,3,normal,normal,0,0
1,2469,3,3,normal,normal,0,0
1,2470,4,4,password,password,1,1
1,2471,3,3,normal,normal,0,0
1,2472,4,4,password,password,1,1
1,2473,3,3,normal,normal,0,0
1,2474,3,3,normal,normal,0,0
1,2475,4,4,password,password,1,1
1,2476,0,2,backdoor,injection,1,1
1,2477,3,3,normal,normal,0,0
1,2478,2,2,injection,injection,1,1
1,2479,0,0,backdoor,backdoor,1,1
1,2480,2,2,injection,injection,1,1
1,2481,2,2,injection,injection,1,1
1,2482,3,3,normal,normal,0,0
1,2483,3,3,normal,normal,0,0
1,2484,3,3,normal,normal,0,0
1,2485,3,3,normal,normal,0,0
1,2486,0,2,backdoor,injection,1,1
1,2487,4,4,password,password,1,1
1,2488,3,3,normal,normal,0,0
1,2489,3,3,normal,normal,0,0
1,2490,0,0,backdoor,backdoor,1,1
1,2491,3,3,normal,normal,0,0
1,2492,2,2,injection,injection,1,1
1,2493,3,3,normal,normal,0,0
1,2494,4,4,password,password,1,1
1,2495,2,2,injection,injection,1,1
1,2496,3,3,normal,normal,0,0
1,2497,3,3,normal,normal,0,0
1,2498,3,3,normal,normal,0,0
1,2499,3,3,normal,normal,0,0
1,2500,3,3,normal,normal,0,0
1,2501,3,3,normal,normal,0,0
1,2502,3,3,normal,normal,0,0
1,2503,3,3,normal,normal,0,0
1,2504,3,3,normal,normal,0,0
1,2505,3,3,normal,normal,0,0
1,2506,3,3,normal,normal,0,0
1,2507,3,3,normal,normal,0,0
1,2508,4,4,password,password,1,1
1,2509,4,4,password,password,1,1
1,2510,3,3,normal,normal,0,0
1,2511,4,4,password,password,1,1
1,2512,0,2,backdoor,injection,1,1
1,2513,3,3,normal,normal,0,0
1,2514,3,3,normal,normal,0,0
1,2515,2,2,injection,injection,1,1
1,2516,3,3,normal,normal,0,0
1,2517,0,0,backdoor,backdoor,1,1
1,2518,3,3,normal,normal,0,0
1,2519,2,2,injection,injection,1,1
1,2520,3,3,normal,normal,0,0
1,2521,0,0,backdoor,backdoor,1,1
1,2522,0,0,backdoor,backdoor,1,1
1,2523,4,4,password,password,1,1
1,2524,3,3,normal,normal,0,0
1,2525,2,2,injection,injection,1,1
1,2526,0,2,backdoor,injection,1,1
1,2527,3,3,normal,normal,0,0
1,2528,3,3,normal,normal,0,0
1,2529,2,2,injection,injection,1,1
1,2530,3,3,normal,normal,0,0
1,2531,3,3,normal,normal,0,0
1,2532,3,3,normal,normal,0,0
1,2533,0,0,backdoor,backdoor,1,1
1,2534,0,0,backdoor,backdoor,1,1
1,2535,0,0,backdoor,backdoor,1,1
1,2536,2,2,injection,injection,1,1
1,2537,0,0,backdoor,backdoor,1,1
1,2538,2,2,injection,injection,1,1
1,2539,3,3,normal,normal,0,0
1,2540,4,4,password,password,1,1
1,2541,4,4,password,password,1,1
1,2542,3,3,normal,normal,0,0
1,2543,2,2,injection,injection,1,1
1,2544,0,0,backdoor,backdoor,1,1
1,2545,3,3,normal,normal,0,0
1,2546,0,0,backdoor,backdoor,1,1
1,2547,0,0,backdoor,backdoor,1,1
1,2548,4,4,password,password,1,1
1,2549,3,3,normal,normal,0,0
1,2550,0,0,backdoor,backdoor,1,1
1,2551,2,2,injection,injection,1,1
1,2552,3,3,normal,normal,0,0
1,2553,3,3,normal,normal,0,0
1,2554,3,3,normal,normal,0,0
1,2555,4,4,password,password,1,1
1,2556,3,3,normal,normal,0,0
1,2557,3,3,normal,normal,0,0
1,2558,3,3,normal,normal,0,0
1,2559,3,3,normal,normal,0,0
1,2560,3,3,normal,normal,0,0
1,2561,0,0,backdoor,backdoor,1,1
1,2562,3,3,normal,normal,0,0
1,2563,3,3,normal,normal,0,0
1,2564,0,0,backdoor,backdoor,1,1
1,2565,3,3,normal,normal,0,0
1,2566,4,4,password,password,1,1
1,2567,3,3,normal,normal,0,0
1,2568,0,2,backdoor,injection,1,1
1,2569,2,2,injection,injection,1,1
1,2570,0,0,backdoor,backdoor,1,1
1,2571,3,3,normal,normal,0,0
1,2572,3,3,normal,normal,0,0
1,2573,3,3,normal,normal,0,0
1,2574,2,0,injection,backdoor,1,1
1,2575,3,3,normal,normal,0,0
1,2576,2,2,injection,injection,1,1
1,2577,2,2,injection,injection,1,1
1,2578,2,2,injection,injection,1,1
1,2579,3,3,normal,normal,0,0
1,2580,3,3,normal,normal,0,0
1,2581,3,3,normal,normal,0,0
1,2582,0,2,backdoor,injection,1,1
1,2583,3,3,normal,normal,0,0
1,2584,4,4,password,password,1,1
1,2585,3,3,normal,normal,0,0
1,2586,3,3,normal,normal,0,0
1,2587,3,3,normal,normal,0,0
1,2588,4,4,password,password,1,1
1,2589,3,3,normal,normal,0,0
1,2590,3,3,normal,normal,0,0
1,2591,4,4,password,password,1,1
1,2592,3,3,normal,normal,0,0
1,2593,2,2,injection,injection,1,1
1,2594,3,3,normal,normal,0,0
1,2595,3,3,normal,normal,0,0
1,2596,2,2,injection,injection,1,1
1,2597,3,3,normal,normal,0,0
1,2598,3,3,normal,normal,0,0
1,2599,2,2,injection,injection,1,1
1,2600,0,3,backdoor,normal,1,0
1,2601,3,3,normal,normal,0,0
1,2602,2,2,injection,injection,1,1
1,2603,2,2,injection,injection,1,1
1,2604,0,0,backdoor,backdoor,1,1
1,2605,3,3,normal,normal,0,0
1,2606,0,0,backdoor,backdoor,1,1
1,2607,3,3,normal,normal,0,0
1,2608,4,4,password,password,1,1
1,2609,4,4,password,password,1,1
1,2610,2,2,injection,injection,1,1
1,2611,2,2,injection,injection,1,1
1,2612,4,4,password,password,1,1
1,2613,3,3,normal,normal,0,0
1,2614,3,3,normal,normal,0,0
1,2615,4,4,password,password,1,1
1,2616,2,2,injection,injection,1,1
1,2617,0,2,backdoor,injection,1,1
1,2618,3,3,normal,normal,0,0
1,2619,3,3,normal,normal,0,0
1,2620,2,0,injection,backdoor,1,1
1,2621,3,3,normal,normal,0,0
1,2622,3,3,normal,normal,0,0
1,2623,2,2,injection,injection,1,1
1,2624,4,4,password,password,1,1
1,2625,3,3,normal,normal,0,0
1,2626,3,3,normal,normal,0,0
1,2627,4,4,password,password,1,1
1,2628,2,2,injection,injection,1,1
1,2629,3,3,normal,normal,0,0
1,2630,3,3,normal,normal,0,0
1,2631,4,4,password,password,1,1
1,2632,3,3,normal,normal,0,0
1,2633,3,3,normal,normal,0,0
1,2634,3,3,normal,normal,0,0
1,2635,3,3,normal,normal,0,0
1,2636,4,4,password,password,1,1
1,2637,2,2,injection,injection,1,1
1,2638,3,3,normal,normal,0,0
1,2639,0,2,backdoor,injection,1,1
1,2640,4,4,password,password,1,1
1,2641,0,0,backdoor,backdoor,1,1
1,2642,0,0,backdoor,backdoor,1,1
1,2643,2,2,injection,injection,1,1
1,2644,3,3,normal,normal,0,0
1,2645,3,3,normal,normal,0,0
1,2646,4,4,password,password,1,1
1,2647,2,2,injection,injection,1,1
1,2648,4,4,password,password,1,1
1,2649,3,3,normal,normal,0,0
1,2650,4,4,password,password,1,1
1,2651,0,2,backdoor,injection,1,1
1,2652,2,2,injection,injection,1,1
1,2653,4,4,password,password,1,1
1,2654,3,3,normal,normal,0,0
1,2655,3,3,normal,normal,0,0
1,2656,3,3,normal,normal,0,0
1,2657,2,0,injection,backdoor,1,1
1,2658,3,3,normal,normal,0,0
1,2659,3,3,normal,normal,0,0
1,2660,2,0,injection,backdoor,1,1
1,2661,0,0,backdoor,backdoor,1,1
1,2662,0,2,backdoor,injection,1,1
1,2663,3,3,normal,normal,0,0
1,2664,3,3,normal,normal,0,0
1,2665,3,3,normal,normal,0,0
1,2666,3,3,normal,normal,0,0
1,2667,0,2,backdoor,injection,1,1
1,2668,3,3,normal,normal,0,0
1,2669,3,3,normal,normal,0,0
1,2670,3,3,normal,normal,0,0
1,2671,0,0,backdoor,backdoor,1,1
1,2672,2,2,injection,injection,1,1
1,2673,4,4,password,password,1,1
1,2674,0,2,backdoor,injection,1,1
1,2675,3,3,normal,normal,0,0
1,2676,3,3,normal,normal,0,0
1,2677,3,3,normal,normal,0,0
1,2678,2,2,injection,injection,1,1
1,2679,3,3,normal,normal,0,0
1,2680,4,4,password,password,1,1
1,2681,4,4,password,password,1,1
1,2682,3,3,normal,normal,0,0
1,2683,3,3,normal,normal,0,0
1,2684,4,4,password,password,1,1
1,2685,0,0,backdoor,backdoor,1,1
1,2686,0,0,backdoor,backdoor,1,1
1,2687,2,2,injection,injection,1,1
1,2688,0,2,backdoor,injection,1,1
1,2689,4,4,password,password,1,1
1,2690,3,3,normal,normal,0,0
1,2691,2,2,injection,injection,1,1
1,2692,4,4,password,password,1,1
1,2693,4,4,password,password,1,1
1,2694,4,4,password,password,1,1
1,2695,2,2,injection,injection,1,1
1,2696,4,4,password,password,1,1
1,2697,3,3,normal,normal,0,0
1,2698,0,0,backdoor,backdoor,1,1
1,2699,3,3,normal,normal,0,0
1,2700,2,2,injection,injection,1,1
1,2701,3,3,normal,normal,0,0
1,2702,3,3,normal,normal,0,0
1,2703,3,3,normal,normal,0,0
1,2704,4,4,password,password,1,1
1,2705,2,2,injection,injection,1,1
1,2706,0,0,backdoor,backdoor,1,1
1,2707,4,4,password,password,1,1
1,2708,2,2,injection,injection,1,1
1,2709,3,3,normal,normal,0,0
1,2710,2,2,injection,injection,1,1
1,2711,3,3,normal,normal,0,0
1,2712,3,3,normal,normal,0,0
1,2713,2,2,injection,injection,1,1
1,2714,3,3,normal,normal,0,0
1,2715,3,3,normal,normal,0,0
1,2716,3,3,normal,normal,0,0
1,2717,0,2,backdoor,injection,1,1
1,2718,0,0,backdoor,backdoor,1,1
1,2719,0,0,backdoor,backdoor,1,1
1,2720,0,0,backdoor,backdoor,1,1
1,2721,0,0,backdoor,backdoor,1,1
1,2722,4,4,password,password,1,1
1,2723,3,3,normal,normal,0,0
1,2724,3,3,normal,normal,0,0
1,2725,3,3,normal,normal,0,0
1,2726,3,3,normal,normal,0,0
1,2727,4,4,password,password,1,1
1,2728,4,4,password,password,1,1
1,2729,0,0,backdoor,backdoor,1,1
1,2730,4,4,password,password,1,1
1,2731,3,3,normal,normal,0,0
1,2732,4,4,password,password,1,1
1,2733,2,2,injection,injection,1,1
1,2734,4,4,password,password,1,1
1,2735,3,3,normal,normal,0,0
1,2736,3,3,normal,normal,0,0
1,2737,3,3,normal,normal,0,0
1,2738,3,3,normal,normal,0,0
1,2739,3,3,normal,normal,0,0
1,2740,4,4,password,password,1,1
1,2741,3,3,normal,normal,0,0
1,2742,0,2,backdoor,injection,1,1
1,2743,3,3,normal,normal,0,0
1,2744,0,0,backdoor,backdoor,1,1
1,2745,2,2,injection,injection,1,1
1,2746,0,0,backdoor,backdoor,1,1
1,2747,0,0,backdoor,backdoor,1,1
1,2748,4,4,password,password,1,1
1,2749,3,3,normal,normal,0,0
1,2750,4,4,password,password,1,1
1,2751,3,3,normal,normal,0,0
1,2752,2,2,injection,injection,1,1
1,2753,3,3,normal,normal,0,0
1,2754,3,3,normal,normal,0,0
1,2755,3,3,normal,normal,0,0
1,2756,4,4,password,password,1,1
1,2757,4,4,password,password,1,1
1,2758,3,3,normal,normal,0,0
1,2759,0,0,backdoor,backdoor,1,1
1,2760,4,4,password,password,1,1
1,2761,3,3,normal,normal,0,0
1,2762,3,3,normal,normal,0,0
1,2763,0,0,backdoor,backdoor,1,1
1,2764,3,3,normal,normal,0,0
1,2765,3,3,normal,normal,0,0
1,2766,2,2,injection,injection,1,1
1,2767,3,3,normal,normal,0,0
1,2768,3,3,normal,normal,0,0
1,2769,3,3,normal,normal,0,0
1,2770,0,2,backdoor,injection,1,1
1,2771,3,3,normal,normal,0,0
1,2772,3,3,normal,normal,0,0
1,2773,3,3,normal,normal,0,0
1,2774,3,3,normal,normal,0,0
1,2775,3,3,normal,normal,0,0
1,2776,4,4,password,password,1,1
1,2777,3,3,normal,normal,0,0
1,2778,3,3,normal,normal,0,0
1,2779,3,3,normal,normal,0,0
1,2780,3,3,normal,normal,0,0
1,2781,4,4,password,password,1,1
1,2782,2,2,injection,injection,1,1
1,2783,3,3,normal,normal,0,0
1,2784,2,2,injection,injection,1,1
1,2785,4,4,password,password,1,1
1,2786,4,4,password,password,1,1
1,2787,3,3,normal,normal,0,0
1,2788,3,3,normal,normal,0,0
1,2789,0,0,backdoor,backdoor,1,1
1,2790,3,3,normal,normal,0,0
1,2791,0,0,backdoor,backdoor,1,1
1,2792,3,3,normal,normal,0,0
1,2793,3,3,normal,normal,0,0
1,2794,4,4,password,password,1,1
1,2795,3,3,normal,normal,0,0
1,2796,3,3,normal,normal,0,0
1,2797,2,2,injection,injection,1,1
1,2798,2,2,injection,injection,1,1
1,2799,0,2,backdoor,injection,1,1
1,2800,3,3,normal,normal,0,0
1,2801,3,3,normal,normal,0,0
1,2802,0,0,backdoor,backdoor,1,1
1,2803,3,3,normal,normal,0,0
1,2804,3,3,normal,normal,0,0
1,2805,3,3,normal,normal,0,0
1,2806,0,0,backdoor,backdoor,1,1
1,2807,3,3,normal,normal,0,0
1,2808,2,2,injection,injection,1,1
1,2809,3,3,normal,normal,0,0
1,2810,3,3,normal,normal,0,0
1,2811,3,3,normal,normal,0,0
1,2812,0,0,backdoor,backdoor,1,1
1,2813,0,0,backdoor,backdoor,1,1
1,2814,3,3,normal,normal,0,0
1,2815,4,4,password,password,1,1
1,2816,3,3,normal,normal,0,0
1,2817,3,3,normal,normal,0,0
1,2818,2,2,injection,injection,1,1
1,2819,2,2,injection,injection,1,1
1,2820,3,3,normal,normal,0,0
1,2821,4,4,password,password,1,1
1,2822,3,3,normal,normal,0,0
1,2823,3,3,normal,normal,0,0
1,2824,2,2,injection,injection,1,1
1,2825,4,4,password,password,1,1
1,2826,0,0,backdoor,backdoor,1,1
1,2827,2,2,injection,injection,1,1
1,2828,3,3,normal,normal,0,0
1,2829,3,3,normal,normal,0,0
1,2830,4,4,password,password,1,1
1,2831,3,3,normal,normal,0,0
1,2832,3,3,normal,normal,0,0
1,2833,3,3,normal,normal,0,0
1,2834,0,0,backdoor,backdoor,1,1
1,2835,2,2,injection,injection,1,1
1,2836,2,2,injection,injection,1,1
1,2837,3,3,normal,normal,0,0
1,2838,3,3,normal,normal,0,0
1,2839,4,4,password,password,1,1
1,2840,3,3,normal,normal,0,0
1,2841,0,0,backdoor,backdoor,1,1
1,2842,3,3,normal,normal,0,0
1,2843,0,0,backdoor,backdoor,1,1
1,2844,2,2,injection,injection,1,1
1,2845,3,3,normal,normal,0,0
1,2846,4,4,password,password,1,1
1,2847,0,2,backdoor,injection,1,1
1,2848,3,3,normal,normal,0,0
1,2849,3,3,normal,normal,0,0
1,2850,3,3,normal,normal,0,0
1,2851,3,3,normal,normal,0,0
1,2852,2,0,injection,backdoor,1,1
1,2853,3,3,normal,normal,0,0
1,2854,3,3,normal,normal,0,0
1,2855,0,0,backdoor,backdoor,1,1
1,2856,4,4,password,password,1,1
1,2857,3,3,normal,normal,0,0
1,2858,4,4,password,password,1,1
1,2859,2,0,injection,backdoor,1,1
1,2860,4,4,password,password,1,1
1,2861,3,3,normal,normal,0,0
1,2862,3,3,normal,normal,0,0
1,2863,2,2,injection,injection,1,1
1,2864,3,3,normal,normal,0,0
1,2865,3,3,normal,normal,0,0
1,2866,2,2,injection,injection,1,1
1,2867,3,3,normal,normal,0,0
1,2868,3,3,normal,normal,0,0
1,2869,0,0,backdoor,backdoor,1,1
1,2870,3,3,normal,normal,0,0
1,2871,3,3,normal,normal,0,0
1,2872,3,3,normal,normal,0,0
1,2873,3,3,normal,normal,0,0
1,2874,3,3,normal,normal,0,0
1,2875,0,2,backdoor,injection,1,1
1,2876,3,3,normal,normal,0,0
1,2877,3,3,normal,normal,0,0
1,2878,0,0,backdoor,backdoor,1,1
1,2879,3,3,normal,normal,0,0
1,2880,0,3,backdoor,normal,1,0
1,2881,0,0,backdoor,backdoor,1,1
1,2882,2,2,injection,injection,1,1
1,2883,2,2,injection,injection,1,1
1,2884,3,3,normal,normal,0,0
1,2885,4,4,password,password,1,1
1,2886,3,3,normal,normal,0,0
1,2887,3,3,normal,normal,0,0
1,2888,3,3,normal,normal,0,0
1,2889,4,4,password,password,1,1
1,2890,4,4,password,password,1,1
1,2891,2,2,injection,injection,1,1
1,2892,0,0,backdoor,backdoor,1,1
1,2893,3,3,normal,normal,0,0
1,2894,2,2,injection,injection,1,1
1,2895,4,4,password,password,1,1
1,2896,2,2,injection,injection,1,1
1,2897,2,0,injection,backdoor,1,1
1,2898,0,0,backdoor,backdoor,1,1
1,2899,0,0,backdoor,backdoor,1,1
1,2900,3,3,normal,normal,0,0
1,2901,3,3,normal,normal,0,0
1,2902,3,3,normal,normal,0,0
1,2903,3,3,normal,normal,0,0
1,2904,0,0,backdoor,backdoor,1,1
1,2905,0,0,backdoor,backdoor,1,1
1,2906,0,2,backdoor,injection,1,1
1,2907,2,2,injection,injection,1,1
1,2908,3,3,normal,normal,0,0
1,2909,2,0,injection,backdoor,1,1
1,2910,3,3,normal,normal,0,0
1,2911,2,2,injection,injection,1,1
1,2912,3,3,normal,normal,0,0
1,2913,4,4,password,password,1,1
1,2914,3,3,normal,normal,0,0
1,2915,4,4,password,password,1,1
1,2916,4,4,password,password,1,1
1,2917,3,3,normal,normal,0,0
1,2918,3,3,normal,normal,0,0
1,2919,3,3,normal,normal,0,0
1,2920,4,4,password,password,1,1
1,2921,3,3,normal,normal,0,0
1,2922,3,3,normal,normal,0,0
1,2923,2,2,injection,injection,1,1
1,2924,0,0,backdoor,backdoor,1,1
1,2925,4,4,password,password,1,1
1,2926,4,4,password,password,1,1
1,2927,3,3,normal,normal,0,0
1,2928,0,0,backdoor,backdoor,1,1
1,2929,3,3,normal,normal,0,0
1,2930,2,2,injection,injection,1,1
1,2931,3,3,normal,normal,0,0
1,2932,0,2,backdoor,injection,1,1
1,2933,4,4,password,password,1,1
1,2934,0,0,backdoor,backdoor,1,1
1,2935,3,3,normal,normal,0,0
1,2936,2,2,injection,injection,1,1
1,2937,2,2,injection,injection,1,1
1,2938,3,3,normal,normal,0,0
1,2939,0,0,backdoor,backdoor,1,1
1,2940,3,3,normal,normal,0,0
1,2941,0,0,backdoor,backdoor,1,1
1,2942,0,0,backdoor,backdoor,1,1
1,2943,3,3,normal,normal,0,0
1,2944,2,2,injection,injection,1,1
1,2945,4,4,password,password,1,1
1,2946,3,3,normal,normal,0,0
1,2947,3,3,normal,normal,0,0
1,2948,3,3,normal,normal,0,0
1,2949,3,3,normal,normal,0,0
1,2950,4,4,password,password,1,1
1,2951,2,2,injection,injection,1,1
1,2952,0,0,backdoor,backdoor,1,1
1,2953,4,4,password,password,1,1
1,2954,0,0,backdoor,backdoor,1,1
1,2955,3,3,normal,normal,0,0
1,2956,0,0,backdoor,backdoor,1,1
1,2957,0,2,backdoor,injection,1,1
1,2958,3,3,normal,normal,0,0
1,2959,3,3,normal,normal,0,0
1,2960,0,0,backdoor,backdoor,1,1
1,2961,3,3,normal,normal,0,0
1,2962,4,4,password,password,1,1
1,2963,2,2,injection,injection,1,1
1,2964,3,3,normal,normal,0,0
1,2965,2,0,injection,backdoor,1,1
1,2966,3,3,normal,normal,0,0
1,2967,0,0,backdoor,backdoor,1,1
1,2968,2,2,injection,injection,1,1
1,2969,3,3,normal,normal,0,0
1,2970,3,3,normal,normal,0,0
1,2971,3,3,normal,normal,0,0
1,2972,4,4,password,password,1,1
1,2973,3,3,normal,normal,0,0
1,2974,3,3,normal,normal,0,0
1,2975,0,0,backdoor,backdoor,1,1
1,2976,3,3,normal,normal,0,0
1,2977,2,2,injection,injection,1,1
1,2978,2,2,injection,injection,1,1
1,2979,0,2,backdoor,injection,1,1
1,2980,3,3,normal,normal,0,0
1,2981,2,2,injection,injection,1,1
1,2982,2,0,injection,backdoor,1,1
1,2983,3,3,normal,normal,0,0
1,2984,3,3,normal,normal,0,0
1,2985,0,0,backdoor,backdoor,1,1
1,2986,0,0,backdoor,backdoor,1,1
1,2987,3,3,normal,normal,0,0
1,2988,3,3,normal,normal,0,0
1,2989,2,0,injection,backdoor,1,1
1,2990,3,3,normal,normal,0,0
1,2991,3,3,normal,normal,0,0
1,2992,0,2,backdoor,injection,1,1
1,2993,4,4,password,password,1,1
1,2994,3,3,normal,normal,0,0
1,2995,2,2,injection,injection,1,1
1,2996,3,3,normal,normal,0,0
1,2997,3,3,normal,normal,0,0
1,2998,4,4,password,password,1,1
1,2999,4,4,password,password,1,1
1,3000,3,3,normal,normal,0,0
1,3001,3,3,normal,normal,0,0
1,3002,3,3,normal,normal,0,0
1,3003,3,3,normal,normal,0,0
1,3004,3,3,normal,normal,0,0
1,3005,3,3,normal,normal,0,0
1,3006,3,3,normal,normal,0,0
1,3007,0,0,backdoor,backdoor,1,1
1,3008,3,3,normal,normal,0,0
1,3009,2,2,injection,injection,1,1
1,3010,3,3,normal,normal,0,0
1,3011,2,2,injection,injection,1,1
1,3012,3,3,normal,normal,0,0
1,3013,3,3,normal,normal,0,0
1,3014,0,2,backdoor,injection,1,1
1,3015,3,3,normal,normal,0,0
1,3016,3,3,normal,normal,0,0
1,3017,3,3,normal,normal,0,0
1,3018,3,3,normal,normal,0,0
1,3019,2,2,injection,injection,1,1
1,3020,3,3,normal,normal,0,0
1,3021,3,3,normal,normal,0,0
1,3022,3,3,normal,normal,0,0
1,3023,3,3,normal,normal,0,0
1,3024,0,0,backdoor,backdoor,1,1
1,3025,0,0,backdoor,backdoor,1,1
1,3026,3,3,normal,normal,0,0
1,3027,2,2,injection,injection,1,1
1,3028,2,2,injection,injection,1,1
1,3029,3,3,normal,normal,0,0
1,3030,3,3,normal,normal,0,0
1,3031,2,2,injection,injection,1,1
1,3032,2,2,injection,injection,1,1
1,3033,3,3,normal,normal,0,0
1,3034,3,3,normal,normal,0,0
1,3035,2,2,injection,injection,1,1
1,3036,2,2,injection,injection,1,1
1,3037,4,4,password,password,1,1
1,3038,3,3,normal,normal,0,0
1,3039,0,0,backdoor,backdoor,1,1
1,3040,2,2,injection,injection,1,1
1,3041,3,3,normal,normal,0,0
1,3042,3,3,normal,normal,0,0
1,3043,3,3,normal,normal,0,0
1,3044,4,4,password,password,1,1
1,3045,3,3,normal,normal,0,0
1,3046,3,3,normal,normal,0,0
1,3047,4,4,password,password,1,1
1,3048,3,3,normal,normal,0,0
1,3049,3,3,normal,normal,0,0
1,3050,3,3,normal,normal,0,0
1,3051,4,4,password,password,1,1
1,3052,0,0,backdoor,backdoor,1,1
1,3053,2,2,injection,injection,1,1
1,3054,3,3,normal,normal,0,0
1,3055,0,0,backdoor,backdoor,1,1
1,3056,0,3,backdoor,normal,1,0
1,3057,3,3,normal,normal,0,0
1,3058,2,2,injection,injection,1,1
1,3059,3,3,normal,normal,0,0
1,3060,3,3,normal,normal,0,0
1,3061,4,4,password,password,1,1
1,3062,0,0,backdoor,backdoor,1,1
1,3063,4,4,password,password,1,1
1,3064,3,3,normal,normal,0,0
1,3065,3,3,normal,normal,0,0
1,3066,2,2,injection,injection,1,1
1,3067,3,3,normal,normal,0,0
1,3068,4,4,password,password,1,1
1,3069,4,4,password,password,1,1
1,3070,0,0,backdoor,backdoor,1,1
1,3071,3,3,normal,normal,0,0
1,3072,3,3,normal,normal,0,0
1,3073,3,3,normal,normal,0,0
1,3074,0,0,backdoor,backdoor,1,1
1,3075,0,0,backdoor,backdoor,1,1
1,3076,2,2,injection,injection,1,1
1,3077,4,4,password,password,1,1
1,3078,3,3,normal,normal,0,0
1,3079,3,3,normal,normal,0,0
1,3080,2,2,injection,injection,1,1
1,3081,0,0,backdoor,backdoor,1,1
1,3082,2,2,injection,injection,1,1
1,3083,3,3,normal,normal,0,0
1,3084,0,0,backdoor,backdoor,1,1
1,3085,0,2,backdoor,injection,1,1
1,3086,3,3,normal,normal,0,0
1,3087,3,3,normal,normal,0,0
1,3088,3,3,normal,normal,0,0
1,3089,3,3,normal,normal,0,0
1,3090,3,3,normal,normal,0,0
1,3091,3,3,normal,normal,0,0
1,3092,3,3,normal,normal,0,0
1,3093,4,4,password,password,1,1
1,3094,3,3,normal,normal,0,0
1,3095,2,2,injection,injection,1,1
1,3096,2,2,injection,injection,1,1
1,3097,4,4,password,password,1,1
1,3098,3,3,normal,normal,0,0
1,3099,2,2,injection,injection,1,1
1,3100,4,4,password,password,1,1
1,3101,2,2,injection,injection,1,1
1,3102,2,2,injection,injection,1,1
1,3103,3,3,normal,normal,0,0
1,3104,3,3,normal,normal,0,0
1,3105,3,3,normal,normal,0,0
1,3106,2,2,injection,injection,1,1
1,3107,0,0,backdoor,backdoor,1,1
1,3108,0,0,backdoor,backdoor,1,1
1,3109,4,4,password,password,1,1
1,3110,3,3,normal,normal,0,0
1,3111,2,2,injection,injection,1,1
1,3112,0,3,backdoor,normal,1,0
1,3113,3,3,normal,normal,0,0
1,3114,3,3,normal,normal,0,0
1,3115,2,2,injection,injection,1,1
1,3116,2,2,injection,injection,1,1
1,3117,2,2,injection,injection,1,1
1,3118,2,2,injection,injection,1,1
1,3119,4,4,password,password,1,1
1,3120,3,3,normal,normal,0,0
1,3121,2,2,injection,injection,1,1
1,3122,3,3,normal,normal,0,0
1,3123,4,4,password,password,1,1
1,3124,4,4,password,password,1,1
1,3125,3,3,normal,normal,0,0
1,3126,3,3,normal,normal,0,0
1,3127,4,4,password,password,1,1
1,3128,4,4,password,password,1,1
1,3129,2,2,injection,injection,1,1
1,3130,2,2,injection,injection,1,1
1,3131,3,3,normal,normal,0,0
1,3132,3,3,normal,normal,0,0
1,3133,3,3,normal,normal,0,0
1,3134,3,3,normal,normal,0,0
1,3135,3,3,normal,normal,0,0
1,3136,0,0,backdoor,backdoor,1,1
1,3137,4,4,password,password,1,1
1,3138,3,3,normal,normal,0,0
1,3139,3,3,normal,normal,0,0
1,3140,3,3,normal,normal,0,0
1,3141,0,0,backdoor,backdoor,1,1
1,3142,3,3,normal,normal,0,0
1,3143,0,0,backdoor,backdoor,1,1
1,3144,2,2,injection,injection,1,1
1,3145,0,0,backdoor,backdoor,1,1
1,3146,0,0,backdoor,backdoor,1,1
1,3147,3,3,normal,normal,0,0
1,3148,4,4,password,password,1,1
1,3149,4,4,password,password,1,1
1,3150,3,3,normal,normal,0,0
1,3151,3,3,normal,normal,0,0
1,3152,2,0,injection,backdoor,1,1
1,3153,3,3,normal,normal,0,0
1,3154,3,3,normal,normal,0,0
1,3155,3,3,normal,normal,0,0
1,3156,4,4,password,password,1,1
1,3157,3,3,normal,normal,0,0
1,3158,2,2,injection,injection,1,1
1,3159,3,3,normal,normal,0,0
1,3160,3,3,normal,normal,0,0
1,3161,3,3,normal,normal,0,0
1,3162,4,4,password,password,1,1
1,3163,2,2,injection,injection,1,1
1,3164,0,2,backdoor,injection,1,1
1,3165,3,3,normal,normal,0,0
1,3166,0,0,backdoor,backdoor,1,1
1,3167,3,3,normal,normal,0,0
1,3168,3,3,normal,normal,0,0
1,3169,2,2,injection,injection,1,1
1,3170,0,2,backdoor,injection,1,1
1,3171,3,3,normal,normal,0,0
1,3172,4,4,password,password,1,1
1,3173,2,2,injection,injection,1,1
1,3174,3,3,normal,normal,0,0
1,3175,0,0,backdoor,backdoor,1,1
1,3176,3,3,normal,normal,0,0
1,3177,3,3,normal,normal,0,0
1,3178,3,3,normal,normal,0,0
1,3179,0,2,backdoor,injection,1,1
1,3180,2,2,injection,injection,1,1
1,3181,0,0,backdoor,backdoor,1,1
1,3182,4,4,password,password,1,1
1,3183,3,3,normal,normal,0,0
1,3184,4,4,password,password,1,1
1,3185,4,4,password,password,1,1
1,3186,3,3,normal,normal,0,0
1,3187,0,0,backdoor,backdoor,1,1
1,3188,2,2,injection,injection,1,1
1,3189,3,3,normal,normal,0,0
1,3190,3,3,normal,normal,0,0
1,3191,0,0,backdoor,backdoor,1,1
1,3192,2,2,injection,injection,1,1
1,3193,3,3,normal,normal,0,0
1,3194,2,2,injection,injection,1,1
1,3195,2,2,injection,injection,1,1
1,3196,3,3,normal,normal,0,0
1,3197,0,0,backdoor,backdoor,1,1
1,3198,3,3,normal,normal,0,0
1,3199,0,0,backdoor,backdoor,1,1
1,3200,3,3,normal,normal,0,0
1,3201,4,4,password,password,1,1
1,3202,2,2,injection,injection,1,1
1,3203,0,0,backdoor,backdoor,1,1
1,3204,4,4,password,password,1,1
1,3205,0,2,backdoor,injection,1,1
1,3206,3,3,normal,normal,0,0
1,3207,3,3,normal,normal,0,0
1,3208,3,3,normal,normal,0,0
1,3209,4,4,password,password,1,1
1,3210,0,0,backdoor,backdoor,1,1
1,3211,4,4,password,password,1,1
1,3212,2,2,injection,injection,1,1
1,3213,3,3,normal,normal,0,0
1,3214,3,3,normal,normal,0,0
1,3215,3,3,normal,normal,0,0
1,3216,3,3,normal,normal,0,0
1,3217,0,0,backdoor,backdoor,1,1
1,3218,3,3,normal,normal,0,0
1,3219,3,3,normal,normal,0,0
1,3220,3,3,normal,normal,0,0
1,3221,3,3,normal,normal,0,0
1,3222,4,4,password,password,1,1
1,3223,3,3,normal,normal,0,0
1,3224,3,3,normal,normal,0,0
1,3225,2,2,injection,injection,1,1
1,3226,4,4,password,password,1,1
1,3227,0,0,backdoor,backdoor,1,1
1,3228,2,2,injection,injection,1,1
1,3229,3,3,normal,normal,0,0
1,3230,3,3,normal,normal,0,0
1,3231,3,3,normal,normal,0,0
1,3232,3,3,normal,normal,0,0
1,3233,3,3,normal,normal,0,0
1,3234,3,3,normal,normal,0,0
1,3235,2,2,injection,injection,1,1
1,3236,3,3,normal,normal,0,0
1,3237,0,0,backdoor,backdoor,1,1
1,3238,2,0,injection,backdoor,1,1
1,3239,3,3,normal,normal,0,0
1,3240,4,4,password,password,1,1
1,3241,4,4,password,password,1,1
1,3242,0,0,backdoor,backdoor,1,1
1,3243,3,3,normal,normal,0,0
1,3244,3,3,normal,normal,0,0
1,3245,0,0,backdoor,backdoor,1,1
1,3246,4,4,password,password,1,1
1,3247,3,3,normal,normal,0,0
1,3248,0,2,backdoor,injection,1,1
1,3249,4,4,password,password,1,1
1,3250,0,0,backdoor,backdoor,1,1
1,3251,4,4,password,password,1,1
1,3252,3,3,normal,normal,0,0
1,3253,3,3,normal,normal,0,0
1,3254,3,3,normal,normal,0,0
1,3255,4,4,password,password,1,1
1,3256,2,2,injection,injection,1,1
1,3257,3,3,normal,normal,0,0
1,3258,3,3,normal,normal,0,0
1,3259,3,3,normal,normal,0,0
1,3260,0,0,backdoor,backdoor,1,1
1,3261,3,3,normal,normal,0,0
1,3262,4,4,password,password,1,1
1,3263,3,3,normal,normal,0,0
1,3264,0,0,backdoor,backdoor,1,1
1,3265,2,2,injection,injection,1,1
1,3266,2,2,injection,injection,1,1
1,3267,3,3,normal,normal,0,0
1,3268,0,0,backdoor,backdoor,1,1
1,3269,3,3,normal,normal,0,0
1,3270,3,3,normal,normal,0,0
1,3271,0,0,backdoor,backdoor,1,1
1,3272,3,3,normal,normal,0,0
1,3273,2,2,injection,injection,1,1
1,3274,3,3,normal,normal,0,0
1,3275,2,2,injection,injection,1,1
1,3276,3,3,normal,normal,0,0
1,3277,2,2,injection,injection,1,1
1,3278,2,2,injection,injection,1,1
1,3279,3,3,normal,normal,0,0
1,3280,3,3,normal,normal,0,0
1,3281,2,2,injection,injection,1,1
1,3282,0,0,backdoor,backdoor,1,1
1,3283,3,3,normal,normal,0,0
1,3284,4,4,password,password,1,1
1,3285,3,3,normal,normal,0,0
1,3286,3,3,normal,normal,0,0
1,3287,4,4,password,password,1,1
1,3288,3,3,normal,normal,0,0
1,3289,3,3,normal,normal,0,0
1,3290,3,3,normal,normal,0,0
1,3291,3,3,normal,normal,0,0
1,3292,3,3,normal,normal,0,0
1,3293,3,3,normal,normal,0,0
1,3294,4,4,password,password,1,1
1,3295,0,2,backdoor,injection,1,1
1,3296,3,3,normal,normal,0,0
1,3297,4,4,password,password,1,1
1,3298,3,3,normal,normal,0,0
1,3299,2,2,injection,injection,1,1
1,3300,3,3,normal,normal,0,0
1,3301,2,2,injection,injection,1,1
1,3302,4,4,password,password,1,1
1,3303,3,3,normal,normal,0,0
1,3304,3,3,normal,normal,0,0
1,3305,3,3,normal,normal,0,0
1,3306,2,2,injection,injection,1,1
1,3307,3,3,normal,normal,0,0
1,3308,3,3,normal,normal,0,0
1,3309,3,3,normal,normal,0,0
1,3310,2,2,injection,injection,1,1
1,3311,3,3,normal,normal,0,0
1,3312,3,3,normal,normal,0,0
1,3313,4,4,password,password,1,1
1,3314,4,4,password,password,1,1
1,3315,3,3,normal,normal,0,0
1,3316,2,2,injection,injection,1,1
1,3317,0,0,backdoor,backdoor,1,1
1,3318,0,0,backdoor,backdoor,1,1
1,3319,4,4,password,password,1,1
1,3320,2,2,injection,injection,1,1
1,3321,3,3,normal,normal,0,0
1,3322,3,3,normal,normal,0,0
1,3323,3,3,normal,normal,0,0
1,3324,3,3,normal,normal,0,0
1,3325,3,3,normal,normal,0,0
1,3326,0,0,backdoor,backdoor,1,1
1,3327,3,3,normal,normal,0,0
1,3328,0,0,backdoor,backdoor,1,1
1,3329,3,3,normal,normal,0,0
1,3330,2,2,injection,injection,1,1
1,3331,4,4,password,password,1,1
1,3332,4,4,password,password,1,1
1,3333,3,3,normal,normal,0,0
1,3334,3,3,normal,normal,0,0
1,3335,4,4,password,password,1,1
1,3336,0,2,backdoor,injection,1,1
1,3337,2,0,injection,backdoor,1,1
1,3338,3,3,normal,normal,0,0
1,3339,4,4,password,password,1,1
1,3340,0,0,backdoor,backdoor,1,1
1,3341,3,3,normal,normal,0,0
1,3342,3,3,normal,normal,0,0
1,3343,3,3,normal,normal,0,0
1,3344,3,3,normal,normal,0,0
1,3345,2,2,injection,injection,1,1
1,3346,3,3,normal,normal,0,0
1,3347,3,3,normal,normal,0,0
1,3348,2,2,injection,injection,1,1
1,3349,2,2,injection,injection,1,1
1,3350,0,0,backdoor,backdoor,1,1
1,3351,2,2,injection,injection,1,1
1,3352,2,2,injection,injection,1,1
1,3353,2,2,injection,injection,1,1
1,3354,2,2,injection,injection,1,1
1,3355,3,3,normal,normal,0,0
1,3356,3,3,normal,normal,0,0
1,3357,2,2,injection,injection,1,1
1,3358,3,3,normal,normal,0,0
1,3359,3,3,normal,normal,0,0
1,3360,0,0,backdoor,backdoor,1,1
1,3361,3,3,normal,normal,0,0
1,3362,3,3,normal,normal,0,0
1,3363,4,4,password,password,1,1
1,3364,4,4,password,password,1,1
1,3365,3,3,normal,normal,0,0
1,3366,0,0,backdoor,backdoor,1,1
1,3367,3,3,normal,normal,0,0
1,3368,3,3,normal,normal,0,0
1,3369,3,3,normal,normal,0,0
1,3370,3,3,normal,normal,0,0
1,3371,3,3,normal,normal,0,0
1,3372,0,0,backdoor,backdoor,1,1
1,3373,4,4,password,password,1,1
1,3374,3,3,normal,normal,0,0
1,3375,3,3,normal,normal,0,0
1,3376,0,2,backdoor,injection,1,1
1,3377,2,2,injection,injection,1,1
1,3378,3,3,normal,normal,0,0
1,3379,2,2,injection,injection,1,1
1,3380,3,3,normal,normal,0,0
1,3381,4,4,password,password,1,1
1,3382,3,3,normal,normal,0,0
1,3383,2,2,injection,injection,1,1
1,3384,3,3,normal,normal,0,0
1,3385,3,3,normal,normal,0,0
1,3386,3,3,normal,normal,0,0
1,3387,3,3,normal,normal,0,0
1,3388,3,3,normal,normal,0,0
1,3389,3,3,normal,normal,0,0
1,3390,2,2,injection,injection,1,1
1,3391,3,3,normal,normal,0,0
1,3392,3,3,normal,normal,0,0
1,3393,3,3,normal,normal,0,0
1,3394,3,3,normal,normal,0,0
1,3395,3,3,normal,normal,0,0
1,3396,3,3,normal,normal,0,0
1,3397,0,0,backdoor,backdoor,1,1
1,3398,3,3,normal,normal,0,0
1,3399,4,4,password,password,1,1
1,3400,4,4,password,password,1,1
1,3401,2,2,injection,injection,1,1
1,3402,3,3,normal,normal,0,0
1,3403,0,0,backdoor,backdoor,1,1
1,3404,3,3,normal,normal,0,0
1,3405,4,4,password,password,1,1
1,3406,4,4,password,password,1,1
1,3407,3,3,normal,normal,0,0
1,3408,4,4,password,password,1,1
1,3409,0,0,backdoor,backdoor,1,1
1,3410,0,0,backdoor,backdoor,1,1
1,3411,3,3,normal,normal,0,0
1,3412,3,3,normal,normal,0,0
1,3413,3,3,normal,normal,0,0
1,3414,3,3,normal,normal,0,0
1,3415,3,3,normal,normal,0,0
1,3416,0,0,backdoor,backdoor,1,1
1,3417,3,3,normal,normal,0,0
1,3418,4,4,password,password,1,1
1,3419,3,3,normal,normal,0,0
1,3420,0,0,backdoor,backdoor,1,1
1,3421,4,4,password,password,1,1
1,3422,3,3,normal,normal,0,0
1,3423,0,0,backdoor,backdoor,1,1
1,3424,2,2,injection,injection,1,1
1,3425,0,2,backdoor,injection,1,1
1,3426,2,2,injection,injection,1,1
1,3427,0,2,backdoor,injection,1,1
1,3428,3,3,normal,normal,0,0
1,3429,3,3,normal,normal,0,0
1,3430,4,4,password,password,1,1
1,3431,3,3,normal,normal,0,0
1,3432,2,2,injection,injection,1,1
1,3433,3,3,normal,normal,0,0
1,3434,3,3,normal,normal,0,0
1,3435,4,4,password,password,1,1
1,3436,4,4,password,password,1,1
1,3437,4,4,password,password,1,1
1,3438,3,3,normal,normal,0,0
1,3439,3,3,normal,normal,0,0
1,3440,4,4,password,password,1,1
1,3441,2,2,injection,injection,1,1
1,3442,3,3,normal,normal,0,0
1,3443,3,3,normal,normal,0,0
1,3444,0,2,backdoor,injection,1,1
1,3445,3,3,normal,normal,0,0
1,3446,4,4,password,password,1,1
1,3447,2,2,injection,injection,1,1
1,3448,0,0,backdoor,backdoor,1,1
1,3449,3,3,normal,normal,0,0
1,3450,3,3,normal,normal,0,0
1,3451,2,2,injection,injection,1,1
1,3452,2,2,injection,injection,1,1
1,3453,3,3,normal,normal,0,0
1,3454,4,4,password,password,1,1
1,3455,3,3,normal,normal,0,0
1,3456,4,4,password,password,1,1
1,3457,2,2,injection,injection,1,1
1,3458,2,0,injection,backdoor,1,1
1,3459,4,4,password,password,1,1
1,3460,3,3,normal,normal,0,0
1,3461,2,2,injection,injection,1,1
1,3462,0,0,backdoor,backdoor,1,1
1,3463,3,3,normal,normal,0,0
1,3464,0,0,backdoor,backdoor,1,1
1,3465,3,3,normal,normal,0,0
1,3466,0,0,backdoor,backdoor,1,1
1,3467,3,3,normal,normal,0,0
1,3468,4,4,password,password,1,1
1,3469,2,2,injection,injection,1,1
1,3470,2,2,injection,injection,1,1
1,3471,3,3,normal,normal,0,0
1,3472,3,3,normal,normal,0,0
1,3473,3,3,normal,normal,0,0
1,3474,4,4,password,password,1,1
1,3475,3,3,normal,normal,0,0
1,3476,3,3,normal,normal,0,0
1,3477,0,3,backdoor,normal,1,0
1,3478,3,3,normal,normal,0,0
1,3479,3,3,normal,normal,0,0
1,3480,0,0,backdoor,backdoor,1,1
1,3481,3,3,normal,normal,0,0
1,3482,3,3,normal,normal,0,0
1,3483,0,0,backdoor,backdoor,1,1
1,3484,3,3,normal,normal,0,0
1,3485,3,3,normal,normal,0,0
1,3486,3,3,normal,normal,0,0
1,3487,3,3,normal,normal,0,0
1,3488,3,3,normal,normal,0,0
1,3489,0,0,backdoor,backdoor,1,1
1,3490,3,3,normal,normal,0,0
1,3491,2,0,injection,backdoor,1,1
1,3492,4,4,password,password,1,1
1,3493,3,3,normal,normal,0,0
1,3494,3,3,normal,normal,0,0
1,3495,0,3,backdoor,normal,1,0
1,3496,0,0,backdoor,backdoor,1,1
1,3497,3,3,normal,normal,0,0
1,3498,0,0,backdoor,backdoor,1,1
1,3499,3,3,normal,normal,0,0
1,3500,4,4,password,password,1,1
1,3501,2,2,injection,injection,1,1
1,3502,0,0,backdoor,backdoor,1,1
1,3503,0,2,backdoor,injection,1,1
1,3504,0,0,backdoor,backdoor,1,1
1,3505,2,2,injection,injection,1,1
1,3506,4,4,password,password,1,1
1,3507,4,4,password,password,1,1
1,3508,4,4,password,password,1,1
1,3509,3,3,normal,normal,0,0
1,3510,3,3,normal,normal,0,0
1,3511,3,3,normal,normal,0,0
1,3512,3,3,normal,normal,0,0
1,3513,2,2,injection,injection,1,1
1,3514,3,3,normal,normal,0,0
1,3515,0,0,backdoor,backdoor,1,1
1,3516,2,2,injection,injection,1,1
1,3517,3,3,normal,normal,0,0
1,3518,3,3,normal,normal,0,0
1,3519,3,3,normal,normal,0,0
1,3520,3,3,normal,normal,0,0
1,3521,3,3,normal,normal,0,0
1,3522,4,4,password,password,1,1
1,3523,3,3,normal,normal,0,0
1,3524,2,2,injection,injection,1,1
1,3525,2,2,injection,injection,1,1
1,3526,3,3,normal,normal,0,0
1,3527,4,4,password,password,1,1
1,3528,3,3,normal,normal,0,0
1,3529,3,3,normal,normal,0,0
1,3530,3,3,normal,normal,0,0
1,3531,2,2,injection,injection,1,1
1,3532,4,4,password,password,1,1
1,3533,3,3,normal,normal,0,0
1,3534,3,3,normal,normal,0,0
1,3535,4,4,password,password,1,1
1,3536,0,3,backdoor,normal,1,0
1,3537,3,3,normal,normal,0,0
1,3538,3,3,normal,normal,0,0
1,3539,4,4,password,password,1,1
1,3540,3,3,normal,normal,0,0
1,3541,3,3,normal,normal,0,0
1,3542,3,3,normal,normal,0,0
1,3543,3,3,normal,normal,0,0
1,3544,3,3,normal,normal,0,0
1,3545,3,3,normal,normal,0,0
1,3546,0,0,backdoor,backdoor,1,1
1,3547,0,2,backdoor,injection,1,1
1,3548,3,3,normal,normal,0,0
1,3549,2,2,injection,injection,1,1
1,3550,2,2,injection,injection,1,1
1,3551,0,0,backdoor,backdoor,1,1
1,3552,3,3,normal,normal,0,0
1,3553,3,3,normal,normal,0,0
1,3554,3,3,normal,normal,0,0
1,3555,4,4,password,password,1,1
1,3556,3,3,normal,normal,0,0
1,3557,4,4,password,password,1,1
1,3558,3,3,normal,normal,0,0
1,3559,3,3,normal,normal,0,0
1,3560,0,0,backdoor,backdoor,1,1
1,3561,3,3,normal,normal,0,0
1,3562,0,2,backdoor,injection,1,1
1,3563,3,3,normal,normal,0,0
1,3564,4,4,password,password,1,1
1,3565,4,4,password,password,1,1
1,3566,4,4,password,password,1,1
1,3567,3,3,normal,normal,0,0
1,3568,0,0,backdoor,backdoor,1,1
1,3569,2,2,injection,injection,1,1
1,3570,4,4,password,password,1,1
1,3571,4,4,password,password,1,1
1,3572,3,3,normal,normal,0,0
1,3573,3,3,normal,normal,0,0
1,3574,3,3,normal,normal,0,0
1,3575,3,3,normal,normal,0,0
1,3576,4,4,password,password,1,1
1,3577,3,3,normal,normal,0,0
1,3578,3,3,normal,normal,0,0
1,3579,2,2,injection,injection,1,1
1,3580,4,4,password,password,1,1
1,3581,3,3,normal,normal,0,0
1,3582,3,3,normal,normal,0,0
1,3583,3,3,normal,normal,0,0
1,3584,4,4,password,password,1,1
1,3585,3,3,normal,normal,0,0
1,3586,3,3,normal,normal,0,0
1,3587,3,3,normal,normal,0,0
1,3588,0,0,backdoor,backdoor,1,1
1,3589,0,0,backdoor,backdoor,1,1
1,3590,3,3,normal,normal,0,0
1,3591,3,3,normal,normal,0,0
1,3592,3,3,normal,normal,0,0
1,3593,3,3,normal,normal,0,0
1,3594,4,4,password,password,1,1
1,3595,2,2,injection,injection,1,1
1,3596,3,3,normal,normal,0,0
1,3597,3,3,normal,normal,0,0
1,3598,0,0,backdoor,backdoor,1,1
1,3599,4,4,password,password,1,1
1,3600,0,0,backdoor,backdoor,1,1
1,3601,2,2,injection,injection,1,1
1,3602,3,3,normal,normal,0,0
1,3603,0,0,backdoor,backdoor,1,1
1,3604,0,0,backdoor,backdoor,1,1
1,3605,3,3,normal,normal,0,0
1,3606,2,2,injection,injection,1,1
1,3607,3,3,normal,normal,0,0
1,3608,3,3,normal,normal,0,0
1,3609,3,3,normal,normal,0,0
1,3610,2,2,injection,injection,1,1
1,3611,3,3,normal,normal,0,0
1,3612,4,4,password,password,1,1
1,3613,2,2,injection,injection,1,1
1,3614,3,3,normal,normal,0,0
1,3615,2,2,injection,injection,1,1
1,3616,4,4,password,password,1,1
1,3617,4,4,password,password,1,1
1,3618,0,0,backdoor,backdoor,1,1
1,3619,4,4,password,password,1,1
1,3620,3,3,normal,normal,0,0
1,3621,4,4,password,password,1,1
1,3622,4,4,password,password,1,1
1,3623,3,3,normal,normal,0,0
1,3624,3,3,normal,normal,0,0
1,3625,3,3,normal,normal,0,0
1,3626,3,3,normal,normal,0,0
1,3627,2,2,injection,injection,1,1
1,3628,2,2,injection,injection,1,1
1,3629,2,2,injection,injection,1,1
1,3630,3,3,normal,normal,0,0
1,3631,4,4,password,password,1,1
1,3632,4,4,password,password,1,1
1,3633,3,3,normal,normal,0,0
1,3634,2,2,injection,injection,1,1
1,3635,4,4,password,password,1,1
1,3636,0,3,backdoor,normal,1,0
1,3637,3,3,normal,normal,0,0
1,3638,2,2,injection,injection,1,1
1,3639,3,3,normal,normal,0,0
1,3640,3,3,normal,normal,0,0
1,3641,3,3,normal,normal,0,0
1,3642,0,0,backdoor,backdoor,1,1
1,3643,3,3,normal,normal,0,0
1,3644,3,3,normal,normal,0,0
1,3645,2,2,injection,injection,1,1
1,3646,3,3,normal,normal,0,0
1,3647,2,2,injection,injection,1,1
1,3648,3,3,normal,normal,0,0
1,3649,4,4,password,password,1,1
1,3650,3,3,normal,normal,0,0
1,3651,3,3,normal,normal,0,0
1,3652,2,2,injection,injection,1,1
1,3653,3,3,normal,normal,0,0
1,3654,4,4,password,password,1,1
1,3655,3,3,normal,normal,0,0
1,3656,3,3,normal,normal,0,0
1,3657,2,2,injection,injection,1,1
1,3658,3,3,normal,normal,0,0
1,3659,0,0,backdoor,backdoor,1,1
1,3660,3,3,normal,normal,0,0
1,3661,0,3,backdoor,normal,1,0
1,3662,3,3,normal,normal,0,0
1,3663,3,3,normal,normal,0,0
1,3664,3,3,normal,normal,0,0
1,3665,3,3,normal,normal,0,0
1,3666,0,0,backdoor,backdoor,1,1
1,3667,0,0,backdoor,backdoor,1,1
1,3668,4,4,password,password,1,1
1,3669,3,3,normal,normal,0,0
1,3670,0,0,backdoor,backdoor,1,1
1,3671,3,3,normal,normal,0,0
1,3672,4,4,password,password,1,1
1,3673,0,3,backdoor,normal,1,0
1,3674,2,2,injection,injection,1,1
1,3675,3,3,normal,normal,0,0
1,3676,4,4,password,password,1,1
1,3677,3,3,normal,normal,0,0
1,3678,3,3,normal,normal,0,0
1,3679,0,2,backdoor,injection,1,1
1,3680,0,0,backdoor,backdoor,1,1
1,3681,2,2,injection,injection,1,1
1,3682,4,4,password,password,1,1
1,3683,3,3,normal,normal,0,0
1,3684,3,3,normal,normal,0,0
1,3685,3,3,normal,normal,0,0
1,3686,4,4,password,password,1,1
1,3687,2,2,injection,injection,1,1
1,3688,3,3,normal,normal,0,0
1,3689,3,3,normal,normal,0,0
1,3690,3,3,normal,normal,0,0
1,3691,0,3,backdoor,normal,1,0
1,3692,3,3,normal,normal,0,0
1,3693,3,3,normal,normal,0,0
1,3694,2,2,injection,injection,1,1
1,3695,3,3,normal,normal,0,0
1,3696,4,4,password,password,1,1
1,3697,3,3,normal,normal,0,0
1,3698,3,3,normal,normal,0,0
1,3699,3,3,normal,normal,0,0
1,3700,3,3,normal,normal,0,0
1,3701,2,2,injection,injection,1,1
1,3702,3,3,normal,normal,0,0
1,3703,4,4,password,password,1,1
1,3704,3,3,normal,normal,0,0
1,3705,3,3,normal,normal,0,0
1,3706,2,2,injection,injection,1,1
1,3707,4,4,password,password,1,1
1,3708,2,2,injection,injection,1,1
1,3709,2,0,injection,backdoor,1,1
1,3710,2,2,injection,injection,1,1
1,3711,3,3,normal,normal,0,0
1,3712,3,3,normal,normal,0,0
1,3713,3,3,normal,normal,0,0
1,3714,0,0,backdoor,backdoor,1,1
1,3715,0,0,backdoor,backdoor,1,1
1,3716,3,3,normal,normal,0,0
1,3717,3,3,normal,normal,0,0
1,3718,0,0,backdoor,backdoor,1,1
1,3719,3,3,normal,normal,0,0
1,3720,3,3,normal,normal,0,0
1,3721,3,3,normal,normal,0,0
1,3722,3,3,normal,normal,0,0
1,3723,3,3,normal,normal,0,0
1,3724,3,3,normal,normal,0,0
1,3725,3,3,normal,normal,0,0
1,3726,2,2,injection,injection,1,1
1,3727,3,3,normal,normal,0,0
1,3728,4,4,password,password,1,1
1,3729,4,4,password,password,1,1
1,3730,3,3,normal,normal,0,0
1,3731,3,3,normal,normal,0,0
1,3732,0,0,backdoor,backdoor,1,1
1,3733,4,4,password,password,1,1
1,3734,0,0,backdoor,backdoor,1,1
1,3735,0,0,backdoor,backdoor,1,1
1,3736,2,2,injection,injection,1,1
1,3737,2,2,injection,injection,1,1
1,3738,3,3,normal,normal,0,0
1,3739,3,3,normal,normal,0,0
1,3740,0,2,backdoor,injection,1,1
1,3741,0,0,backdoor,backdoor,1,1
1,3742,0,0,backdoor,backdoor,1,1
1,3743,4,4,password,password,1,1
1,3744,0,2,backdoor,injection,1,1
1,3745,2,2,injection,injection,1,1
1,3746,3,3,normal,normal,0,0
1,3747,3,3,normal,normal,0,0
1,3748,0,2,backdoor,injection,1,1
1,3749,0,0,backdoor,backdoor,1,1
1,3750,2,2,injection,injection,1,1
1,3751,3,3,normal,normal,0,0
1,3752,3,3,normal,normal,0,0
1,3753,3,3,normal,normal,0,0
1,3754,0,0,backdoor,backdoor,1,1
1,3755,3,3,normal,normal,0,0
1,3756,0,0,backdoor,backdoor,1,1
1,3757,4,4,password,password,1,1
1,3758,4,4,password,password,1,1
1,3759,4,4,password,password,1,1
1,3760,3,3,normal,normal,0,0
1,3761,3,3,normal,normal,0,0
1,3762,4,4,password,password,1,1
1,3763,0,0,backdoor,backdoor,1,1
1,3764,3,3,normal,normal,0,0
1,3765,2,2,injection,injection,1,1
1,3766,4,4,password,password,1,1
1,3767,0,3,backdoor,normal,1,0
1,3768,3,3,normal,normal,0,0
1,3769,3,3,normal,normal,0,0
1,3770,0,2,backdoor,injection,1,1
1,3771,3,3,normal,normal,0,0
1,3772,2,2,injection,injection,1,1
1,3773,3,3,normal,normal,0,0
1,3774,3,3,normal,normal,0,0
1,3775,3,3,normal,normal,0,0
1,3776,3,3,normal,normal,0,0
1,3777,3,3,normal,normal,0,0
1,3778,3,3,normal,normal,0,0
1,3779,4,4,password,password,1,1
1,3780,3,3,normal,normal,0,0
1,3781,0,0,backdoor,backdoor,1,1
1,3782,4,4,password,password,1,1
1,3783,2,2,injection,injection,1,1
1,3784,0,2,backdoor,injection,1,1
1,3785,3,3,normal,normal,0,0
1,3786,3,3,normal,normal,0,0
1,3787,3,3,normal,normal,0,0
1,3788,3,3,normal,normal,0,0
1,3789,0,0,backdoor,backdoor,1,1
1,3790,4,4,password,password,1,1
1,3791,4,4,password,password,1,1
1,3792,3,3,normal,normal,0,0
1,3793,3,3,normal,normal,0,0
1,3794,4,4,password,password,1,1
1,3795,0,0,backdoor,backdoor,1,1
1,3796,0,0,backdoor,backdoor,1,1
1,3797,3,3,normal,normal,0,0
1,3798,3,3,normal,normal,0,0
1,3799,3,3,normal,normal,0,0
1,3800,3,3,normal,normal,0,0
1,3801,4,4,password,password,1,1
1,3802,3,3,normal,normal,0,0
1,3803,0,0,backdoor,backdoor,1,1
1,3804,4,4,password,password,1,1
1,3805,3,3,normal,normal,0,0
1,3806,4,4,password,password,1,1
1,3807,3,3,normal,normal,0,0
1,3808,2,2,injection,injection,1,1
1,3809,3,3,normal,normal,0,0
1,3810,3,3,normal,normal,0,0
1,3811,4,4,password,password,1,1
1,3812,2,2,injection,injection,1,1
1,3813,2,2,injection,injection,1,1
1,3814,0,0,backdoor,backdoor,1,1
1,3815,4,4,password,password,1,1
1,3816,3,3,normal,normal,0,0
1,3817,4,4,password,password,1,1
1,3818,2,2,injection,injection,1,1
1,3819,0,0,backdoor,backdoor,1,1
1,3820,3,3,normal,normal,0,0
1,3821,2,2,injection,injection,1,1
1,3822,4,4,password,password,1,1
1,3823,3,3,normal,normal,0,0
1,3824,3,3,normal,normal,0,0
1,3825,3,3,normal,normal,0,0
1,3826,0,0,backdoor,backdoor,1,1
1,3827,0,2,backdoor,injection,1,1
1,3828,4,4,password,password,1,1
1,3829,0,0,backdoor,backdoor,1,1
1,3830,0,2,backdoor,injection,1,1
1,3831,3,3,normal,normal,0,0
1,3832,3,3,normal,normal,0,0
1,3833,3,3,normal,normal,0,0
1,3834,3,3,normal,normal,0,0
1,3835,4,4,password,password,1,1
1,3836,4,4,password,password,1,1
1,3837,2,2,injection,injection,1,1
1,3838,3,3,normal,normal,0,0
1,3839,4,4,password,password,1,1
1,3840,3,3,normal,normal,0,0
1,3841,3,3,normal,normal,0,0
1,3842,3,3,normal,normal,0,0
1,3843,3,3,normal,normal,0,0
1,3844,0,0,backdoor,backdoor,1,1
1,3845,3,3,normal,normal,0,0
1,3846,4,4,password,password,1,1
1,3847,2,2,injection,injection,1,1
1,3848,3,3,normal,normal,0,0
1,3849,3,3,normal,normal,0,0
1,3850,3,3,normal,normal,0,0
1,3851,0,2,backdoor,injection,1,1
1,3852,2,2,injection,injection,1,1
1,3853,0,0,backdoor,backdoor,1,1
1,3854,4,4,password,password,1,1
1,3855,3,3,normal,normal,0,0
1,3856,3,3,normal,normal,0,0
1,3857,0,3,backdoor,normal,1,0
1,3858,0,0,backdoor,backdoor,1,1
1,3859,3,3,normal,normal,0,0
1,3860,4,4,password,password,1,1
1,3861,3,3,normal,normal,0,0
1,3862,2,2,injection,injection,1,1
1,3863,2,2,injection,injection,1,1
1,3864,0,0,backdoor,backdoor,1,1
1,3865,4,4,password,password,1,1
1,3866,3,3,normal,normal,0,0
1,3867,0,0,backdoor,backdoor,1,1
1,3868,4,4,password,password,1,1
1,3869,3,3,normal,normal,0,0
1,3870,2,2,injection,injection,1,1
1,3871,0,0,backdoor,backdoor,1,1
1,3872,3,3,normal,normal,0,0
1,3873,2,2,injection,injection,1,1
1,3874,4,4,password,password,1,1
1,3875,3,3,normal,normal,0,0
1,3876,4,4,password,password,1,1
1,3877,3,3,normal,normal,0,0
1,3878,3,3,normal,normal,0,0
1,3879,3,3,normal,normal,0,0
1,3880,3,3,normal,normal,0,0
1,3881,3,3,normal,normal,0,0
1,3882,0,0,backdoor,backdoor,1,1
1,3883,3,3,normal,normal,0,0
1,3884,3,3,normal,normal,0,0
1,3885,0,0,backdoor,backdoor,1,1
1,3886,3,3,normal,normal,0,0
1,3887,2,2,injection,injection,1,1
1,3888,3,3,normal,normal,0,0
1,3889,4,4,password,password,1,1
1,3890,0,0,backdoor,backdoor,1,1
1,3891,0,2,backdoor,injection,1,1
1,3892,4,4,password,password,1,1
1,3893,3,3,normal,normal,0,0
1,3894,0,0,backdoor,backdoor,1,1
1,3895,2,2,injection,injection,1,1
1,3896,0,0,backdoor,backdoor,1,1
1,3897,0,0,backdoor,backdoor,1,1
1,3898,3,3,normal,normal,0,0
1,3899,2,2,injection,injection,1,1
1,3900,4,4,password,password,1,1
1,3901,3,3,normal,normal,0,0
1,3902,3,3,normal,normal,0,0
1,3903,2,2,injection,injection,1,1
1,3904,3,3,normal,normal,0,0
1,3905,0,0,backdoor,backdoor,1,1
1,3906,2,2,injection,injection,1,1
1,3907,3,3,normal,normal,0,0
1,3908,3,3,normal,normal,0,0
1,3909,3,3,normal,normal,0,0
1,3910,3,3,normal,normal,0,0
1,3911,3,3,normal,normal,0,0
1,3912,3,3,normal,normal,0,0
1,3913,3,3,normal,normal,0,0
1,3914,3,3,normal,normal,0,0
1,3915,3,3,normal,normal,0,0
1,3916,3,3,normal,normal,0,0
1,3917,3,3,normal,normal,0,0
1,3918,3,3,normal,normal,0,0
1,3919,3,3,normal,normal,0,0
1,3920,3,3,normal,normal,0,0
1,3921,3,3,normal,normal,0,0
1,3922,2,2,injection,injection,1,1
1,3923,0,0,backdoor,backdoor,1,1
1,3924,2,2,injection,injection,1,1
1,3925,4,4,password,password,1,1
1,3926,3,3,normal,normal,0,0
1,3927,2,2,injection,injection,1,1
1,3928,3,3,normal,normal,0,0
1,3929,0,0,backdoor,backdoor,1,1
1,3930,2,2,injection,injection,1,1
1,3931,2,2,injection,injection,1,1
1,3932,0,0,backdoor,backdoor,1,1
1,3933,3,3,normal,normal,0,0
1,3934,3,3,normal,normal,0,0
1,3935,4,4,password,password,1,1
1,3936,2,2,injection,injection,1,1
1,3937,0,0,backdoor,backdoor,1,1
1,3938,3,3,normal,normal,0,0
1,3939,3,3,normal,normal,0,0
1,3940,3,3,normal,normal,0,0
1,3941,4,4,password,password,1,1
1,3942,3,3,normal,normal,0,0
1,3943,3,3,normal,normal,0,0
1,3944,3,3,normal,normal,0,0
1,3945,0,0,backdoor,backdoor,1,1
1,3946,2,2,injection,injection,1,1
1,3947,4,4,password,password,1,1
1,3948,3,3,normal,normal,0,0
1,3949,3,3,normal,normal,0,0
1,3950,0,0,backdoor,backdoor,1,1
1,3951,0,0,backdoor,backdoor,1,1
1,3952,3,3,normal,normal,0,0
1,3953,0,0,backdoor,backdoor,1,1
1,3954,3,3,normal,normal,0,0
1,3955,4,4,password,password,1,1
1,3956,3,3,normal,normal,0,0
1,3957,4,4,password,password,1,1
1,3958,2,2,injection,injection,1,1
1,3959,3,3,normal,normal,0,0
1,3960,3,3,normal,normal,0,0
1,3961,0,0,backdoor,backdoor,1,1
1,3962,3,3,normal,normal,0,0
1,3963,2,2,injection,injection,1,1
1,3964,3,3,normal,normal,0,0
1,3965,2,0,injection,backdoor,1,1
1,3966,3,3,normal,normal,0,0
1,3967,3,3,normal,normal,0,0
1,3968,2,2,injection,injection,1,1
1,3969,0,0,backdoor,backdoor,1,1
1,3970,3,3,normal,normal,0,0
1,3971,4,4,password,password,1,1
1,3972,2,2,injection,injection,1,1
1,3973,0,0,backdoor,backdoor,1,1
1,3974,3,3,normal,normal,0,0
1,3975,3,3,normal,normal,0,0
1,3976,0,0,backdoor,backdoor,1,1
1,3977,2,2,injection,injection,1,1
1,3978,4,4,password,password,1,1
1,3979,3,3,normal,normal,0,0
1,3980,0,0,backdoor,backdoor,1,1
1,3981,3,3,normal,normal,0,0
1,3982,3,3,normal,normal,0,0
1,3983,3,3,normal,normal,0,0
1,3984,2,2,injection,injection,1,1
1,3985,2,2,injection,injection,1,1
1,3986,3,3,normal,normal,0,0
1,3987,3,3,normal,normal,0,0
1,3988,3,3,normal,normal,0,0
1,3989,3,3,normal,normal,0,0
1,3990,2,2,injection,injection,1,1
1,3991,4,4,password,password,1,1
1,3992,3,3,normal,normal,0,0
1,3993,3,3,normal,normal,0,0
1,3994,4,4,password,password,1,1
1,3995,3,3,normal,normal,0,0
1,3996,2,2,injection,injection,1,1
1,3997,3,3,normal,normal,0,0
1,3998,3,3,normal,normal,0,0
1,3999,3,3,normal,normal,0,0
1,4000,3,3,normal,normal,0,0
1,4001,3,3,normal,normal,0,0
1,4002,3,3,normal,normal,0,0
1,4003,0,2,backdoor,injection,1,1
1,4004,2,0,injection,backdoor,1,1
1,4005,3,3,normal,normal,0,0
1,4006,4,4,password,password,1,1
1,4007,3,3,normal,normal,0,0
1,4008,4,4,password,password,1,1
1,4009,3,3,normal,normal,0,0
1,4010,2,2,injection,injection,1,1
1,4011,0,0,backdoor,backdoor,1,1
1,4012,3,3,normal,normal,0,0
1,4013,3,3,normal,normal,0,0
1,4014,3,3,normal,normal,0,0
1,4015,2,2,injection,injection,1,1
1,4016,3,3,normal,normal,0,0
1,4017,3,3,normal,normal,0,0
1,4018,0,3,backdoor,normal,1,0
1,4019,3,3,normal,normal,0,0
1,4020,2,2,injection,injection,1,1
1,4021,4,4,password,password,1,1
1,4022,4,4,password,password,1,1
1,4023,3,3,normal,normal,0,0
1,4024,4,4,password,password,1,1
1,4025,0,0,backdoor,backdoor,1,1
1,4026,3,3,normal,normal,0,0
1,4027,3,3,normal,normal,0,0
1,4028,3,3,normal,normal,0,0
1,4029,3,3,normal,normal,0,0
1,4030,3,3,normal,normal,0,0
1,4031,3,3,normal,normal,0,0
1,4032,3,3,normal,normal,0,0
1,4033,0,0,backdoor,backdoor,1,1
1,4034,0,0,backdoor,backdoor,1,1
1,4035,0,0,backdoor,backdoor,1,1
1,4036,0,2,backdoor,injection,1,1
1,4037,3,3,normal,normal,0,0
1,4038,4,4,password,password,1,1
1,4039,3,3,normal,normal,0,0
1,4040,3,3,normal,normal,0,0
1,4041,4,4,password,password,1,1
1,4042,4,4,password,password,1,1
1,4043,3,3,normal,normal,0,0
1,4044,2,2,injection,injection,1,1
1,4045,4,4,password,password,1,1
1,4046,2,0,injection,backdoor,1,1
1,4047,2,2,injection,injection,1,1
1,4048,3,3,normal,normal,0,0
1,4049,4,4,password,password,1,1
1,4050,3,3,normal,normal,0,0
1,4051,4,4,password,password,1,1
1,4052,3,3,normal,normal,0,0
1,4053,3,3,normal,normal,0,0
1,4054,3,3,normal,normal,0,0
1,4055,3,3,normal,normal,0,0
1,4056,3,3,normal,normal,0,0
1,4057,4,4,password,password,1,1
1,4058,3,3,normal,normal,0,0
1,4059,4,4,password,password,1,1
1,4060,0,0,backdoor,backdoor,1,1
1,4061,4,4,password,password,1,1
1,4062,3,3,normal,normal,0,0
1,4063,0,0,backdoor,backdoor,1,1
1,4064,0,0,backdoor,backdoor,1,1
1,4065,4,4,password,password,1,1
1,4066,2,2,injection,injection,1,1
1,4067,0,0,backdoor,backdoor,1,1
1,4068,0,0,backdoor,backdoor,1,1
1,4069,2,2,injection,injection,1,1
1,4070,3,3,normal,normal,0,0
1,4071,4,4,password,password,1,1
1,4072,3,3,normal,normal,0,0
1,4073,4,4,password,password,1,1
1,4074,3,3,normal,normal,0,0
1,4075,3,3,normal,normal,0,0
1,4076,3,3,normal,normal,0,0
1,4077,4,4,password,password,1,1
1,4078,0,0,backdoor,backdoor,1,1
1,4079,0,0,backdoor,backdoor,1,1
1,4080,4,4,password,password,1,1
1,4081,3,3,normal,normal,0,0
1,4082,3,3,normal,normal,0,0
1,4083,4,4,password,password,1,1
1,4084,3,3,normal,normal,0,0
1,4085,3,3,normal,normal,0,0
1,4086,2,2,injection,injection,1,1
1,4087,3,3,normal,normal,0,0
1,4088,0,0,backdoor,backdoor,1,1
1,4089,2,2,injection,injection,1,1
1,4090,3,3,normal,normal,0,0
1,4091,0,0,backdoor,backdoor,1,1
1,4092,2,2,injection,injection,1,1
1,4093,3,3,normal,normal,0,0
1,4094,2,2,injection,injection,1,1
1,4095,0,0,backdoor,backdoor,1,1
1,4096,4,4,password,password,1,1
1,4097,0,2,backdoor,injection,1,1
1,4098,4,4,password,password,1,1
1,4099,0,0,backdoor,backdoor,1,1
1,4100,0,0,backdoor,backdoor,1,1
1,4101,2,2,injection,injection,1,1
1,4102,0,0,backdoor,backdoor,1,1
1,4103,4,4,password,password,1,1
1,4104,3,3,normal,normal,0,0
1,4105,2,2,injection,injection,1,1
1,4106,0,0,backdoor,backdoor,1,1
1,4107,3,3,normal,normal,0,0
1,4108,2,2,injection,injection,1,1
1,4109,0,0,backdoor,backdoor,1,1
1,4110,0,0,backdoor,backdoor,1,1
1,4111,2,2,injection,injection,1,1
1,4112,3,3,normal,normal,0,0
1,4113,3,3,normal,normal,0,0
1,4114,2,2,injection,injection,1,1
1,4115,3,3,normal,normal,0,0
1,4116,3,3,normal,normal,0,0
1,4117,3,3,normal,normal,0,0
1,4118,3,3,normal,normal,0,0
1,4119,2,2,injection,injection,1,1
1,4120,0,0,backdoor,backdoor,1,1
1,4121,0,2,backdoor,injection,1,1
1,4122,3,3,normal,normal,0,0
1,4123,0,2,backdoor,injection,1,1
1,4124,4,4,password,password,1,1
1,4125,4,4,password,password,1,1
1,4126,3,3,normal,normal,0,0
1,4127,4,4,password,password,1,1
1,4128,3,3,normal,normal,0,0
1,4129,2,2,injection,injection,1,1
1,4130,4,4,password,password,1,1
1,4131,2,2,injection,injection,1,1
1,4132,3,3,normal,normal,0,0
1,4133,4,4,password,password,1,1
1,4134,3,3,normal,normal,0,0
1,4135,2,2,injection,injection,1,1
1,4136,3,3,normal,normal,0,0
1,4137,3,3,normal,normal,0,0
1,4138,4,4,password,password,1,1
1,4139,3,3,normal,normal,0,0
1,4140,4,4,password,password,1,1
1,4141,0,0,backdoor,backdoor,1,1
1,4142,4,4,password,password,1,1
1,4143,2,2,injection,injection,1,1
1,4144,3,3,normal,normal,0,0
1,4145,3,3,normal,normal,0,0
1,4146,3,3,normal,normal,0,0
1,4147,3,3,normal,normal,0,0
1,4148,0,0,backdoor,backdoor,1,1
1,4149,3,3,normal,normal,0,0
1,4150,3,3,normal,normal,0,0
1,4151,3,3,normal,normal,0,0
1,4152,3,3,normal,normal,0,0
1,4153,3,3,normal,normal,0,0
1,4154,3,3,normal,normal,0,0
1,4155,0,0,backdoor,backdoor,1,1
1,4156,3,3,normal,normal,0,0
1,4157,3,3,normal,normal,0,0
1,4158,3,3,normal,normal,0,0
1,4159,3,3,normal,normal,0,0
1,4160,3,3,normal,normal,0,0
1,4161,2,2,injection,injection,1,1
1,4162,3,3,normal,normal,0,0
1,4163,0,3,backdoor,normal,1,0
1,4164,3,3,normal,normal,0,0
1,4165,0,0,backdoor,backdoor,1,1
1,4166,0,0,backdoor,backdoor,1,1
1,4167,3,3,normal,normal,0,0
1,4168,0,0,backdoor,backdoor,1,1
1,4169,2,2,injection,injection,1,1
1,4170,0,0,backdoor,backdoor,1,1
1,4171,2,2,injection,injection,1,1
1,4172,3,3,normal,normal,0,0
1,4173,4,4,password,password,1,1
1,4174,4,4,password,password,1,1
1,4175,0,0,backdoor,backdoor,1,1
1,4176,0,0,backdoor,backdoor,1,1
1,4177,3,3,normal,normal,0,0
1,4178,4,4,password,password,1,1
1,4179,3,3,normal,normal,0,0
1,4180,3,3,normal,normal,0,0
1,4181,3,3,normal,normal,0,0
1,4182,0,0,backdoor,backdoor,1,1
1,4183,0,0,backdoor,backdoor,1,1
1,4184,4,4,password,password,1,1
1,4185,3,3,normal,normal,0,0
1,4186,3,3,normal,normal,0,0
1,4187,0,0,backdoor,backdoor,1,1
1,4188,3,3,normal,normal,0,0
1,4189,3,3,normal,normal,0,0
1,4190,4,4,password,password,1,1
1,4191,3,3,normal,normal,0,0
1,4192,4,4,password,password,1,1
1,4193,2,2,injection,injection,1,1
1,4194,0,2,backdoor,injection,1,1
1,4195,3,3,normal,normal,0,0
1,4196,3,3,normal,normal,0,0
1,4197,2,2,injection,injection,1,1
1,4198,2,2,injection,injection,1,1
1,4199,3,3,normal,normal,0,0
1,4200,3,3,normal,normal,0,0
1,4201,3,3,normal,normal,0,0
1,4202,3,3,normal,normal,0,0
1,4203,3,3,normal,normal,0,0
1,4204,2,2,injection,injection,1,1
1,4205,0,0,backdoor,backdoor,1,1
1,4206,3,3,normal,normal,0,0
1,4207,3,3,normal,normal,0,0
1,4208,3,3,normal,normal,0,0
1,4209,0,2,backdoor,injection,1,1
1,4210,3,3,normal,normal,0,0
1,4211,3,3,normal,normal,0,0
1,4212,3,3,normal,normal,0,0
1,4213,0,2,backdoor,injection,1,1
1,4214,3,3,normal,normal,0,0
1,4215,3,3,normal,normal,0,0
1,4216,4,4,password,password,1,1
1,4217,0,0,backdoor,backdoor,1,1
1,4218,0,0,backdoor,backdoor,1,1
1,4219,3,3,normal,normal,0,0
1,4220,3,3,normal,normal,0,0
1,4221,4,4,password,password,1,1
1,4222,3,3,normal,normal,0,0
1,4223,3,3,normal,normal,0,0
1,4224,3,3,normal,normal,0,0
1,4225,3,3,normal,normal,0,0
1,4226,2,2,injection,injection,1,1
1,4227,3,3,normal,normal,0,0
1,4228,4,4,password,password,1,1
1,4229,3,3,normal,normal,0,0
1,4230,3,3,normal,normal,0,0
1,4231,3,3,normal,normal,0,0
1,4232,0,0,backdoor,backdoor,1,1
1,4233,3,3,normal,normal,0,0
1,4234,4,4,password,password,1,1
1,4235,3,3,normal,normal,0,0
1,4236,2,2,injection,injection,1,1
1,4237,0,3,backdoor,normal,1,0
1,4238,0,0,backdoor,backdoor,1,1
1,4239,4,4,password,password,1,1
1,4240,3,3,normal,normal,0,0
1,4241,0,0,backdoor,backdoor,1,1
1,4242,4,4,password,password,1,1
1,4243,3,3,normal,normal,0,0
1,4244,3,3,normal,normal,0,0
1,4245,3,3,normal,normal,0,0
1,4246,3,3,normal,normal,0,0
1,4247,2,2,injection,injection,1,1
1,4248,3,3,normal,normal,0,0
1,4249,0,0,backdoor,backdoor,1,1
1,4250,3,3,normal,normal,0,0
1,4251,2,2,injection,injection,1,1
1,4252,3,3,normal,normal,0,0
1,4253,4,4,password,password,1,1
1,4254,4,4,password,password,1,1
1,4255,3,3,normal,normal,0,0
1,4256,2,2,injection,injection,1,1
1,4257,3,3,normal,normal,0,0
1,4258,3,3,normal,normal,0,0
1,4259,2,2,injection,injection,1,1
1,4260,3,3,normal,normal,0,0
1,4261,0,0,backdoor,backdoor,1,1
1,4262,0,0,backdoor,backdoor,1,1
1,4263,3,3,normal,normal,0,0
1,4264,4,4,password,password,1,1
1,4265,4,4,password,password,1,1
1,4266,0,0,backdoor,backdoor,1,1
1,4267,3,3,normal,normal,0,0
1,4268,2,2,injection,injection,1,1
1,4269,3,3,normal,normal,0,0
1,4270,2,2,injection,injection,1,1
1,4271,3,3,normal,normal,0,0
1,4272,3,3,normal,normal,0,0
1,4273,2,2,injection,injection,1,1
1,4274,3,3,normal,normal,0,0
1,4275,2,2,injection,injection,1,1
1,4276,2,2,injection,injection,1,1
1,4277,3,3,normal,normal,0,0
1,4278,0,2,backdoor,injection,1,1
1,4279,3,3,normal,normal,0,0
1,4280,2,2,injection,injection,1,1
1,4281,4,4,password,password,1,1
1,4282,4,4,password,password,1,1
1,4283,2,2,injection,injection,1,1
1,4284,3,3,normal,normal,0,0
1,4285,4,4,password,password,1,1
1,4286,3,3,normal,normal,0,0
1,4287,3,3,normal,normal,0,0
1,4288,4,4,password,password,1,1
1,4289,3,3,normal,normal,0,0
1,4290,2,2,injection,injection,1,1
1,4291,3,3,normal,normal,0,0
1,4292,3,3,normal,normal,0,0
1,4293,2,2,injection,injection,1,1
1,4294,2,2,injection,injection,1,1
1,4295,3,3,normal,normal,0,0
1,4296,3,3,normal,normal,0,0
1,4297,3,3,normal,normal,0,0
1,4298,2,2,injection,injection,1,1
1,4299,4,4,password,password,1,1
1,4300,0,0,backdoor,backdoor,1,1
1,4301,2,2,injection,injection,1,1
1,4302,3,3,normal,normal,0,0
1,4303,3,3,normal,normal,0,0
1,4304,3,3,normal,normal,0,0
1,4305,0,0,backdoor,backdoor,1,1
1,4306,3,3,normal,normal,0,0
1,4307,2,2,injection,injection,1,1
1,4308,4,4,password,password,1,1
1,4309,3,3,normal,normal,0,0
1,4310,3,3,normal,normal,0,0
1,4311,3,3,normal,normal,0,0
1,4312,3,3,normal,normal,0,0
1,4313,4,4,password,password,1,1
1,4314,3,3,normal,normal,0,0
1,4315,2,2,injection,injection,1,1
1,4316,3,3,normal,normal,0,0
1,4317,3,3,normal,normal,0,0
1,4318,2,2,injection,injection,1,1
1,4319,3,3,normal,normal,0,0
1,4320,3,3,normal,normal,0,0
1,4321,4,4,password,password,1,1
1,4322,2,2,injection,injection,1,1
1,4323,4,4,password,password,1,1
1,4324,3,3,normal,normal,0,0
1,4325,3,3,normal,normal,0,0
1,4326,2,2,injection,injection,1,1
1,4327,4,4,password,password,1,1
1,4328,2,2,injection,injection,1,1
1,4329,4,4,password,password,1,1
1,4330,2,2,injection,injection,1,1
1,4331,3,3,normal,normal,0,0
1,4332,4,4,password,password,1,1
1,4333,4,4,password,password,1,1
1,4334,3,3,normal,normal,0,0
1,4335,3,3,normal,normal,0,0
1,4336,4,4,password,password,1,1
1,4337,4,4,password,password,1,1
1,4338,3,3,normal,normal,0,0
1,4339,4,4,password,password,1,1
1,4340,2,2,injection,injection,1,1
1,4341,3,3,normal,normal,0,0
1,4342,3,3,normal,normal,0,0
1,4343,0,2,backdoor,injection,1,1
1,4344,3,3,normal,normal,0,0
1,4345,2,2,injection,injection,1,1
1,4346,4,4,password,password,1,1
1,4347,2,2,injection,injection,1,1
1,4348,2,2,injection,injection,1,1
1,4349,4,4,password,password,1,1
1,4350,4,4,password,password,1,1
1,4351,3,3,normal,normal,0,0
1,4352,0,0,backdoor,backdoor,1,1
1,4353,3,3,normal,normal,0,0
1,4354,4,4,password,password,1,1
1,4355,3,3,normal,normal,0,0
1,4356,2,2,injection,injection,1,1
1,4357,2,2,injection,injection,1,1
1,4358,3,3,normal,normal,0,0
1,4359,3,3,normal,normal,0,0
1,4360,3,3,normal,normal,0,0
1,4361,2,2,injection,injection,1,1
1,4362,3,3,normal,normal,0,0
1,4363,2,2,injection,injection,1,1
1,4364,3,3,normal,normal,0,0
1,4365,2,2,injection,injection,1,1
1,4366,4,4,password,password,1,1
1,4367,3,3,normal,normal,0,0
1,4368,3,3,normal,normal,0,0
1,4369,0,0,backdoor,backdoor,1,1
1,4370,0,0,backdoor,backdoor,1,1
1,4371,3,3,normal,normal,0,0
1,4372,4,4,password,password,1,1
1,4373,3,3,normal,normal,0,0
1,4374,4,4,password,password,1,1
1,4375,3,3,normal,normal,0,0
1,4376,2,2,injection,injection,1,1
1,4377,3,3,normal,normal,0,0
1,4378,3,3,normal,normal,0,0
1,4379,3,3,normal,normal,0,0
1,4380,3,3,normal,normal,0,0
1,4381,4,4,password,password,1,1
1,4382,4,4,password,password,1,1
1,4383,0,0,backdoor,backdoor,1,1
1,4384,4,4,password,password,1,1
1,4385,3,3,normal,normal,0,0
1,4386,0,0,backdoor,backdoor,1,1
1,4387,3,3,normal,normal,0,0
1,4388,3,3,normal,normal,0,0
1,4389,4,4,password,password,1,1
1,4390,3,3,normal,normal,0,0
1,4391,3,3,normal,normal,0,0
1,4392,3,3,normal,normal,0,0
1,4393,4,4,password,password,1,1
1,4394,3,3,normal,normal,0,0
1,4395,0,0,backdoor,backdoor,1,1
1,4396,3,3,normal,normal,0,0
1,4397,0,2,backdoor,injection,1,1
1,4398,3,3,normal,normal,0,0
1,4399,3,3,normal,normal,0,0
1,4400,2,2,injection,injection,1,1
1,4401,3,3,normal,normal,0,0
1,4402,4,4,password,password,1,1
1,4403,4,4,password,password,1,1
1,4404,0,0,backdoor,backdoor,1,1
1,4405,2,2,injection,injection,1,1
1,4406,0,0,backdoor,backdoor,1,1
1,4407,3,3,normal,normal,0,0
1,4408,3,3,normal,normal,0,0
1,4409,0,0,backdoor,backdoor,1,1
1,4410,3,3,normal,normal,0,0
1,4411,2,2,injection,injection,1,1
1,4412,3,3,normal,normal,0,0
1,4413,0,0,backdoor,backdoor,1,1
1,4414,2,2,injection,injection,1,1
1,4415,3,3,normal,normal,0,0
1,4416,3,3,normal,normal,0,0
1,4417,0,0,backdoor,backdoor,1,1
1,4418,0,0,backdoor,backdoor,1,1
1,4419,3,3,normal,normal,0,0
1,4420,3,3,normal,normal,0,0
1,4421,3,3,normal,normal,0,0
1,4422,0,2,backdoor,injection,1,1
1,4423,3,3,normal,normal,0,0
1,4424,3,3,normal,normal,0,0
1,4425,4,4,password,password,1,1
1,4426,3,3,normal,normal,0,0
1,4427,0,2,backdoor,injection,1,1
1,4428,4,4,password,password,1,1
1,4429,3,3,normal,normal,0,0
1,4430,3,3,normal,normal,0,0
1,4431,3,3,normal,normal,0,0
1,4432,4,4,password,password,1,1
1,4433,3,3,normal,normal,0,0
1,4434,3,3,normal,normal,0,0
1,4435,3,3,normal,normal,0,0
1,4436,4,4,password,password,1,1
1,4437,4,4,password,password,1,1
1,4438,3,3,normal,normal,0,0
1,4439,4,4,password,password,1,1
1,4440,3,3,normal,normal,0,0
1,4441,3,3,normal,normal,0,0
1,4442,3,3,normal,normal,0,0
1,4443,4,4,password,password,1,1
1,4444,4,4,password,password,1,1
1,4445,2,2,injection,injection,1,1
1,4446,3,3,normal,normal,0,0
1,4447,3,3,normal,normal,0,0
1,4448,4,4,password,password,1,1
1,4449,0,0,backdoor,backdoor,1,1
1,4450,0,0,backdoor,backdoor,1,1
1,4451,3,3,normal,normal,0,0
1,4452,3,3,normal,normal,0,0
1,4453,0,2,backdoor,injection,1,1
1,4454,4,4,password,password,1,1
1,4455,3,3,normal,normal,0,0
1,4456,2,2,injection,injection,1,1
1,4457,3,3,normal,normal,0,0
1,4458,3,3,normal,normal,0,0
1,4459,4,4,password,password,1,1
1,4460,3,3,normal,normal,0,0
1,4461,3,3,normal,normal,0,0
1,4462,2,0,injection,backdoor,1,1
1,4463,2,2,injection,injection,1,1
1,4464,2,2,injection,injection,1,1
1,4465,3,3,normal,normal,0,0
1,4466,0,0,backdoor,backdoor,1,1
1,4467,3,3,normal,normal,0,0
1,4468,2,2,injection,injection,1,1
1,4469,3,3,normal,normal,0,0
1,4470,3,3,normal,normal,0,0
1,4471,3,3,normal,normal,0,0
1,4472,2,0,injection,backdoor,1,1
1,4473,2,2,injection,injection,1,1
1,4474,3,3,normal,normal,0,0
1,4475,4,4,password,password,1,1
1,4476,4,4,password,password,1,1
1,4477,2,2,injection,injection,1,1
1,4478,3,3,normal,normal,0,0
1,4479,4,4,password,password,1,1
1,4480,2,2,injection,injection,1,1
1,4481,3,3,normal,normal,0,0
1,4482,0,2,backdoor,injection,1,1
1,4483,3,3,normal,normal,0,0
1,4484,2,2,injection,injection,1,1
1,4485,2,0,injection,backdoor,1,1
1,4486,2,2,injection,injection,1,1
1,4487,3,3,normal,normal,0,0
1,4488,4,4,password,password,1,1
1,4489,2,2,injection,injection,1,1
1,4490,3,3,normal,normal,0,0
1,4491,0,2,backdoor,injection,1,1
1,4492,3,3,normal,normal,0,0
1,4493,3,3,normal,normal,0,0
1,4494,2,2,injection,injection,1,1
1,4495,0,0,backdoor,backdoor,1,1
1,4496,3,3,normal,normal,0,0
1,4497,0,0,backdoor,backdoor,1,1
1,4498,3,3,normal,normal,0,0
1,4499,3,3,normal,normal,0,0
1,4500,3,3,normal,normal,0,0
1,4501,4,4,password,password,1,1
1,4502,0,0,backdoor,backdoor,1,1
1,4503,4,4,password,password,1,1
1,4504,3,3,normal,normal,0,0
1,4505,3,3,normal,normal,0,0
1,4506,3,3,normal,normal,0,0
1,4507,2,2,injection,injection,1,1
1,4508,3,3,normal,normal,0,0
1,4509,0,0,backdoor,backdoor,1,1
1,4510,3,3,normal,normal,0,0
1,4511,0,0,backdoor,backdoor,1,1
1,4512,4,4,password,password,1,1
1,4513,4,4,password,password,1,1
1,4514,4,4,password,password,1,1
1,4515,4,4,password,password,1,1
1,4516,3,3,normal,normal,0,0
1,4517,3,3,normal,normal,0,0
1,4518,3,3,normal,normal,0,0
1,4519,2,2,injection,injection,1,1
1,4520,3,3,normal,normal,0,0
1,4521,3,3,normal,normal,0,0
1,4522,0,0,backdoor,backdoor,1,1
1,4523,0,2,backdoor,injection,1,1
1,4524,2,2,injection,injection,1,1
1,4525,3,3,normal,normal,0,0
1,4526,2,2,injection,injection,1,1
1,4527,3,3,normal,normal,0,0
1,4528,3,3,normal,normal,0,0
1,4529,2,2,injection,injection,1,1
1,4530,3,3,normal,normal,0,0
1,4531,0,0,backdoor,backdoor,1,1
1,4532,3,3,normal,normal,0,0
1,4533,0,0,backdoor,backdoor,1,1
1,4534,3,3,normal,normal,0,0
1,4535,0,0,backdoor,backdoor,1,1
1,4536,2,2,injection,injection,1,1
1,4537,3,3,normal,normal,0,0
1,4538,3,3,normal,normal,0,0
1,4539,4,4,password,password,1,1
1,4540,3,3,normal,normal,0,0
1,4541,4,4,password,password,1,1
1,4542,4,4,password,password,1,1
1,4543,4,4,password,password,1,1
1,4544,3,3,normal,normal,0,0
1,4545,4,4,password,password,1,1
1,4546,3,3,normal,normal,0,0
1,4547,3,3,normal,normal,0,0
1,4548,3,3,normal,normal,0,0
1,4549,3,3,normal,normal,0,0
1,4550,0,0,backdoor,backdoor,1,1
1,4551,3,3,normal,normal,0,0
1,4552,2,2,injection,injection,1,1
1,4553,2,2,injection,injection,1,1
1,4554,3,3,normal,normal,0,0
1,4555,3,3,normal,normal,0,0
1,4556,2,2,injection,injection,1,1
1,4557,4,4,password,password,1,1
1,4558,4,4,password,password,1,1
1,4559,3,3,normal,normal,0,0
1,4560,3,3,normal,normal,0,0
1,4561,3,3,normal,normal,0,0
1,4562,3,3,normal,normal,0,0
1,4563,0,0,backdoor,backdoor,1,1
1,4564,3,3,normal,normal,0,0
1,4565,3,3,normal,normal,0,0
1,4566,2,2,injection,injection,1,1
1,4567,3,3,normal,normal,0,0
1,4568,4,4,password,password,1,1
1,4569,3,3,normal,normal,0,0
1,4570,0,0,backdoor,backdoor,1,1
1,4571,0,0,backdoor,backdoor,1,1
1,4572,0,0,backdoor,backdoor,1,1
1,4573,3,3,normal,normal,0,0
1,4574,3,3,normal,normal,0,0
1,4575,0,0,backdoor,backdoor,1,1
1,4576,3,3,normal,normal,0,0
1,4577,4,4,password,password,1,1
1,4578,2,2,injection,injection,1,1
1,4579,2,0,injection,backdoor,1,1
1,4580,3,3,normal,normal,0,0
1,4581,3,3,normal,normal,0,0
1,4582,3,3,normal,normal,0,0
1,4583,3,3,normal,normal,0,0
1,4584,3,3,normal,normal,0,0
1,4585,3,3,normal,normal,0,0
1,4586,0,2,backdoor,injection,1,1
1,4587,3,3,normal,normal,0,0
1,4588,3,3,normal,normal,0,0
1,4589,3,3,normal,normal,0,0
1,4590,3,3,normal,normal,0,0
1,4591,4,4,password,password,1,1
1,4592,3,3,normal,normal,0,0
1,4593,3,3,normal,normal,0,0
1,4594,3,3,normal,normal,0,0
1,4595,3,3,normal,normal,0,0
1,4596,3,3,normal,normal,0,0
1,4597,0,0,backdoor,backdoor,1,1
1,4598,3,3,normal,normal,0,0
1,4599,3,3,normal,normal,0,0
1,4600,4,4,password,password,1,1
1,4601,3,3,normal,normal,0,0
1,4602,3,3,normal,normal,0,0
1,4603,0,2,backdoor,injection,1,1
1,4604,2,2,injection,injection,1,1
1,4605,3,3,normal,normal,0,0
1,4606,3,3,normal,normal,0,0
1,4607,4,4,password,password,1,1
1,4608,4,4,password,password,1,1
1,4609,3,3,normal,normal,0,0
1,4610,2,2,injection,injection,1,1
1,4611,3,3,normal,normal,0,0
1,4612,3,3,normal,normal,0,0
1,4613,3,3,normal,normal,0,0
1,4614,4,4,password,password,1,1
1,4615,0,0,backdoor,backdoor,1,1
1,4616,3,3,normal,normal,0,0
1,4617,4,4,password,password,1,1
1,4618,3,3,normal,normal,0,0
1,4619,4,4,password,password,1,1
1,4620,0,0,backdoor,backdoor,1,1
1,4621,3,3,normal,normal,0,0
1,4622,4,4,password,password,1,1
1,4623,0,0,backdoor,backdoor,1,1
1,4624,3,3,normal,normal,0,0
1,4625,4,4,password,password,1,1
1,4626,3,3,normal,normal,0,0
1,4627,3,3,normal,normal,0,0
1,4628,0,0,backdoor,backdoor,1,1
1,4629,3,3,normal,normal,0,0
1,4630,4,4,password,password,1,1
1,4631,3,3,normal,normal,0,0
1,4632,0,0,backdoor,backdoor,1,1
1,4633,3,3,normal,normal,0,0
1,4634,0,0,backdoor,backdoor,1,1
1,4635,3,3,normal,normal,0,0
1,4636,2,2,injection,injection,1,1
1,4637,2,2,injection,injection,1,1
1,4638,4,4,password,password,1,1
1,4639,4,4,password,password,1,1
1,4640,3,3,normal,normal,0,0
1,4641,3,3,normal,normal,0,0
1,4642,3,3,normal,normal,0,0
1,4643,0,0,backdoor,backdoor,1,1
1,4644,3,3,normal,normal,0,0
1,4645,4,4,password,password,1,1
1,4646,2,2,injection,injection,1,1
1,4647,4,4,password,password,1,1
1,4648,3,3,normal,normal,0,0
1,4649,3,3,normal,normal,0,0
1,4650,3,3,normal,normal,0,0
1,4651,3,3,normal,normal,0,0
1,4652,3,3,normal,normal,0,0
1,4653,0,0,backdoor,backdoor,1,1
1,4654,3,3,normal,normal,0,0
1,4655,3,3,normal,normal,0,0
1,4656,0,0,backdoor,backdoor,1,1
1,4657,0,0,backdoor,backdoor,1,1
1,4658,3,3,normal,normal,0,0
1,4659,3,3,normal,normal,0,0
1,4660,0,0,backdoor,backdoor,1,1
1,4661,3,3,normal,normal,0,0
1,4662,4,4,password,password,1,1
1,4663,2,2,injection,injection,1,1
1,4664,4,4,password,password,1,1
1,4665,3,3,normal,normal,0,0
1,4666,3,3,normal,normal,0,0
1,4667,0,0,backdoor,backdoor,1,1
1,4668,3,3,normal,normal,0,0
1,4669,2,2,injection,injection,1,1
1,4670,3,3,normal,normal,0,0
1,4671,4,4,password,password,1,1
1,4672,4,4,password,password,1,1
1,4673,0,0,backdoor,backdoor,1,1
1,4674,3,3,normal,normal,0,0
1,4675,3,3,normal,normal,0,0
1,4676,3,3,normal,normal,0,0
1,4677,0,0,backdoor,backdoor,1,1
1,4678,2,0,injection,backdoor,1,1
1,4679,3,3,normal,normal,0,0
1,4680,0,0,backdoor,backdoor,1,1
1,4681,4,4,password,password,1,1
1,4682,3,3,normal,normal,0,0
1,4683,3,3,normal,normal,0,0
1,4684,0,0,backdoor,backdoor,1,1
1,4685,3,3,normal,normal,0,0
1,4686,4,4,password,password,1,1
1,4687,2,2,injection,injection,1,1
1,4688,3,3,normal,normal,0,0
1,4689,3,3,normal,normal,0,0
1,4690,3,3,normal,normal,0,0
1,4691,4,4,password,password,1,1
1,4692,3,3,normal,normal,0,0
1,4693,2,2,injection,injection,1,1
1,4694,3,3,normal,normal,0,0
1,4695,2,2,injection,injection,1,1
1,4696,4,4,password,password,1,1
1,4697,0,0,backdoor,backdoor,1,1
1,4698,3,3,normal,normal,0,0
1,4699,3,3,normal,normal,0,0
1,4700,3,3,normal,normal,0,0
1,4701,4,4,password,password,1,1
1,4702,0,0,backdoor,backdoor,1,1
1,4703,3,3,normal,normal,0,0
1,4704,3,3,normal,normal,0,0
1,4705,3,3,normal,normal,0,0
1,4706,3,3,normal,normal,0,0
1,4707,3,3,normal,normal,0,0
1,4708,0,0,backdoor,backdoor,1,1
1,4709,3,3,normal,normal,0,0
1,4710,3,3,normal,normal,0,0
1,4711,3,3,normal,normal,0,0
1,4712,3,3,normal,normal,0,0
1,4713,0,2,backdoor,injection,1,1
1,4714,3,3,normal,normal,0,0
1,4715,4,4,password,password,1,1
1,4716,2,2,injection,injection,1,1
1,4717,3,3,normal,normal,0,0
1,4718,3,3,normal,normal,0,0
1,4719,4,4,password,password,1,1
1,4720,3,3,normal,normal,0,0
1,4721,3,3,normal,normal,0,0
1,4722,4,4,password,password,1,1
1,4723,3,3,normal,normal,0,0
1,4724,0,0,backdoor,backdoor,1,1
1,4725,0,0,backdoor,backdoor,1,1
1,4726,2,2,injection,injection,1,1
1,4727,3,3,normal,normal,0,0
1,4728,4,4,password,password,1,1
1,4729,3,3,normal,normal,0,0
1,4730,0,0,backdoor,backdoor,1,1
1,4731,2,2,injection,injection,1,1
1,4732,3,3,normal,normal,0,0
1,4733,2,2,injection,injection,1,1
1,4734,2,2,injection,injection,1,1
1,4735,3,3,normal,normal,0,0
1,4736,0,0,backdoor,backdoor,1,1
1,4737,3,3,normal,normal,0,0
1,4738,0,2,backdoor,injection,1,1
1,4739,3,3,normal,normal,0,0
1,4740,2,2,injection,injection,1,1
1,4741,3,3,normal,normal,0,0
1,4742,3,3,normal,normal,0,0
1,4743,0,0,backdoor,backdoor,1,1
1,4744,4,4,password,password,1,1
1,4745,3,3,normal,normal,0,0
1,4746,0,0,backdoor,backdoor,1,1
1,4747,0,2,backdoor,injection,1,1
1,4748,0,0,backdoor,backdoor,1,1
1,4749,2,2,injection,injection,1,1
1,4750,0,0,backdoor,backdoor,1,1
1,4751,2,2,injection,injection,1,1
1,4752,4,4,password,password,1,1
1,4753,2,2,injection,injection,1,1
1,4754,2,2,injection,injection,1,1
1,4755,3,3,normal,normal,0,0
1,4756,3,3,normal,normal,0,0
1,4757,3,3,normal,normal,0,0
1,4758,3,3,normal,normal,0,0
1,4759,3,3,normal,normal,0,0
1,4760,0,0,backdoor,backdoor,1,1
1,4761,0,0,backdoor,backdoor,1,1
1,4762,0,0,backdoor,backdoor,1,1
1,4763,2,2,injection,injection,1,1
1,4764,4,4,password,password,1,1
1,4765,0,0,backdoor,backdoor,1,1
1,4766,3,3,normal,normal,0,0
1,4767,4,4,password,password,1,1
1,4768,3,3,normal,normal,0,0
1,4769,4,4,password,password,1,1
1,4770,3,3,normal,normal,0,0
1,4771,3,3,normal,normal,0,0
1,4772,0,3,backdoor,normal,1,0
1,4773,2,2,injection,injection,1,1
1,4774,3,3,normal,normal,0,0
1,4775,3,3,normal,normal,0,0
1,4776,4,4,password,password,1,1
1,4777,2,2,injection,injection,1,1
1,4778,3,3,normal,normal,0,0
1,4779,3,3,normal,normal,0,0
1,4780,0,0,backdoor,backdoor,1,1
1,4781,2,2,injection,injection,1,1
1,4782,0,2,backdoor,injection,1,1
1,4783,0,0,backdoor,backdoor,1,1
1,4784,3,3,normal,normal,0,0
1,4785,3,3,normal,normal,0,0
1,4786,0,2,backdoor,injection,1,1
1,4787,3,3,normal,normal,0,0
1,4788,0,0,backdoor,backdoor,1,1
1,4789,2,2,injection,injection,1,1
1,4790,0,0,backdoor,backdoor,1,1
1,4791,2,2,injection,injection,1,1
1,4792,4,4,password,password,1,1
1,4793,0,0,backdoor,backdoor,1,1
1,4794,3,3,normal,normal,0,0
1,4795,3,3,normal,normal,0,0
1,4796,3,3,normal,normal,0,0
1,4797,3,3,normal,normal,0,0
1,4798,2,2,injection,injection,1,1
1,4799,2,2,injection,injection,1,1
1,4800,3,3,normal,normal,0,0
1,4801,3,3,normal,normal,0,0
1,4802,3,3,normal,normal,0,0
1,4803,4,4,password,password,1,1
1,4804,0,0,backdoor,backdoor,1,1
1,4805,3,3,normal,normal,0,0
1,4806,3,3,normal,normal,0,0
1,4807,3,3,normal,normal,0,0
1,4808,0,2,backdoor,injection,1,1
1,4809,3,3,normal,normal,0,0
1,4810,3,3,normal,normal,0,0
1,4811,3,3,normal,normal,0,0
1,4812,2,2,injection,injection,1,1
1,4813,0,0,backdoor,backdoor,1,1
1,4814,3,3,normal,normal,0,0
1,4815,2,2,injection,injection,1,1
1,4816,4,4,password,password,1,1
1,4817,2,2,injection,injection,1,1
1,4818,4,4,password,password,1,1
1,4819,3,3,normal,normal,0,0
1,4820,4,4,password,password,1,1
1,4821,3,3,normal,normal,0,0
1,4822,2,2,injection,injection,1,1
1,4823,3,3,normal,normal,0,0
1,4824,3,3,normal,normal,0,0
1,4825,3,3,normal,normal,0,0
1,4826,3,3,normal,normal,0,0
1,4827,2,2,injection,injection,1,1
1,4828,0,0,backdoor,backdoor,1,1
1,4829,3,3,normal,normal,0,0
1,4830,2,2,injection,injection,1,1
1,4831,3,3,normal,normal,0,0
1,4832,3,3,normal,normal,0,0
1,4833,3,3,normal,normal,0,0
1,4834,0,0,backdoor,backdoor,1,1
1,4835,3,3,normal,normal,0,0
1,4836,4,4,password,password,1,1
1,4837,0,0,backdoor,backdoor,1,1
1,4838,4,4,password,password,1,1
1,4839,3,3,normal,normal,0,0
1,4840,2,2,injection,injection,1,1
1,4841,4,4,password,password,1,1
1,4842,3,3,normal,normal,0,0
1,4843,3,3,normal,normal,0,0
1,4844,2,2,injection,injection,1,1
1,4845,2,2,injection,injection,1,1
1,4846,3,3,normal,normal,0,0
1,4847,3,3,normal,normal,0,0
1,4848,2,2,injection,injection,1,1
1,4849,4,4,password,password,1,1
1,4850,0,0,backdoor,backdoor,1,1
1,4851,4,4,password,password,1,1
1,4852,3,3,normal,normal,0,0
1,4853,2,2,injection,injection,1,1
1,4854,3,3,normal,normal,0,0
1,4855,3,3,normal,normal,0,0
1,4856,4,4,password,password,1,1
1,4857,3,3,normal,normal,0,0
1,4858,2,2,injection,injection,1,1
1,4859,3,3,normal,normal,0,0
1,4860,3,3,normal,normal,0,0
1,4861,2,2,injection,injection,1,1
1,4862,2,2,injection,injection,1,1
1,4863,0,0,backdoor,backdoor,1,1
1,4864,0,0,backdoor,backdoor,1,1
1,4865,0,2,backdoor,injection,1,1
1,4866,3,3,normal,normal,0,0
1,4867,0,3,backdoor,normal,1,0
1,4868,0,0,backdoor,backdoor,1,1
1,4869,3,3,normal,normal,0,0
1,4870,0,0,backdoor,backdoor,1,1
1,4871,3,3,normal,normal,0,0
1,4872,2,2,injection,injection,1,1
1,4873,3,3,normal,normal,0,0
1,4874,3,3,normal,normal,0,0
1,4875,4,4,password,password,1,1
1,4876,3,3,normal,normal,0,0
1,4877,0,0,backdoor,backdoor,1,1
1,4878,2,2,injection,injection,1,1
1,4879,3,3,normal,normal,0,0
1,4880,3,3,normal,normal,0,0
1,4881,3,3,normal,normal,0,0
1,4882,2,2,injection,injection,1,1
1,4883,3,3,normal,normal,0,0
1,4884,3,3,normal,normal,0,0
1,4885,2,2,injection,injection,1,1
1,4886,2,2,injection,injection,1,1
1,4887,3,3,normal,normal,0,0
1,4888,2,2,injection,injection,1,1
1,4889,3,3,normal,normal,0,0
1,4890,3,3,normal,normal,0,0
1,4891,3,3,normal,normal,0,0
1,4892,3,3,normal,normal,0,0
1,4893,2,2,injection,injection,1,1
1,4894,3,3,normal,normal,0,0
1,4895,4,4,password,password,1,1
1,4896,4,4,password,password,1,1
1,4897,3,3,normal,normal,0,0
1,4898,0,2,backdoor,injection,1,1
1,4899,0,0,backdoor,backdoor,1,1
1,4900,3,3,normal,normal,0,0
1,4901,0,2,backdoor,injection,1,1
1,4902,0,0,backdoor,backdoor,1,1
1,4903,3,3,normal,normal,0,0
1,4904,3,3,normal,normal,0,0
1,4905,2,2,injection,injection,1,1
1,4906,3,3,normal,normal,0,0
1,4907,3,3,normal,normal,0,0
1,4908,3,3,normal,normal,0,0
1,4909,2,2,injection,injection,1,1
1,4910,3,3,normal,normal,0,0
1,4911,4,4,password,password,1,1
1,4912,3,3,normal,normal,0,0
1,4913,4,4,password,password,1,1
1,4914,4,4,password,password,1,1
1,4915,3,3,normal,normal,0,0
1,4916,4,4,password,password,1,1
1,4917,3,3,normal,normal,0,0
1,4918,0,0,backdoor,backdoor,1,1
1,4919,4,4,password,password,1,1
1,4920,4,4,password,password,1,1
1,4921,3,3,normal,normal,0,0
1,4922,0,0,backdoor,backdoor,1,1
1,4923,3,3,normal,normal,0,0
1,4924,2,2,injection,injection,1,1
1,4925,3,3,normal,normal,0,0
1,4926,0,2,backdoor,injection,1,1
1,4927,3,3,normal,normal,0,0
1,4928,3,3,normal,normal,0,0
1,4929,4,4,password,password,1,1
1,4930,3,3,normal,normal,0,0
1,4931,4,4,password,password,1,1
1,4932,3,3,normal,normal,0,0
1,4933,3,3,normal,normal,0,0
1,4934,4,4,password,password,1,1
1,4935,3,3,normal,normal,0,0
1,4936,3,3,normal,normal,0,0
1,4937,2,2,injection,injection,1,1
1,4938,0,0,backdoor,backdoor,1,1
1,4939,0,0,backdoor,backdoor,1,1
1,4940,3,3,normal,normal,0,0
1,4941,3,3,normal,normal,0,0
1,4942,3,3,normal,normal,0,0
1,4943,3,3,normal,normal,0,0
1,4944,2,2,injection,injection,1,1
1,4945,2,2,injection,injection,1,1
1,4946,3,3,normal,normal,0,0
1,4947,3,3,normal,normal,0,0
1,4948,0,0,backdoor,backdoor,1,1
1,4949,4,4,password,password,1,1
1,4950,2,2,injection,injection,1,1
1,4951,2,2,injection,injection,1,1
1,4952,4,4,password,password,1,1
1,4953,3,3,normal,normal,0,0
1,4954,2,2,injection,injection,1,1
1,4955,4,4,password,password,1,1
1,4956,3,3,normal,normal,0,0
1,4957,3,3,normal,normal,0,0
1,4958,3,3,normal,normal,0,0
1,4959,2,2,injection,injection,1,1
1,4960,3,3,normal,normal,0,0
1,4961,3,3,normal,normal,0,0
1,4962,3,3,normal,normal,0,0
1,4963,3,3,normal,normal,0,0
1,4964,3,3,normal,normal,0,0
1,4965,4,4,password,password,1,1
1,4966,3,3,normal,normal,0,0
1,4967,3,3,normal,normal,0,0
1,4968,4,4,password,password,1,1
1,4969,2,0,injection,backdoor,1,1
1,4970,4,4,password,password,1,1
1,4971,0,0,backdoor,backdoor,1,1
1,4972,3,3,normal,normal,0,0
1,4973,3,3,normal,normal,0,0
1,4974,3,3,normal,normal,0,0
1,4975,3,3,normal,normal,0,0
1,4976,3,3,normal,normal,0,0
1,4977,3,3,normal,normal,0,0
1,4978,4,4,password,password,1,1
1,4979,3,3,normal,normal,0,0
1,4980,0,0,backdoor,backdoor,1,1
1,4981,2,2,injection,injection,1,1
1,4982,4,4,password,password,1,1
1,4983,2,2,injection,injection,1,1
1,4984,3,3,normal,normal,0,0
1,4985,3,3,normal,normal,0,0
1,4986,0,0,backdoor,backdoor,1,1
1,4987,3,3,normal,normal,0,0
1,4988,0,2,backdoor,injection,1,1
1,4989,3,3,normal,normal,0,0
1,4990,0,0,backdoor,backdoor,1,1
1,4991,4,4,password,password,1,1
1,4992,4,4,password,password,1,1
1,4993,4,4,password,password,1,1
1,4994,3,3,normal,normal,0,0
1,4995,3,3,normal,normal,0,0
1,4996,3,3,normal,normal,0,0
1,4997,3,3,normal,normal,0,0
1,4998,3,3,normal,normal,0,0
1,4999,0,2,backdoor,injection,1,1
1,5000,3,3,normal,normal,0,0
1,5001,3,3,normal,normal,0,0
1,5002,0,0,backdoor,backdoor,1,1
1,5003,3,3,normal,normal,0,0
1,5004,0,0,backdoor,backdoor,1,1
1,5005,3,3,normal,normal,0,0
1,5006,2,2,injection,injection,1,1
1,5007,3,3,normal,normal,0,0
1,5008,2,2,injection,injection,1,1
1,5009,3,3,normal,normal,0,0
1,5010,3,3,normal,normal,0,0
1,5011,3,3,normal,normal,0,0
1,5012,3,3,normal,normal,0,0
1,5013,3,3,normal,normal,0,0
1,5014,2,2,injection,injection,1,1
1,5015,0,0,backdoor,backdoor,1,1
1,5016,3,3,normal,normal,0,0
1,5017,2,2,injection,injection,1,1
1,5018,3,3,normal,normal,0,0
1,5019,3,3,normal,normal,0,0
1,5020,3,3,normal,normal,0,0
1,5021,2,2,injection,injection,1,1
1,5022,3,3,normal,normal,0,0
1,5023,3,3,normal,normal,0,0
1,5024,3,3,normal,normal,0,0
1,5025,0,0,backdoor,backdoor,1,1
1,5026,3,3,normal,normal,0,0
1,5027,0,0,backdoor,backdoor,1,1
1,5028,2,2,injection,injection,1,1
1,5029,2,2,injection,injection,1,1
1,5030,3,3,normal,normal,0,0
1,5031,2,2,injection,injection,1,1
1,5032,0,0,backdoor,backdoor,1,1
1,5033,2,2,injection,injection,1,1
1,5034,0,0,backdoor,backdoor,1,1
1,5035,0,0,backdoor,backdoor,1,1
1,5036,3,3,normal,normal,0,0
1,5037,3,3,normal,normal,0,0
1,5038,3,3,normal,normal,0,0
1,5039,0,0,backdoor,backdoor,1,1
1,5040,3,3,normal,normal,0,0
1,5041,2,2,injection,injection,1,1
1,5042,3,3,normal,normal,0,0
1,5043,4,4,password,password,1,1
1,5044,3,3,normal,normal,0,0
1,5045,2,2,injection,injection,1,1
1,5046,3,3,normal,normal,0,0
1,5047,3,3,normal,normal,0,0
1,5048,3,3,normal,normal,0,0
1,5049,0,0,backdoor,backdoor,1,1
1,5050,2,2,injection,injection,1,1
1,5051,0,0,backdoor,backdoor,1,1
1,5052,2,2,injection,injection,1,1
1,5053,0,0,backdoor,backdoor,1,1
1,5054,3,3,normal,normal,0,0
1,5055,2,2,injection,injection,1,1
1,5056,3,3,normal,normal,0,0
1,5057,0,0,backdoor,backdoor,1,1
1,5058,3,3,normal,normal,0,0
1,5059,3,3,normal,normal,0,0
1,5060,3,3,normal,normal,0,0
1,5061,4,4,password,password,1,1
1,5062,3,3,normal,normal,0,0
1,5063,3,3,normal,normal,0,0
1,5064,4,4,password,password,1,1
1,5065,3,3,normal,normal,0,0
1,5066,2,2,injection,injection,1,1
1,5067,4,4,password,password,1,1
1,5068,4,4,password,password,1,1
1,5069,0,0,backdoor,backdoor,1,1
1,5070,2,2,injection,injection,1,1
1,5071,3,3,normal,normal,0,0
1,5072,3,3,normal,normal,0,0
1,5073,2,2,injection,injection,1,1
1,5074,3,3,normal,normal,0,0
1,5075,4,4,password,password,1,1
1,5076,3,3,normal,normal,0,0
1,5077,3,3,normal,normal,0,0
1,5078,2,2,injection,injection,1,1
1,5079,4,4,password,password,1,1
1,5080,4,4,password,password,1,1
1,5081,3,3,normal,normal,0,0
1,5082,3,3,normal,normal,0,0
1,5083,4,4,password,password,1,1
1,5084,3,3,normal,normal,0,0
1,5085,4,4,password,password,1,1
1,5086,3,3,normal,normal,0,0
1,5087,3,3,normal,normal,0,0
1,5088,4,4,password,password,1,1
1,5089,3,3,normal,normal,0,0
1,5090,4,4,password,password,1,1
1,5091,0,0,backdoor,backdoor,1,1
1,5092,3,3,normal,normal,0,0
1,5093,2,2,injection,injection,1,1
1,5094,3,3,normal,normal,0,0
1,5095,2,2,injection,injection,1,1
1,5096,3,3,normal,normal,0,0
1,5097,3,3,normal,normal,0,0
1,5098,3,3,normal,normal,0,0
1,5099,4,4,password,password,1,1
1,5100,3,3,normal,normal,0,0
1,5101,4,4,password,password,1,1
1,5102,0,0,backdoor,backdoor,1,1
1,5103,4,4,password,password,1,1
1,5104,3,3,normal,normal,0,0
1,5105,0,0,backdoor,backdoor,1,1
1,5106,4,4,password,password,1,1
1,5107,3,3,normal,normal,0,0
1,5108,0,2,backdoor,injection,1,1
1,5109,3,3,normal,normal,0,0
1,5110,3,3,normal,normal,0,0
1,5111,3,3,normal,normal,0,0
1,5112,3,3,normal,normal,0,0
1,5113,3,3,normal,normal,0,0
1,5114,2,2,injection,injection,1,1
1,5115,3,3,normal,normal,0,0
1,5116,3,3,normal,normal,0,0
1,5117,2,2,injection,injection,1,1
1,5118,4,4,password,password,1,1
1,5119,0,0,backdoor,backdoor,1,1
1,5120,2,2,injection,injection,1,1
1,5121,3,3,normal,normal,0,0
1,5122,0,0,backdoor,backdoor,1,1
1,5123,3,3,normal,normal,0,0
1,5124,3,3,normal,normal,0,0
1,5125,3,3,normal,normal,0,0
1,5126,3,3,normal,normal,0,0
1,5127,0,3,backdoor,normal,1,0
1,5128,0,0,backdoor,backdoor,1,1
1,5129,3,3,normal,normal,0,0
1,5130,0,0,backdoor,backdoor,1,1
1,5131,3,3,normal,normal,0,0
1,5132,3,3,normal,normal,0,0
1,5133,4,4,password,password,1,1
1,5134,3,3,normal,normal,0,0
1,5135,0,0,backdoor,backdoor,1,1
1,5136,2,2,injection,injection,1,1
1,5137,3,3,normal,normal,0,0
1,5138,2,2,injection,injection,1,1
1,5139,3,3,normal,normal,0,0
1,5140,3,3,normal,normal,0,0
1,5141,3,3,normal,normal,0,0
1,5142,3,3,normal,normal,0,0
1,5143,3,3,normal,normal,0,0
1,5144,0,0,backdoor,backdoor,1,1
1,5145,4,4,password,password,1,1
1,5146,3,3,normal,normal,0,0
1,5147,3,3,normal,normal,0,0
1,5148,3,3,normal,normal,0,0
1,5149,4,4,password,password,1,1
1,5150,2,2,injection,injection,1,1
1,5151,3,3,normal,normal,0,0
1,5152,3,3,normal,normal,0,0
1,5153,3,3,normal,normal,0,0
1,5154,3,3,normal,normal,0,0
1,5155,2,2,injection,injection,1,1
1,5156,3,3,normal,normal,0,0
1,5157,3,3,normal,normal,0,0
1,5158,3,3,normal,normal,0,0
1,5159,0,2,backdoor,injection,1,1
1,5160,3,3,normal,normal,0,0
1,5161,4,4,password,password,1,1
1,5162,2,2,injection,injection,1,1
1,5163,3,3,normal,normal,0,0
1,5164,3,3,normal,normal,0,0
1,5165,3,3,normal,normal,0,0
1,5166,3,3,normal,normal,0,0
1,5167,3,3,normal,normal,0,0
1,5168,3,3,normal,normal,0,0
1,5169,0,0,backdoor,backdoor,1,1
1,5170,4,4,password,password,1,1
1,5171,3,3,normal,normal,0,0
1,5172,2,2,injection,injection,1,1
1,5173,3,3,normal,normal,0,0
1,5174,4,4,password,password,1,1
1,5175,0,0,backdoor,backdoor,1,1
1,5176,2,2,injection,injection,1,1
1,5177,3,3,normal,normal,0,0
1,5178,3,3,normal,normal,0,0
1,5179,2,2,injection,injection,1,1
1,5180,2,2,injection,injection,1,1
1,5181,4,4,password,password,1,1
1,5182,3,3,normal,normal,0,0
1,5183,0,0,backdoor,backdoor,1,1
1,5184,2,0,injection,backdoor,1,1
1,5185,3,3,normal,normal,0,0
1,5186,2,2,injection,injection,1,1
1,5187,4,4,password,password,1,1
1,5188,3,3,normal,normal,0,0
1,5189,3,3,normal,normal,0,0
1,5190,2,2,injection,injection,1,1
1,5191,0,3,backdoor,normal,1,0
1,5192,3,3,normal,normal,0,0
1,5193,3,3,normal,normal,0,0
1,5194,0,2,backdoor,injection,1,1
1,5195,0,0,backdoor,backdoor,1,1
1,5196,3,3,normal,normal,0,0
1,5197,3,3,normal,normal,0,0
1,5198,4,4,password,password,1,1
1,5199,2,2,injection,injection,1,1
1,5200,3,3,normal,normal,0,0
1,5201,3,3,normal,normal,0,0
1,5202,3,3,normal,normal,0,0
1,5203,2,2,injection,injection,1,1
1,5204,3,3,normal,normal,0,0
1,5205,0,0,backdoor,backdoor,1,1
1,5206,3,3,normal,normal,0,0
1,5207,3,3,normal,normal,0,0
1,5208,3,3,normal,normal,0,0
1,5209,3,3,normal,normal,0,0
1,5210,3,3,normal,normal,0,0
1,5211,3,3,normal,normal,0,0
1,5212,3,3,normal,normal,0,0
1,5213,4,4,password,password,1,1
1,5214,2,2,injection,injection,1,1
1,5215,3,3,normal,normal,0,0
1,5216,3,3,normal,normal,0,0
1,5217,3,3,normal,normal,0,0
1,5218,4,4,password,password,1,1
1,5219,0,0,backdoor,backdoor,1,1
1,5220,2,2,injection,injection,1,1
1,5221,2,2,injection,injection,1,1
1,5222,4,4,password,password,1,1
1,5223,2,2,injection,injection,1,1
1,5224,3,3,normal,normal,0,0
1,5225,3,3,normal,normal,0,0
1,5226,3,3,normal,normal,0,0
1,5227,4,4,password,password,1,1
1,5228,4,4,password,password,1,1
1,5229,3,3,normal,normal,0,0
1,5230,4,4,password,password,1,1
1,5231,3,3,normal,normal,0,0
1,5232,3,3,normal,normal,0,0
1,5233,3,3,normal,normal,0,0
1,5234,3,3,normal,normal,0,0
1,5235,3,3,normal,normal,0,0
1,5236,3,3,normal,normal,0,0
1,5237,3,3,normal,normal,0,0
1,5238,0,0,backdoor,backdoor,1,1
1,5239,3,3,normal,normal,0,0
1,5240,4,4,password,password,1,1
1,5241,0,0,backdoor,backdoor,1,1
1,5242,0,0,backdoor,backdoor,1,1
1,5243,4,4,password,password,1,1
1,5244,4,4,password,password,1,1
1,5245,0,0,backdoor,backdoor,1,1
1,5246,3,3,normal,normal,0,0
1,5247,3,3,normal,normal,0,0
1,5248,3,3,normal,normal,0,0
1,5249,3,3,normal,normal,0,0
1,5250,2,2,injection,injection,1,1
1,5251,2,2,injection,injection,1,1
1,5252,2,2,injection,injection,1,1
1,5253,4,4,password,password,1,1
1,5254,0,0,backdoor,backdoor,1,1
1,5255,0,0,backdoor,backdoor,1,1
1,5256,4,4,password,password,1,1
1,5257,2,2,injection,injection,1,1
1,5258,0,0,backdoor,backdoor,1,1
1,5259,3,3,normal,normal,0,0
1,5260,4,4,password,password,1,1
1,5261,3,3,normal,normal,0,0
1,5262,3,3,normal,normal,0,0
1,5263,2,2,injection,injection,1,1
1,5264,3,3,normal,normal,0,0
1,5265,0,3,backdoor,normal,1,0
1,5266,3,3,normal,normal,0,0
1,5267,3,3,normal,normal,0,0
1,5268,3,3,normal,normal,0,0
1,5269,0,3,backdoor,normal,1,0
1,5270,0,0,backdoor,backdoor,1,1
1,5271,3,3,normal,normal,0,0
1,5272,3,3,normal,normal,0,0
1,5273,3,3,normal,normal,0,0
1,5274,3,3,normal,normal,0,0
1,5275,4,4,password,password,1,1
1,5276,3,3,normal,normal,0,0
1,5277,4,4,password,password,1,1
1,5278,4,4,password,password,1,1
1,5279,2,2,injection,injection,1,1
1,5280,3,3,normal,normal,0,0
1,5281,3,3,normal,normal,0,0
1,5282,4,4,password,password,1,1
1,5283,2,2,injection,injection,1,1
1,5284,2,2,injection,injection,1,1
1,5285,0,2,backdoor,injection,1,1
1,5286,2,2,injection,injection,1,1
1,5287,3,3,normal,normal,0,0
1,5288,0,0,backdoor,backdoor,1,1
1,5289,4,4,password,password,1,1
1,5290,0,0,backdoor,backdoor,1,1
1,5291,4,4,password,password,1,1
1,5292,3,3,normal,normal,0,0
1,5293,3,3,normal,normal,0,0
1,5294,3,3,normal,normal,0,0
1,5295,3,3,normal,normal,0,0
1,5296,2,2,injection,injection,1,1
1,5297,0,0,backdoor,backdoor,1,1
1,5298,0,0,backdoor,backdoor,1,1
1,5299,0,0,backdoor,backdoor,1,1
1,5300,4,4,password,password,1,1
1,5301,3,3,normal,normal,0,0
1,5302,2,2,injection,injection,1,1
1,5303,0,0,backdoor,backdoor,1,1
1,5304,2,2,injection,injection,1,1
1,5305,4,4,password,password,1,1
1,5306,4,4,password,password,1,1
1,5307,3,3,normal,normal,0,0
1,5308,3,3,normal,normal,0,0
1,5309,0,0,backdoor,backdoor,1,1
1,5310,4,4,password,password,1,1
1,5311,3,3,normal,normal,0,0
1,5312,3,3,normal,normal,0,0
1,5313,0,2,backdoor,injection,1,1
1,5314,0,0,backdoor,backdoor,1,1
1,5315,3,3,normal,normal,0,0
1,5316,2,2,injection,injection,1,1
1,5317,3,3,normal,normal,0,0
1,5318,4,4,password,password,1,1
1,5319,3,3,normal,normal,0,0
1,5320,3,3,normal,normal,0,0
1,5321,3,3,normal,normal,0,0
1,5322,2,2,injection,injection,1,1
1,5323,3,3,normal,normal,0,0
1,5324,3,3,normal,normal,0,0
1,5325,4,4,password,password,1,1
1,5326,3,3,normal,normal,0,0
1,5327,0,3,backdoor,normal,1,0
1,5328,4,4,password,password,1,1
1,5329,2,2,injection,injection,1,1
1,5330,2,2,injection,injection,1,1
1,5331,2,2,injection,injection,1,1
1,5332,3,3,normal,normal,0,0
1,5333,4,4,password,password,1,1
1,5334,4,4,password,password,1,1
1,5335,2,2,injection,injection,1,1
1,5336,3,3,normal,normal,0,0
1,5337,3,3,normal,normal,0,0
1,5338,4,4,password,password,1,1
1,5339,2,2,injection,injection,1,1
1,5340,3,3,normal,normal,0,0
1,5341,3,3,normal,normal,0,0
1,5342,2,2,injection,injection,1,1
1,5343,3,3,normal,normal,0,0
1,5344,3,3,normal,normal,0,0
1,5345,3,3,normal,normal,0,0
1,5346,3,3,normal,normal,0,0
1,5347,3,3,normal,normal,0,0
1,5348,0,0,backdoor,backdoor,1,1
1,5349,4,4,password,password,1,1
1,5350,4,4,password,password,1,1
1,5351,4,4,password,password,1,1
1,5352,2,2,injection,injection,1,1
1,5353,3,3,normal,normal,0,0
1,5354,2,2,injection,injection,1,1
1,5355,4,4,password,password,1,1
1,5356,3,3,normal,normal,0,0
1,5357,3,3,normal,normal,0,0
1,5358,3,3,normal,normal,0,0
1,5359,0,2,backdoor,injection,1,1
1,5360,2,2,injection,injection,1,1
1,5361,3,3,normal,normal,0,0
1,5362,3,3,normal,normal,0,0
1,5363,0,0,backdoor,backdoor,1,1
1,5364,3,3,normal,normal,0,0
1,5365,3,3,normal,normal,0,0
1,5366,2,2,injection,injection,1,1
1,5367,2,2,injection,injection,1,1
1,5368,2,2,injection,injection,1,1
1,5369,4,4,password,password,1,1
1,5370,4,4,password,password,1,1
1,5371,2,2,injection,injection,1,1
1,5372,2,2,injection,injection,1,1
1,5373,3,3,normal,normal,0,0
1,5374,3,3,normal,normal,0,0
1,5375,3,3,normal,normal,0,0
1,5376,4,4,password,password,1,1
1,5377,3,3,normal,normal,0,0
1,5378,3,3,normal,normal,0,0
1,5379,4,4,password,password,1,1
1,5380,2,2,injection,injection,1,1
1,5381,3,3,normal,normal,0,0
1,5382,3,3,normal,normal,0,0
1,5383,3,3,normal,normal,0,0
1,5384,4,4,password,password,1,1
1,5385,2,2,injection,injection,1,1
1,5386,4,4,password,password,1,1
1,5387,2,2,injection,injection,1,1
1,5388,0,0,backdoor,backdoor,1,1
1,5389,3,3,normal,normal,0,0
1,5390,4,4,password,password,1,1
1,5391,3,3,normal,normal,0,0
1,5392,2,2,injection,injection,1,1
1,5393,3,3,normal,normal,0,0
1,5394,4,4,password,password,1,1
1,5395,0,0,backdoor,backdoor,1,1
1,5396,3,3,normal,normal,0,0
1,5397,3,3,normal,normal,0,0
1,5398,3,3,normal,normal,0,0
1,5399,2,2,injection,injection,1,1
1,5400,2,2,injection,injection,1,1
1,5401,2,2,injection,injection,1,1
1,5402,3,3,normal,normal,0,0
1,5403,3,3,normal,normal,0,0
1,5404,3,3,normal,normal,0,0
1,5405,2,2,injection,injection,1,1
1,5406,0,0,backdoor,backdoor,1,1
1,5407,3,3,normal,normal,0,0
1,5408,3,3,normal,normal,0,0
1,5409,4,4,password,password,1,1
1,5410,2,2,injection,injection,1,1
1,5411,3,3,normal,normal,0,0
1,5412,2,2,injection,injection,1,1
1,5413,0,2,backdoor,injection,1,1
1,5414,2,2,injection,injection,1,1
1,5415,3,3,normal,normal,0,0
1,5416,0,2,backdoor,injection,1,1
1,5417,3,3,normal,normal,0,0
1,5418,2,2,injection,injection,1,1
1,5419,3,3,normal,normal,0,0
1,5420,4,4,password,password,1,1
1,5421,3,3,normal,normal,0,0
1,5422,3,3,normal,normal,0,0
1,5423,4,4,password,password,1,1
1,5424,3,3,normal,normal,0,0
1,5425,4,4,password,password,1,1
1,5426,3,3,normal,normal,0,0
1,5427,2,2,injection,injection,1,1
1,5428,3,3,normal,normal,0,0
1,5429,3,3,normal,normal,0,0
1,5430,0,0,backdoor,backdoor,1,1
1,5431,4,4,password,password,1,1
1,5432,3,3,normal,normal,0,0
1,5433,2,2,injection,injection,1,1
1,5434,3,3,normal,normal,0,0
1,5435,0,0,backdoor,backdoor,1,1
1,5436,2,2,injection,injection,1,1
1,5437,2,2,injection,injection,1,1
1,5438,4,4,password,password,1,1
1,5439,3,3,normal,normal,0,0
1,5440,3,3,normal,normal,0,0
1,5441,3,3,normal,normal,0,0
1,5442,3,3,normal,normal,0,0
1,5443,3,3,normal,normal,0,0
1,5444,3,3,normal,normal,0,0
1,5445,3,3,normal,normal,0,0
1,5446,3,3,normal,normal,0,0
1,5447,3,3,normal,normal,0,0
1,5448,3,3,normal,normal,0,0
1,5449,3,3,normal,normal,0,0
1,5450,4,4,password,password,1,1
1,5451,2,2,injection,injection,1,1
1,5452,3,3,normal,normal,0,0
1,5453,2,2,injection,injection,1,1
1,5454,3,3,normal,normal,0,0
1,5455,3,3,normal,normal,0,0
1,5456,3,3,normal,normal,0,0
1,5457,0,0,backdoor,backdoor,1,1
1,5458,0,0,backdoor,backdoor,1,1
1,5459,3,3,normal,normal,0,0
1,5460,4,4,password,password,1,1
1,5461,3,3,normal,normal,0,0
1,5462,0,2,backdoor,injection,1,1
1,5463,0,0,backdoor,backdoor,1,1
1,5464,3,3,normal,normal,0,0
1,5465,0,0,backdoor,backdoor,1,1
1,5466,3,3,normal,normal,0,0
1,5467,3,3,normal,normal,0,0
1,5468,3,3,normal,normal,0,0
1,5469,0,0,backdoor,backdoor,1,1
1,5470,3,3,normal,normal,0,0
1,5471,3,3,normal,normal,0,0
1,5472,3,3,normal,normal,0,0
1,5473,3,3,normal,normal,0,0
1,5474,3,3,normal,normal,0,0
1,5475,2,2,injection,injection,1,1
1,5476,3,3,normal,normal,0,0
1,5477,3,3,normal,normal,0,0
1,5478,4,4,password,password,1,1
1,5479,0,3,backdoor,normal,1,0
1,5480,2,2,injection,injection,1,1
1,5481,3,3,normal,normal,0,0
1,5482,3,3,normal,normal,0,0
1,5483,3,3,normal,normal,0,0
1,5484,2,2,injection,injection,1,1
1,5485,4,4,password,password,1,1
1,5486,2,2,injection,injection,1,1
1,5487,3,3,normal,normal,0,0
1,5488,3,3,normal,normal,0,0
1,5489,3,3,normal,normal,0,0
1,5490,3,3,normal,normal,0,0
1,5491,0,0,backdoor,backdoor,1,1
1,5492,3,3,normal,normal,0,0
1,5493,2,2,injection,injection,1,1
1,5494,0,0,backdoor,backdoor,1,1
1,5495,3,3,normal,normal,0,0
1,5496,4,4,password,password,1,1
1,5497,3,3,normal,normal,0,0
1,5498,4,4,password,password,1,1
1,5499,0,0,backdoor,backdoor,1,1
1,5500,0,2,backdoor,injection,1,1
1,5501,3,3,normal,normal,0,0
1,5502,0,0,backdoor,backdoor,1,1
1,5503,3,3,normal,normal,0,0
1,5504,3,3,normal,normal,0,0
1,5505,3,3,normal,normal,0,0
1,5506,0,2,backdoor,injection,1,1
1,5507,2,2,injection,injection,1,1
1,5508,4,4,password,password,1,1
1,5509,3,3,normal,normal,0,0
1,5510,0,2,backdoor,injection,1,1
1,5511,3,3,normal,normal,0,0
1,5512,4,4,password,password,1,1
1,5513,3,3,normal,normal,0,0
1,5514,2,2,injection,injection,1,1
1,5515,3,3,normal,normal,0,0
1,5516,3,3,normal,normal,0,0
1,5517,4,4,password,password,1,1
1,5518,3,3,normal,normal,0,0
1,5519,3,3,normal,normal,0,0
1,5520,3,3,normal,normal,0,0
1,5521,3,3,normal,normal,0,0
1,5522,4,4,password,password,1,1
1,5523,3,3,normal,normal,0,0
1,5524,3,3,normal,normal,0,0
1,5525,3,3,normal,normal,0,0
1,5526,3,3,normal,normal,0,0
1,5527,2,0,injection,backdoor,1,1
1,5528,3,3,normal,normal,0,0
1,5529,3,3,normal,normal,0,0
1,5530,2,2,injection,injection,1,1
1,5531,0,0,backdoor,backdoor,1,1
1,5532,3,3,normal,normal,0,0
1,5533,3,3,normal,normal,0,0
1,5534,2,2,injection,injection,1,1
1,5535,3,3,normal,normal,0,0
1,5536,3,3,normal,normal,0,0
1,5537,0,0,backdoor,backdoor,1,1
1,5538,3,3,normal,normal,0,0
1,5539,0,0,backdoor,backdoor,1,1
1,5540,2,2,injection,injection,1,1
1,5541,4,4,password,password,1,1
1,5542,3,3,normal,normal,0,0
1,5543,0,0,backdoor,backdoor,1,1
1,5544,2,2,injection,injection,1,1
1,5545,4,4,password,password,1,1
1,5546,0,0,backdoor,backdoor,1,1
1,5547,3,3,normal,normal,0,0
1,5548,4,4,password,password,1,1
1,5549,2,2,injection,injection,1,1
1,5550,3,3,normal,normal,0,0
1,5551,0,0,backdoor,backdoor,1,1
1,5552,0,2,backdoor,injection,1,1
1,5553,0,0,backdoor,backdoor,1,1
1,5554,3,3,normal,normal,0,0
1,5555,3,3,normal,normal,0,0
1,5556,3,3,normal,normal,0,0
1,5557,3,3,normal,normal,0,0
1,5558,3,3,normal,normal,0,0
1,5559,0,0,backdoor,backdoor,1,1
1,5560,4,4,password,password,1,1
1,5561,2,2,injection,injection,1,1
1,5562,3,3,normal,normal,0,0
1,5563,0,0,backdoor,backdoor,1,1
1,5564,0,2,backdoor,injection,1,1
1,5565,4,4,password,password,1,1
1,5566,4,4,password,password,1,1
1,5567,2,2,injection,injection,1,1
1,5568,3,3,normal,normal,0,0
1,5569,3,3,normal,normal,0,0
1,5570,3,3,normal,normal,0,0
1,5571,2,2,injection,injection,1,1
1,5572,2,2,injection,injection,1,1
1,5573,2,2,injection,injection,1,1
1,5574,4,4,password,password,1,1
1,5575,2,2,injection,injection,1,1
1,5576,3,3,normal,normal,0,0
1,5577,4,4,password,password,1,1
1,5578,2,2,injection,injection,1,1
1,5579,3,3,normal,normal,0,0
1,5580,3,3,normal,normal,0,0
1,5581,4,4,password,password,1,1
1,5582,0,0,backdoor,backdoor,1,1
1,5583,4,4,password,password,1,1
1,5584,2,2,injection,injection,1,1
1,5585,3,3,normal,normal,0,0
1,5586,3,3,normal,normal,0,0
1,5587,3,3,normal,normal,0,0
1,5588,3,3,normal,normal,0,0
1,5589,4,4,password,password,1,1
1,5590,3,3,normal,normal,0,0
1,5591,3,3,normal,normal,0,0
1,5592,3,3,normal,normal,0,0
1,5593,3,3,normal,normal,0,0
1,5594,3,3,normal,normal,0,0
1,5595,3,3,normal,normal,0,0
1,5596,0,0,backdoor,backdoor,1,1
1,5597,3,3,normal,normal,0,0
1,5598,3,3,normal,normal,0,0
1,5599,3,3,normal,normal,0,0
1,5600,4,4,password,password,1,1
1,5601,4,4,password,password,1,1
1,5602,4,4,password,password,1,1
1,5603,3,3,normal,normal,0,0
1,5604,4,4,password,password,1,1
1,5605,3,3,normal,normal,0,0
1,5606,0,0,backdoor,backdoor,1,1
1,5607,2,2,injection,injection,1,1
1,5608,3,3,normal,normal,0,0
1,5609,4,4,password,password,1,1
1,5610,3,3,normal,normal,0,0
1,5611,4,4,password,password,1,1
1,5612,2,2,injection,injection,1,1
1,5613,4,4,password,password,1,1
1,5614,2,2,injection,injection,1,1
1,5615,4,4,password,password,1,1
1,5616,3,3,normal,normal,0,0
1,5617,3,3,normal,normal,0,0
1,5618,0,0,backdoor,backdoor,1,1
1,5619,3,3,normal,normal,0,0
1,5620,3,3,normal,normal,0,0
1,5621,3,3,normal,normal,0,0
1,5622,3,3,normal,normal,0,0
1,5623,3,3,normal,normal,0,0
1,5624,4,4,password,password,1,1
1,5625,0,0,backdoor,backdoor,1,1
1,5626,3,3,normal,normal,0,0
1,5627,3,3,normal,normal,0,0
1,5628,0,0,backdoor,backdoor,1,1
1,5629,0,0,backdoor,backdoor,1,1
1,5630,3,3,normal,normal,0,0
1,5631,3,3,normal,normal,0,0
1,5632,2,2,injection,injection,1,1
1,5633,3,3,normal,normal,0,0
1,5634,3,3,normal,normal,0,0
1,5635,3,3,normal,normal,0,0
1,5636,3,3,normal,normal,0,0
1,5637,2,0,injection,backdoor,1,1
1,5638,4,4,password,password,1,1
1,5639,3,3,normal,normal,0,0
1,5640,3,3,normal,normal,0,0
1,5641,3,3,normal,normal,0,0
1,5642,3,3,normal,normal,0,0
1,5643,4,4,password,password,1,1
1,5644,2,2,injection,injection,1,1
1,5645,3,3,normal,normal,0,0
1,5646,3,3,normal,normal,0,0
1,5647,0,0,backdoor,backdoor,1,1
1,5648,0,0,backdoor,backdoor,1,1
1,5649,3,3,normal,normal,0,0
1,5650,4,4,password,password,1,1
1,5651,3,3,normal,normal,0,0
1,5652,3,3,normal,normal,0,0
1,5653,3,3,normal,normal,0,0
1,5654,3,3,normal,normal,0,0
1,5655,3,3,normal,normal,0,0
1,5656,3,3,normal,normal,0,0
1,5657,3,3,normal,normal,0,0
1,5658,3,3,normal,normal,0,0
1,5659,3,3,normal,normal,0,0
1,5660,3,3,normal,normal,0,0
1,5661,3,3,normal,normal,0,0
1,5662,2,2,injection,injection,1,1
1,5663,3,3,normal,normal,0,0
1,5664,4,4,password,password,1,1
1,5665,0,0,backdoor,backdoor,1,1
1,5666,3,3,normal,normal,0,0
1,5667,4,4,password,password,1,1
1,5668,3,3,normal,normal,0,0
1,5669,4,4,password,password,1,1
1,5670,4,4,password,password,1,1
1,5671,4,4,password,password,1,1
1,5672,3,3,normal,normal,0,0
1,5673,2,2,injection,injection,1,1
1,5674,0,2,backdoor,injection,1,1
1,5675,3,3,normal,normal,0,0
1,5676,2,2,injection,injection,1,1
1,5677,0,0,backdoor,backdoor,1,1
1,5678,3,3,normal,normal,0,0
1,5679,0,0,backdoor,backdoor,1,1
1,5680,3,3,normal,normal,0,0
1,5681,2,2,injection,injection,1,1
1,5682,0,0,backdoor,backdoor,1,1
1,5683,3,3,normal,normal,0,0
1,5684,3,3,normal,normal,0,0
1,5685,4,4,password,password,1,1
1,5686,3,3,normal,normal,0,0
1,5687,3,3,normal,normal,0,0
1,5688,4,4,password,password,1,1
1,5689,3,3,normal,normal,0,0
1,5690,3,3,normal,normal,0,0
1,5691,2,2,injection,injection,1,1
1,5692,4,4,password,password,1,1
1,5693,2,2,injection,injection,1,1
1,5694,2,2,injection,injection,1,1
1,5695,3,3,normal,normal,0,0
1,5696,3,3,normal,normal,0,0
1,5697,3,3,normal,normal,0,0
1,5698,3,3,normal,normal,0,0
1,5699,2,2,injection,injection,1,1
1,5700,2,2,injection,injection,1,1
1,5701,2,2,injection,injection,1,1
1,5702,4,4,password,password,1,1
1,5703,2,2,injection,injection,1,1
1,5704,0,2,backdoor,injection,1,1
1,5705,3,3,normal,normal,0,0
1,5706,3,3,normal,normal,0,0
1,5707,3,3,normal,normal,0,0
1,5708,3,3,normal,normal,0,0
1,5709,3,3,normal,normal,0,0
1,5710,0,0,backdoor,backdoor,1,1
1,5711,3,3,normal,normal,0,0
1,5712,3,3,normal,normal,0,0
1,5713,4,4,password,password,1,1
1,5714,4,4,password,password,1,1
1,5715,2,2,injection,injection,1,1
1,5716,3,3,normal,normal,0,0
1,5717,2,2,injection,injection,1,1
1,5718,0,0,backdoor,backdoor,1,1
1,5719,3,3,normal,normal,0,0
1,5720,3,3,normal,normal,0,0
1,5721,4,4,password,password,1,1
1,5722,4,4,password,password,1,1
1,5723,3,3,normal,normal,0,0
1,5724,3,3,normal,normal,0,0
1,5725,4,4,password,password,1,1
1,5726,3,3,normal,normal,0,0
1,5727,3,3,normal,normal,0,0
1,5728,0,0,backdoor,backdoor,1,1
1,5729,3,3,normal,normal,0,0
1,5730,4,4,password,password,1,1
1,5731,3,3,normal,normal,0,0
1,5732,3,3,normal,normal,0,0
1,5733,2,2,injection,injection,1,1
1,5734,2,2,injection,injection,1,1
1,5735,0,0,backdoor,backdoor,1,1
1,5736,3,3,normal,normal,0,0
1,5737,3,3,normal,normal,0,0
1,5738,0,0,backdoor,backdoor,1,1
1,5739,4,4,password,password,1,1
1,5740,4,4,password,password,1,1
1,5741,2,2,injection,injection,1,1
1,5742,3,3,normal,normal,0,0
1,5743,3,3,normal,normal,0,0
1,5744,4,4,password,password,1,1
1,5745,3,3,normal,normal,0,0
1,5746,3,3,normal,normal,0,0
1,5747,4,4,password,password,1,1
1,5748,0,0,backdoor,backdoor,1,1
1,5749,3,3,normal,normal,0,0
1,5750,3,3,normal,normal,0,0
1,5751,3,3,normal,normal,0,0
1,5752,3,3,normal,normal,0,0
1,5753,4,4,password,password,1,1
1,5754,3,3,normal,normal,0,0
1,5755,3,3,normal,normal,0,0
1,5756,3,3,normal,normal,0,0
1,5757,3,3,normal,normal,0,0
1,5758,0,0,backdoor,backdoor,1,1
1,5759,2,2,injection,injection,1,1
1,5760,0,0,backdoor,backdoor,1,1
1,5761,3,3,normal,normal,0,0
1,5762,4,4,password,password,1,1
1,5763,4,4,password,password,1,1
1,5764,3,3,normal,normal,0,0
1,5765,2,2,injection,injection,1,1
1,5766,3,3,normal,normal,0,0
1,5767,0,2,backdoor,injection,1,1
1,5768,3,3,normal,normal,0,0
1,5769,3,3,normal,normal,0,0
1,5770,4,4,password,password,1,1
1,5771,0,0,backdoor,backdoor,1,1
1,5772,2,2,injection,injection,1,1
1,5773,3,3,normal,normal,0,0
1,5774,3,3,normal,normal,0,0
1,5775,4,4,password,password,1,1
1,5776,3,3,normal,normal,0,0
1,5777,2,2,injection,injection,1,1
1,5778,3,3,normal,normal,0,0
1,5779,0,0,backdoor,backdoor,1,1
1,5780,3,3,normal,normal,0,0
1,5781,4,4,password,password,1,1
1,5782,3,3,normal,normal,0,0
1,5783,3,3,normal,normal,0,0
1,5784,3,3,normal,normal,0,0
1,5785,3,3,normal,normal,0,0
1,5786,3,3,normal,normal,0,0
1,5787,3,3,normal,normal,0,0
1,5788,3,3,normal,normal,0,0
1,5789,2,2,injection,injection,1,1
1,5790,3,3,normal,normal,0,0
1,5791,3,3,normal,normal,0,0
1,5792,3,3,normal,normal,0,0
1,5793,0,0,backdoor,backdoor,1,1
1,5794,3,3,normal,normal,0,0
1,5795,2,2,injection,injection,1,1
1,5796,4,4,password,password,1,1
1,5797,4,4,password,password,1,1
1,5798,3,3,normal,normal,0,0
1,5799,3,3,normal,normal,0,0
1,5800,0,0,backdoor,backdoor,1,1
1,5801,3,3,normal,normal,0,0
1,5802,3,3,normal,normal,0,0
1,5803,3,3,normal,normal,0,0
1,5804,3,3,normal,normal,0,0
1,5805,0,0,backdoor,backdoor,1,1
1,5806,3,3,normal,normal,0,0
1,5807,3,3,normal,normal,0,0
1,5808,3,3,normal,normal,0,0
1,5809,4,4,password,password,1,1
1,5810,3,3,normal,normal,0,0
1,5811,3,3,normal,normal,0,0
1,5812,0,0,backdoor,backdoor,1,1
1,5813,2,2,injection,injection,1,1
1,5814,2,2,injection,injection,1,1
1,5815,3,3,normal,normal,0,0
1,5816,2,2,injection,injection,1,1
1,5817,3,3,normal,normal,0,0
1,5818,2,2,injection,injection,1,1
1,5819,4,4,password,password,1,1
1,5820,2,2,injection,injection,1,1
1,5821,4,4,password,password,1,1
1,5822,3,3,normal,normal,0,0
1,5823,2,2,injection,injection,1,1
1,5824,3,3,normal,normal,0,0
1,5825,4,4,password,password,1,1
1,5826,2,2,injection,injection,1,1
1,5827,3,3,normal,normal,0,0
1,5828,3,3,normal,normal,0,0
1,5829,3,3,normal,normal,0,0
1,5830,3,3,normal,normal,0,0
1,5831,4,4,password,password,1,1
1,5832,3,3,normal,normal,0,0
1,5833,3,3,normal,normal,0,0
1,5834,0,2,backdoor,injection,1,1
1,5835,3,3,normal,normal,0,0
1,5836,3,3,normal,normal,0,0
1,5837,3,3,normal,normal,0,0
1,5838,4,4,password,password,1,1
1,5839,3,3,normal,normal,0,0
1,5840,3,3,normal,normal,0,0
1,5841,4,4,password,password,1,1
1,5842,3,3,normal,normal,0,0
1,5843,2,2,injection,injection,1,1
1,5844,0,0,backdoor,backdoor,1,1
1,5845,2,0,injection,backdoor,1,1
1,5846,4,4,password,password,1,1
1,5847,3,3,normal,normal,0,0
1,5848,3,3,normal,normal,0,0
1,5849,3,3,normal,normal,0,0
1,5850,4,4,password,password,1,1
1,5851,4,4,password,password,1,1
1,5852,3,3,normal,normal,0,0
1,5853,0,0,backdoor,backdoor,1,1
1,5854,3,3,normal,normal,0,0
1,5855,3,3,normal,normal,0,0
1,5856,3,3,normal,normal,0,0
1,5857,0,0,backdoor,backdoor,1,1
1,5858,3,3,normal,normal,0,0
1,5859,3,3,normal,normal,0,0
1,5860,3,3,normal,normal,0,0
1,5861,3,3,normal,normal,0,0
1,5862,3,3,normal,normal,0,0
1,5863,2,2,injection,injection,1,1
1,5864,3,3,normal,normal,0,0
1,5865,3,3,normal,normal,0,0
1,5866,3,3,normal,normal,0,0
1,5867,3,3,normal,normal,0,0
1,5868,4,4,password,password,1,1
1,5869,3,3,normal,normal,0,0
1,5870,2,2,injection,injection,1,1
1,5871,3,3,normal,normal,0,0
1,5872,3,3,normal,normal,0,0
1,5873,3,3,normal,normal,0,0
1,5874,2,2,injection,injection,1,1
1,5875,0,0,backdoor,backdoor,1,1
1,5876,2,0,injection,backdoor,1,1
1,5877,2,2,injection,injection,1,1
1,5878,3,3,normal,normal,0,0
1,5879,3,3,normal,normal,0,0
1,5880,4,4,password,password,1,1
1,5881,4,4,password,password,1,1
1,5882,0,2,backdoor,injection,1,1
1,5883,2,2,injection,injection,1,1
1,5884,2,2,injection,injection,1,1
1,5885,0,0,backdoor,backdoor,1,1
1,5886,2,2,injection,injection,1,1
1,5887,4,4,password,password,1,1
1,5888,3,3,normal,normal,0,0
1,5889,3,3,normal,normal,0,0
1,5890,3,3,normal,normal,0,0
1,5891,3,3,normal,normal,0,0
1,5892,2,2,injection,injection,1,1
1,5893,4,4,password,password,1,1
1,5894,0,0,backdoor,backdoor,1,1
1,5895,2,2,injection,injection,1,1
1,5896,2,2,injection,injection,1,1
1,5897,2,2,injection,injection,1,1
1,5898,3,3,normal,normal,0,0
1,5899,4,4,password,password,1,1
1,5900,3,3,normal,normal,0,0
1,5901,0,0,backdoor,backdoor,1,1
1,5902,3,3,normal,normal,0,0
1,5903,0,2,backdoor,injection,1,1
1,5904,3,3,normal,normal,0,0
1,5905,2,0,injection,backdoor,1,1
1,5906,3,3,normal,normal,0,0
1,5907,0,0,backdoor,backdoor,1,1
1,5908,3,3,normal,normal,0,0
1,5909,3,3,normal,normal,0,0
1,5910,0,2,backdoor,injection,1,1
1,5911,0,2,backdoor,injection,1,1
1,5912,3,3,normal,normal,0,0
1,5913,4,4,password,password,1,1
1,5914,3,3,normal,normal,0,0
1,5915,2,2,injection,injection,1,1
1,5916,4,4,password,password,1,1
1,5917,3,3,normal,normal,0,0
1,5918,3,3,normal,normal,0,0
1,5919,3,3,normal,normal,0,0
1,5920,2,2,injection,injection,1,1
1,5921,3,3,normal,normal,0,0
1,5922,3,3,normal,normal,0,0
1,5923,3,3,normal,normal,0,0
1,5924,3,3,normal,normal,0,0
1,5925,3,3,normal,normal,0,0
1,5926,3,3,normal,normal,0,0
1,5927,3,3,normal,normal,0,0
1,5928,4,4,password,password,1,1
1,5929,4,4,password,password,1,1
1,5930,4,4,password,password,1,1
1,5931,4,4,password,password,1,1
1,5932,0,0,backdoor,backdoor,1,1
1,5933,2,2,injection,injection,1,1
1,5934,3,3,normal,normal,0,0
1,5935,3,3,normal,normal,0,0
1,5936,2,2,injection,injection,1,1
1,5937,3,3,normal,normal,0,0
1,5938,0,0,backdoor,backdoor,1,1
1,5939,2,2,injection,injection,1,1
1,5940,0,0,backdoor,backdoor,1,1
1,5941,2,2,injection,injection,1,1
1,5942,3,3,normal,normal,0,0
1,5943,0,2,backdoor,injection,1,1
1,5944,0,2,backdoor,injection,1,1
1,5945,3,3,normal,normal,0,0
1,5946,3,3,normal,normal,0,0
1,5947,4,4,password,password,1,1
1,5948,0,0,backdoor,backdoor,1,1
1,5949,0,0,backdoor,backdoor,1,1
1,5950,0,0,backdoor,backdoor,1,1
1,5951,3,3,normal,normal,0,0
1,5952,3,3,normal,normal,0,0
1,5953,3,3,normal,normal,0,0
1,5954,2,2,injection,injection,1,1
1,5955,3,3,normal,normal,0,0
1,5956,3,3,normal,normal,0,0
1,5957,3,3,normal,normal,0,0
1,5958,3,3,normal,normal,0,0
1,5959,3,3,normal,normal,0,0
1,5960,3,3,normal,normal,0,0
1,5961,3,3,normal,normal,0,0
1,5962,4,4,password,password,1,1
1,5963,3,3,normal,normal,0,0
1,5964,3,3,normal,normal,0,0
1,5965,4,4,password,password,1,1
1,5966,3,3,normal,normal,0,0
1,5967,2,0,injection,backdoor,1,1
1,5968,3,3,normal,normal,0,0
1,5969,0,0,backdoor,backdoor,1,1
1,5970,3,3,normal,normal,0,0
1,5971,4,4,password,password,1,1
1,5972,3,3,normal,normal,0,0
1,5973,3,3,normal,normal,0,0
1,5974,0,0,backdoor,backdoor,1,1
1,5975,3,3,normal,normal,0,0
1,5976,4,4,password,password,1,1
1,5977,3,3,normal,normal,0,0
1,5978,3,3,normal,normal,0,0
1,5979,2,2,injection,injection,1,1
1,5980,3,3,normal,normal,0,0
1,5981,0,0,backdoor,backdoor,1,1
1,5982,3,3,normal,normal,0,0
1,5983,3,3,normal,normal,0,0
1,5984,3,3,normal,normal,0,0
1,5985,2,2,injection,injection,1,1
1,5986,3,3,normal,normal,0,0
1,5987,4,4,password,password,1,1
1,5988,3,3,normal,normal,0,0
1,5989,3,3,normal,normal,0,0
1,5990,4,4,password,password,1,1
1,5991,0,0,backdoor,backdoor,1,1
1,5992,0,0,backdoor,backdoor,1,1
1,5993,2,2,injection,injection,1,1
1,5994,3,3,normal,normal,0,0
1,5995,3,3,normal,normal,0,0
1,5996,0,0,backdoor,backdoor,1,1
1,5997,0,0,backdoor,backdoor,1,1
1,5998,4,4,password,password,1,1
1,5999,2,2,injection,injection,1,1
2,0,4,4,password,password,1,1
2,1,3,3,normal,normal,0,0
2,2,3,3,normal,normal,0,0
2,3,0,0,backdoor,backdoor,1,1
2,4,3,3,normal,normal,0,0
2,5,3,3,normal,normal,0,0
2,6,2,2,injection,injection,1,1
2,7,3,3,normal,normal,0,0
2,8,4,4,password,password,1,1
2,9,3,3,normal,normal,0,0
2,10,0,0,backdoor,backdoor,1,1
2,11,2,2,injection,injection,1,1
2,12,3,3,normal,normal,0,0
2,13,2,2,injection,injection,1,1
2,14,2,2,injection,injection,1,1
2,15,3,3,normal,normal,0,0
2,16,2,2,injection,injection,1,1
2,17,3,3,normal,normal,0,0
2,18,4,4,password,password,1,1
2,19,0,0,backdoor,backdoor,1,1
2,20,3,3,normal,normal,0,0
2,21,4,4,password,password,1,1
2,22,4,4,password,password,1,1
2,23,3,3,normal,normal,0,0
2,24,3,3,normal,normal,0,0
2,25,3,3,normal,normal,0,0
2,26,2,2,injection,injection,1,1
2,27,2,2,injection,injection,1,1
2,28,3,3,normal,normal,0,0
2,29,2,2,injection,injection,1,1
2,30,3,3,normal,normal,0,0
2,31,3,3,normal,normal,0,0
2,32,3,3,normal,normal,0,0
2,33,3,3,normal,normal,0,0
2,34,4,4,password,password,1,1
2,35,3,3,normal,normal,0,0
2,36,0,2,backdoor,injection,1,1
2,37,2,2,injection,injection,1,1
2,38,3,3,normal,normal,0,0
2,39,2,2,injection,injection,1,1
2,40,2,2,injection,injection,1,1
2,41,0,0,backdoor,backdoor,1,1
2,42,2,2,injection,injection,1,1
2,43,4,4,password,password,1,1
2,44,0,0,backdoor,backdoor,1,1
2,45,3,3,normal,normal,0,0
2,46,2,2,injection,injection,1,1
2,47,4,4,password,password,1,1
2,48,3,3,normal,normal,0,0
2,49,3,3,normal,normal,0,0
2,50,4,4,password,password,1,1
2,51,4,4,password,password,1,1
2,52,4,4,password,password,1,1
2,53,4,4,password,password,1,1
2,54,3,3,normal,normal,0,0
2,55,4,4,password,password,1,1
2,56,4,4,password,password,1,1
2,57,0,0,backdoor,backdoor,1,1
2,58,4,4,password,password,1,1
2,59,4,4,password,password,1,1
2,60,3,3,normal,normal,0,0
2,61,3,3,normal,normal,0,0
2,62,0,0,backdoor,backdoor,1,1
2,63,2,2,injection,injection,1,1
2,64,0,2,backdoor,injection,1,1
2,65,3,3,normal,normal,0,0
2,66,4,4,password,password,1,1
2,67,3,3,normal,normal,0,0
2,68,3,3,normal,normal,0,0
2,69,3,3,normal,normal,0,0
2,70,2,2,injection,injection,1,1
2,71,0,2,backdoor,injection,1,1
2,72,3,3,normal,normal,0,0
2,73,3,3,normal,normal,0,0
2,74,3,3,normal,normal,0,0
2,75,2,2,injection,injection,1,1
2,76,3,3,normal,normal,0,0
2,77,0,0,backdoor,backdoor,1,1
2,78,3,3,normal,normal,0,0
2,79,3,3,normal,normal,0,0
2,80,4,4,password,password,1,1
2,81,3,3,normal,normal,0,0
2,82,4,4,password,password,1,1
2,83,3,3,normal,normal,0,0
2,84,3,3,normal,normal,0,0
2,85,2,2,injection,injection,1,1
2,86,3,3,normal,normal,0,0
2,87,3,3,normal,normal,0,0
2,88,3,3,normal,normal,0,0
2,89,2,2,injection,injection,1,1
2,90,3,3,normal,normal,0,0
2,91,2,2,injection,injection,1,1
2,92,2,2,injection,injection,1,1
2,93,3,3,normal,normal,0,0
2,94,4,4,password,password,1,1
2,95,3,3,normal,normal,0,0
2,96,4,4,password,password,1,1
2,97,3,3,normal,normal,0,0
2,98,2,2,injection,injection,1,1
2,99,0,0,backdoor,backdoor,1,1
2,100,3,3,normal,normal,0,0
2,101,3,3,normal,normal,0,0
2,102,0,2,backdoor,injection,1,1
2,103,3,3,normal,normal,0,0
2,104,4,4,password,password,1,1
2,105,2,2,injection,injection,1,1
2,106,3,3,normal,normal,0,0
2,107,2,2,injection,injection,1,1
2,108,2,2,injection,injection,1,1
2,109,3,3,normal,normal,0,0
2,110,3,3,normal,normal,0,0
2,111,4,4,password,password,1,1
2,112,3,3,normal,normal,0,0
2,113,3,3,normal,normal,0,0
2,114,3,3,normal,normal,0,0
2,115,4,4,password,password,1,1
2,116,3,3,normal,normal,0,0
2,117,4,4,password,password,1,1
2,118,3,3,normal,normal,0,0
2,119,3,3,normal,normal,0,0
2,120,0,0,backdoor,backdoor,1,1
2,121,3,3,normal,normal,0,0
2,122,0,0,backdoor,backdoor,1,1
2,123,3,3,normal,normal,0,0
2,124,2,2,injection,injection,1,1
2,125,2,2,injection,injection,1,1
2,126,3,3,normal,normal,0,0
2,127,2,2,injection,injection,1,1
2,128,4,4,password,password,1,1
2,129,0,0,backdoor,backdoor,1,1
2,130,4,4,password,password,1,1
2,131,2,2,injection,injection,1,1
2,132,3,3,normal,normal,0,0
2,133,2,2,injection,injection,1,1
2,134,3,3,normal,normal,0,0
2,135,2,2,injection,injection,1,1
2,136,3,3,normal,normal,0,0
2,137,3,3,normal,normal,0,0
2,138,3,3,normal,normal,0,0
2,139,2,2,injection,injection,1,1
2,140,0,2,backdoor,injection,1,1
2,141,0,0,backdoor,backdoor,1,1
2,142,3,3,normal,normal,0,0
2,143,4,4,password,password,1,1
2,144,2,2,injection,injection,1,1
2,145,3,3,normal,normal,0,0
2,146,3,3,normal,normal,0,0
2,147,3,3,normal,normal,0,0
2,148,3,3,normal,normal,0,0
2,149,0,2,backdoor,injection,1,1
2,150,4,4,password,password,1,1
2,151,3,3,normal,normal,0,0
2,152,3,3,normal,normal,0,0
2,153,4,4,password,password,1,1
2,154,0,0,backdoor,backdoor,1,1
2,155,3,3,normal,normal,0,0
2,156,3,3,normal,normal,0,0
2,157,3,3,normal,normal,0,0
2,158,0,0,backdoor,backdoor,1,1
2,159,3,3,normal,normal,0,0
2,160,4,4,password,password,1,1
2,161,3,3,normal,normal,0,0
2,162,4,4,password,password,1,1
2,163,3,3,normal,normal,0,0
2,164,0,0,backdoor,backdoor,1,1
2,165,0,0,backdoor,backdoor,1,1
2,166,0,0,backdoor,backdoor,1,1
2,167,2,2,injection,injection,1,1
2,168,3,3,normal,normal,0,0
2,169,0,0,backdoor,backdoor,1,1
2,170,4,4,password,password,1,1
2,171,4,4,password,password,1,1
2,172,0,0,backdoor,backdoor,1,1
2,173,0,0,backdoor,backdoor,1,1
2,174,3,3,normal,normal,0,0
2,175,4,4,password,password,1,1
2,176,3,3,normal,normal,0,0
2,177,2,2,injection,injection,1,1
2,178,4,4,password,password,1,1
2,179,4,4,password,password,1,1
2,180,2,2,injection,injection,1,1
2,181,3,3,normal,normal,0,0
2,182,3,3,normal,normal,0,0
2,183,2,2,injection,injection,1,1
2,184,2,2,injection,injection,1,1
2,185,0,0,backdoor,backdoor,1,1
2,186,3,3,normal,normal,0,0
2,187,3,3,normal,normal,0,0
2,188,4,4,password,password,1,1
2,189,0,0,backdoor,backdoor,1,1
2,190,3,3,normal,normal,0,0
2,191,0,0,backdoor,backdoor,1,1
2,192,3,3,normal,normal,0,0
2,193,3,3,normal,normal,0,0
2,194,3,3,normal,normal,0,0
2,195,3,3,normal,normal,0,0
2,196,0,0,backdoor,backdoor,1,1
2,197,3,3,normal,normal,0,0
2,198,3,3,normal,normal,0,0
2,199,3,3,normal,normal,0,0
2,200,2,2,injection,injection,1,1
2,201,3,3,normal,normal,0,0
2,202,3,3,normal,normal,0,0
2,203,3,3,normal,normal,0,0
2,204,3,3,normal,normal,0,0
2,205,3,3,normal,normal,0,0
2,206,0,0,backdoor,backdoor,1,1
2,207,4,4,password,password,1,1
2,208,4,4,password,password,1,1
2,209,3,3,normal,normal,0,0
2,210,3,3,normal,normal,0,0
2,211,3,3,normal,normal,0,0
2,212,3,3,normal,normal,0,0
2,213,3,3,normal,normal,0,0
2,214,2,2,injection,injection,1,1
2,215,3,3,normal,normal,0,0
2,216,2,2,injection,injection,1,1
2,217,4,4,password,password,1,1
2,218,3,3,normal,normal,0,0
2,219,2,2,injection,injection,1,1
2,220,2,2,injection,injection,1,1
2,221,2,2,injection,injection,1,1
2,222,2,2,injection,injection,1,1
2,223,3,3,normal,normal,0,0
2,224,3,3,normal,normal,0,0
2,225,4,4,password,password,1,1
2,226,3,3,normal,normal,0,0
2,227,2,2,injection,injection,1,1
2,228,0,0,backdoor,backdoor,1,1
2,229,0,2,backdoor,injection,1,1
2,230,3,3,normal,normal,0,0
2,231,4,4,password,password,1,1
2,232,0,0,backdoor,backdoor,1,1
2,233,4,4,password,password,1,1
2,234,3,3,normal,normal,0,0
2,235,0,0,backdoor,backdoor,1,1
2,236,3,3,normal,normal,0,0
2,237,3,3,normal,normal,0,0
2,238,3,3,normal,normal,0,0
2,239,3,3,normal,normal,0,0
2,240,3,3,normal,normal,0,0
2,241,3,3,normal,normal,0,0
2,242,3,3,normal,normal,0,0
2,243,0,0,backdoor,backdoor,1,1
2,244,3,3,normal,normal,0,0
2,245,3,3,normal,normal,0,0
2,246,0,2,backdoor,injection,1,1
2,247,2,2,injection,injection,1,1
2,248,4,4,password,password,1,1
2,249,3,3,normal,normal,0,0
2,250,3,3,normal,normal,0,0
2,251,2,2,injection,injection,1,1
2,252,4,4,password,password,1,1
2,253,3,3,normal,normal,0,0
2,254,0,0,backdoor,backdoor,1,1
2,255,2,2,injection,injection,1,1
2,256,4,4,password,password,1,1
2,257,0,2,backdoor,injection,1,1
2,258,3,3,normal,normal,0,0
2,259,0,2,backdoor,injection,1,1
2,260,3,3,normal,normal,0,0
2,261,0,0,backdoor,backdoor,1,1
2,262,3,3,normal,normal,0,0
2,263,3,3,normal,normal,0,0
2,264,3,3,normal,normal,0,0
2,265,0,0,backdoor,backdoor,1,1
2,266,2,2,injection,injection,1,1
2,267,3,3,normal,normal,0,0
2,268,3,3,normal,normal,0,0
2,269,2,2,injection,injection,1,1
2,270,3,3,normal,normal,0,0
2,271,3,3,normal,normal,0,0
2,272,3,3,normal,normal,0,0
2,273,0,0,backdoor,backdoor,1,1
2,274,4,4,password,password,1,1
2,275,3,3,normal,normal,0,0
2,276,0,0,backdoor,backdoor,1,1
2,277,3,3,normal,normal,0,0
2,278,3,3,normal,normal,0,0
2,279,3,3,normal,normal,0,0
2,280,0,2,backdoor,injection,1,1
2,281,4,4,password,password,1,1
2,282,3,3,normal,normal,0,0
2,283,3,3,normal,normal,0,0
2,284,3,3,normal,normal,0,0
2,285,2,2,injection,injection,1,1
2,286,3,3,normal,normal,0,0
2,287,4,4,password,password,1,1
2,288,3,3,normal,normal,0,0
2,289,3,3,normal,normal,0,0
2,290,3,3,normal,normal,0,0
2,291,3,3,normal,normal,0,0
2,292,4,4,password,password,1,1
2,293,4,4,password,password,1,1
2,294,3,3,normal,normal,0,0
2,295,0,2,backdoor,injection,1,1
2,296,0,0,backdoor,backdoor,1,1
2,297,4,4,password,password,1,1
2,298,2,2,injection,injection,1,1
2,299,4,4,password,password,1,1
2,300,3,3,normal,normal,0,0
2,301,2,2,injection,injection,1,1
2,302,3,3,normal,normal,0,0
2,303,0,0,backdoor,backdoor,1,1
2,304,3,3,normal,normal,0,0
2,305,4,4,password,password,1,1
2,306,2,2,injection,injection,1,1
2,307,3,3,normal,normal,0,0
2,308,3,3,normal,normal,0,0
2,309,3,3,normal,normal,0,0
2,310,2,2,injection,injection,1,1
2,311,2,2,injection,injection,1,1
2,312,4,4,password,password,1,1
2,313,3,3,normal,normal,0,0
2,314,0,2,backdoor,injection,1,1
2,315,4,4,password,password,1,1
2,316,4,4,password,password,1,1
2,317,3,3,normal,normal,0,0
2,318,3,3,normal,normal,0,0
2,319,3,3,normal,normal,0,0
2,320,3,3,normal,normal,0,0
2,321,2,2,injection,injection,1,1
2,322,3,3,normal,normal,0,0
2,323,3,3,normal,normal,0,0
2,324,2,2,injection,injection,1,1
2,325,3,3,normal,normal,0,0
2,326,3,3,normal,normal,0,0
2,327,4,4,password,password,1,1
2,328,0,0,backdoor,backdoor,1,1
2,329,0,0,backdoor,backdoor,1,1
2,330,3,3,normal,normal,0,0
2,331,3,3,normal,normal,0,0
2,332,0,0,backdoor,backdoor,1,1
2,333,0,0,backdoor,backdoor,1,1
2,334,4,4,password,password,1,1
2,335,4,4,password,password,1,1
2,336,3,3,normal,normal,0,0
2,337,0,0,backdoor,backdoor,1,1
2,338,2,2,injection,injection,1,1
2,339,2,2,injection,injection,1,1
2,340,3,3,normal,normal,0,0
2,341,3,3,normal,normal,0,0
2,342,2,2,injection,injection,1,1
2,343,3,3,normal,normal,0,0
2,344,0,2,backdoor,injection,1,1
2,345,3,3,normal,normal,0,0
2,346,3,3,normal,normal,0,0
2,347,3,3,normal,normal,0,0
2,348,2,2,injection,injection,1,1
2,349,2,2,injection,injection,1,1
2,350,3,3,normal,normal,0,0
2,351,2,2,injection,injection,1,1
2,352,4,4,password,password,1,1
2,353,4,4,password,password,1,1
2,354,4,4,password,password,1,1
2,355,0,0,backdoor,backdoor,1,1
2,356,3,3,normal,normal,0,0
2,357,3,3,normal,normal,0,0
2,358,3,3,normal,normal,0,0
2,359,3,3,normal,normal,0,0
2,360,2,2,injection,injection,1,1
2,361,3,3,normal,normal,0,0
2,362,4,4,password,password,1,1
2,363,3,3,normal,normal,0,0
2,364,3,3,normal,normal,0,0
2,365,2,2,injection,injection,1,1
2,366,3,3,normal,normal,0,0
2,367,3,3,normal,normal,0,0
2,368,3,3,normal,normal,0,0
2,369,3,3,normal,normal,0,0
2,370,3,3,normal,normal,0,0
2,371,4,4,password,password,1,1
2,372,3,3,normal,normal,0,0
2,373,3,3,normal,normal,0,0
2,374,0,0,backdoor,backdoor,1,1
2,375,4,4,password,password,1,1
2,376,0,0,backdoor,backdoor,1,1
2,377,0,0,backdoor,backdoor,1,1
2,378,2,2,injection,injection,1,1
2,379,3,3,normal,normal,0,0
2,380,0,2,backdoor,injection,1,1
2,381,3,3,normal,normal,0,0
2,382,3,3,normal,normal,0,0
2,383,3,3,normal,normal,0,0
2,384,0,3,backdoor,normal,1,0
2,385,0,0,backdoor,backdoor,1,1
2,386,3,3,normal,normal,0,0
2,387,0,0,backdoor,backdoor,1,1
2,388,3,3,normal,normal,0,0
2,389,3,3,normal,normal,0,0
2,390,3,3,normal,normal,0,0
2,391,4,4,password,password,1,1
2,392,0,0,backdoor,backdoor,1,1
2,393,3,3,normal,normal,0,0
2,394,0,0,backdoor,backdoor,1,1
2,395,4,4,password,password,1,1
2,396,3,3,normal,normal,0,0
2,397,3,3,normal,normal,0,0
2,398,0,0,backdoor,backdoor,1,1
2,399,3,3,normal,normal,0,0
2,400,3,3,normal,normal,0,0
2,401,4,4,password,password,1,1
2,402,0,2,backdoor,injection,1,1
2,403,3,3,normal,normal,0,0
2,404,4,4,password,password,1,1
2,405,3,3,normal,normal,0,0
2,406,2,2,injection,injection,1,1
2,407,3,3,normal,normal,0,0
2,408,0,0,backdoor,backdoor,1,1
2,409,0,0,backdoor,backdoor,1,1
2,410,4,4,password,password,1,1
2,411,0,0,backdoor,backdoor,1,1
2,412,0,3,backdoor,normal,1,0
2,413,3,3,normal,normal,0,0
2,414,3,3,normal,normal,0,0
2,415,0,2,backdoor,injection,1,1
2,416,2,2,injection,injection,1,1
2,417,3,3,normal,normal,0,0
2,418,3,3,normal,normal,0,0
2,419,3,3,normal,normal,0,0
2,420,0,0,backdoor,backdoor,1,1
2,421,2,2,injection,injection,1,1
2,422,0,0,backdoor,backdoor,1,1
2,423,2,2,injection,injection,1,1
2,424,0,0,backdoor,backdoor,1,1
2,425,4,4,password,password,1,1
2,426,3,3,normal,normal,0,0
2,427,3,3,normal,normal,0,0
2,428,4,4,password,password,1,1
2,429,3,3,normal,normal,0,0
2,430,3,3,normal,normal,0,0
2,431,3,3,normal,normal,0,0
2,432,4,4,password,password,1,1
2,433,3,3,normal,normal,0,0
2,434,3,3,normal,normal,0,0
2,435,4,4,password,password,1,1
2,436,3,3,normal,normal,0,0
2,437,3,3,normal,normal,0,0
2,438,3,3,normal,normal,0,0
2,439,3,3,normal,normal,0,0
2,440,2,2,injection,injection,1,1
2,441,3,3,normal,normal,0,0
2,442,3,3,normal,normal,0,0
2,443,0,0,backdoor,backdoor,1,1
2,444,0,3,backdoor,normal,1,0
2,445,3,3,normal,normal,0,0
2,446,4,4,password,password,1,1
2,447,3,3,normal,normal,0,0
2,448,3,3,normal,normal,0,0
2,449,0,0,backdoor,backdoor,1,1
2,450,3,3,normal,normal,0,0
2,451,2,2,injection,injection,1,1
2,452,4,4,password,password,1,1
2,453,3,3,normal,normal,0,0
2,454,2,2,injection,injection,1,1
2,455,3,3,normal,normal,0,0
2,456,3,3,normal,normal,0,0
2,457,2,2,injection,injection,1,1
2,458,3,3,normal,normal,0,0
2,459,3,3,normal,normal,0,0
2,460,3,3,normal,normal,0,0
2,461,3,3,normal,normal,0,0
2,462,2,2,injection,injection,1,1
2,463,4,4,password,password,1,1
2,464,2,0,injection,backdoor,1,1
2,465,3,3,normal,normal,0,0
2,466,0,0,backdoor,backdoor,1,1
2,467,2,2,injection,injection,1,1
2,468,0,0,backdoor,backdoor,1,1
2,469,3,3,normal,normal,0,0
2,470,3,3,normal,normal,0,0
2,471,2,2,injection,injection,1,1
2,472,3,3,normal,normal,0,0
2,473,4,4,password,password,1,1
2,474,2,2,injection,injection,1,1
2,475,4,4,password,password,1,1
2,476,2,2,injection,injection,1,1
2,477,3,3,normal,normal,0,0
2,478,2,2,injection,injection,1,1
2,479,0,0,backdoor,backdoor,1,1
2,480,3,3,normal,normal,0,0
2,481,3,3,normal,normal,0,0
2,482,3,3,normal,normal,0,0
2,483,0,0,backdoor,backdoor,1,1
2,484,0,2,backdoor,injection,1,1
2,485,3,3,normal,normal,0,0
2,486,3,3,normal,normal,0,0
2,487,2,2,injection,injection,1,1
2,488,0,2,backdoor,injection,1,1
2,489,4,4,password,password,1,1
2,490,4,4,password,password,1,1
2,491,4,4,password,password,1,1
2,492,0,0,backdoor,backdoor,1,1
2,493,4,4,password,password,1,1
2,494,3,3,normal,normal,0,0
2,495,4,4,password,password,1,1
2,496,2,2,injection,injection,1,1
2,497,3,3,normal,normal,0,0
2,498,4,4,password,password,1,1
2,499,4,4,password,password,1,1
2,500,3,3,normal,normal,0,0
2,501,0,0,backdoor,backdoor,1,1
2,502,4,4,password,password,1,1
2,503,0,0,backdoor,backdoor,1,1
2,504,3,3,normal,normal,0,0
2,505,3,3,normal,normal,0,0
2,506,0,0,backdoor,backdoor,1,1
2,507,3,3,normal,normal,0,0
2,508,3,3,normal,normal,0,0
2,509,3,3,normal,normal,0,0
2,510,3,3,normal,normal,0,0
2,511,4,4,password,password,1,1
2,512,3,3,normal,normal,0,0
2,513,3,3,normal,normal,0,0
2,514,2,2,injection,injection,1,1
2,515,2,2,injection,injection,1,1
2,516,2,2,injection,injection,1,1
2,517,2,2,injection,injection,1,1
2,518,0,0,backdoor,backdoor,1,1
2,519,0,0,backdoor,backdoor,1,1
2,520,4,4,password,password,1,1
2,521,3,3,normal,normal,0,0
2,522,2,2,injection,injection,1,1
2,523,0,0,backdoor,backdoor,1,1
2,524,3,3,normal,normal,0,0
2,525,3,3,normal,normal,0,0
2,526,4,4,password,password,1,1
2,527,4,4,password,password,1,1
2,528,3,3,normal,normal,0,0
2,529,3,3,normal,normal,0,0
2,530,4,4,password,password,1,1
2,531,3,3,normal,normal,0,0
2,532,3,3,normal,normal,0,0
2,533,3,3,normal,normal,0,0
2,534,3,3,normal,normal,0,0
2,535,3,3,normal,normal,0,0
2,536,0,0,backdoor,backdoor,1,1
2,537,2,2,injection,injection,1,1
2,538,3,3,normal,normal,0,0
2,539,3,3,normal,normal,0,0
2,540,3,3,normal,normal,0,0
2,541,3,3,normal,normal,0,0
2,542,3,3,normal,normal,0,0
2,543,3,3,normal,normal,0,0
2,544,3,3,normal,normal,0,0
2,545,3,3,normal,normal,0,0
2,546,0,2,backdoor,injection,1,1
2,547,3,3,normal,normal,0,0
2,548,3,3,normal,normal,0,0
2,549,3,3,normal,normal,0,0
2,550,4,4,password,password,1,1
2,551,3,3,normal,normal,0,0
2,552,3,3,normal,normal,0,0
2,553,3,3,normal,normal,0,0
2,554,3,3,normal,normal,0,0
2,555,4,4,password,password,1,1
2,556,3,3,normal,normal,0,0
2,557,3,3,normal,normal,0,0
2,558,3,3,normal,normal,0,0
2,559,3,3,normal,normal,0,0
2,560,3,3,normal,normal,0,0
2,561,3,3,normal,normal,0,0
2,562,4,4,password,password,1,1
2,563,3,3,normal,normal,0,0
2,564,3,3,normal,normal,0,0
2,565,3,3,normal,normal,0,0
2,566,3,3,normal,normal,0,0
2,567,2,2,injection,injection,1,1
2,568,2,2,injection,injection,1,1
2,569,3,3,normal,normal,0,0
2,570,2,2,injection,injection,1,1
2,571,4,4,password,password,1,1
2,572,0,2,backdoor,injection,1,1
2,573,2,2,injection,injection,1,1
2,574,2,2,injection,injection,1,1
2,575,4,4,password,password,1,1
2,576,3,3,normal,normal,0,0
2,577,3,3,normal,normal,0,0
2,578,3,3,normal,normal,0,0
2,579,3,3,normal,normal,0,0
2,580,3,3,normal,normal,0,0
2,581,3,3,normal,normal,0,0
2,582,2,2,injection,injection,1,1
2,583,3,3,normal,normal,0,0
2,584,3,3,normal,normal,0,0
2,585,0,0,backdoor,backdoor,1,1
2,586,3,3,normal,normal,0,0
2,587,3,3,normal,normal,0,0
2,588,2,2,injection,injection,1,1
2,589,3,3,normal,normal,0,0
2,590,2,2,injection,injection,1,1
2,591,4,4,password,password,1,1
2,592,4,4,password,password,1,1
2,593,4,4,password,password,1,1
2,594,3,3,normal,normal,0,0
2,595,3,3,normal,normal,0,0
2,596,0,2,backdoor,injection,1,1
2,597,3,3,normal,normal,0,0
2,598,2,2,injection,injection,1,1
2,599,4,4,password,password,1,1
2,600,0,0,backdoor,backdoor,1,1
2,601,3,3,normal,normal,0,0
2,602,3,3,normal,normal,0,0
2,603,4,4,password,password,1,1
2,604,0,0,backdoor,backdoor,1,1
2,605,3,3,normal,normal,0,0
2,606,2,2,injection,injection,1,1
2,607,3,3,normal,normal,0,0
2,608,4,4,password,password,1,1
2,609,3,3,normal,normal,0,0
2,610,3,3,normal,normal,0,0
2,611,3,3,normal,normal,0,0
2,612,3,3,normal,normal,0,0
2,613,3,3,normal,normal,0,0
2,614,0,0,backdoor,backdoor,1,1
2,615,3,3,normal,normal,0,0
2,616,4,4,password,password,1,1
2,617,3,3,normal,normal,0,0
2,618,3,3,normal,normal,0,0
2,619,0,0,backdoor,backdoor,1,1
2,620,0,0,backdoor,backdoor,1,1
2,621,2,2,injection,injection,1,1
2,622,3,3,normal,normal,0,0
2,623,3,3,normal,normal,0,0
2,624,3,3,normal,normal,0,0
2,625,2,2,injection,injection,1,1
2,626,3,3,normal,normal,0,0
2,627,0,0,backdoor,backdoor,1,1
2,628,3,3,normal,normal,0,0
2,629,3,3,normal,normal,0,0
2,630,3,3,normal,normal,0,0
2,631,3,3,normal,normal,0,0
2,632,3,3,normal,normal,0,0
2,633,3,3,normal,normal,0,0
2,634,0,0,backdoor,backdoor,1,1
2,635,3,3,normal,normal,0,0
2,636,2,2,injection,injection,1,1
2,637,0,0,backdoor,backdoor,1,1
2,638,3,3,normal,normal,0,0
2,639,0,0,backdoor,backdoor,1,1
2,640,3,3,normal,normal,0,0
2,641,2,2,injection,injection,1,1
2,642,3,3,normal,normal,0,0
2,643,4,4,password,password,1,1
2,644,0,0,backdoor,backdoor,1,1
2,645,3,3,normal,normal,0,0
2,646,0,0,backdoor,backdoor,1,1
2,647,3,3,normal,normal,0,0
2,648,0,0,backdoor,backdoor,1,1
2,649,3,3,normal,normal,0,0
2,650,3,3,normal,normal,0,0
2,651,0,0,backdoor,backdoor,1,1
2,652,0,2,backdoor,injection,1,1
2,653,3,3,normal,normal,0,0
2,654,3,3,normal,normal,0,0
2,655,2,2,injection,injection,1,1
2,656,3,3,normal,normal,0,0
2,657,4,4,password,password,1,1
2,658,3,3,normal,normal,0,0
2,659,3,3,normal,normal,0,0
2,660,4,4,password,password,1,1
2,661,3,3,normal,normal,0,0
2,662,2,2,injection,injection,1,1
2,663,2,0,injection,backdoor,1,1
2,664,4,4,password,password,1,1
2,665,4,4,password,password,1,1
2,666,3,3,normal,normal,0,0
2,667,3,3,normal,normal,0,0
2,668,4,4,password,password,1,1
2,669,2,2,injection,injection,1,1
2,670,0,2,backdoor,injection,1,1
2,671,3,3,normal,normal,0,0
2,672,3,3,normal,normal,0,0
2,673,4,4,password,password,1,1
2,674,3,3,normal,normal,0,0
2,675,3,3,normal,normal,0,0
2,676,3,3,normal,normal,0,0
2,677,3,3,normal,normal,0,0
2,678,3,3,normal,normal,0,0
2,679,3,3,normal,normal,0,0
2,680,4,4,password,password,1,1
2,681,3,3,normal,normal,0,0
2,682,3,3,normal,normal,0,0
2,683,2,2,injection,injection,1,1
2,684,3,3,normal,normal,0,0
2,685,3,3,normal,normal,0,0
2,686,3,3,normal,normal,0,0
2,687,3,3,normal,normal,0,0
2,688,3,3,normal,normal,0,0
2,689,3,3,normal,normal,0,0
2,690,3,3,normal,normal,0,0
2,691,2,2,injection,injection,1,1
2,692,3,3,normal,normal,0,0
2,693,2,2,injection,injection,1,1
2,694,3,3,normal,normal,0,0
2,695,3,3,normal,normal,0,0
2,696,2,2,injection,injection,1,1
2,697,0,0,backdoor,backdoor,1,1
2,698,3,3,normal,normal,0,0
2,699,3,3,normal,normal,0,0
2,700,3,3,normal,normal,0,0
2,701,3,3,normal,normal,0,0
2,702,3,3,normal,normal,0,0
2,703,4,4,password,password,1,1
2,704,4,4,password,password,1,1
2,705,0,2,backdoor,injection,1,1
2,706,2,2,injection,injection,1,1
2,707,3,3,normal,normal,0,0
2,708,3,3,normal,normal,0,0
2,709,3,3,normal,normal,0,0
2,710,0,0,backdoor,backdoor,1,1
2,711,3,3,normal,normal,0,0
2,712,3,3,normal,normal,0,0
2,713,0,0,backdoor,backdoor,1,1
2,714,4,4,password,password,1,1
2,715,4,4,password,password,1,1
2,716,3,3,normal,normal,0,0
2,717,0,0,backdoor,backdoor,1,1
2,718,3,3,normal,normal,0,0
2,719,3,3,normal,normal,0,0
2,720,3,3,normal,normal,0,0
2,721,3,3,normal,normal,0,0
2,722,3,3,normal,normal,0,0
2,723,3,3,normal,normal,0,0
2,724,2,2,injection,injection,1,1
2,725,0,0,backdoor,backdoor,1,1
2,726,3,3,normal,normal,0,0
2,727,2,2,injection,injection,1,1
2,728,4,4,password,password,1,1
2,729,3,3,normal,normal,0,0
2,730,2,2,injection,injection,1,1
2,731,4,4,password,password,1,1
2,732,3,3,normal,normal,0,0
2,733,3,3,normal,normal,0,0
2,734,2,2,injection,injection,1,1
2,735,3,3,normal,normal,0,0
2,736,0,0,backdoor,backdoor,1,1
2,737,0,0,backdoor,backdoor,1,1
2,738,3,3,normal,normal,0,0
2,739,3,3,normal,normal,0,0
2,740,3,3,normal,normal,0,0
2,741,3,3,normal,normal,0,0
2,742,3,3,normal,normal,0,0
2,743,3,3,normal,normal,0,0
2,744,4,4,password,password,1,1
2,745,3,3,normal,normal,0,0
2,746,3,3,normal,normal,0,0
2,747,0,0,backdoor,backdoor,1,1
2,748,4,4,password,password,1,1
2,749,3,3,normal,normal,0,0
2,750,3,3,normal,normal,0,0
2,751,2,2,injection,injection,1,1
2,752,3,3,normal,normal,0,0
2,753,4,4,password,password,1,1
2,754,4,4,password,password,1,1
2,755,3,3,normal,normal,0,0
2,756,3,3,normal,normal,0,0
2,757,3,3,normal,normal,0,0
2,758,3,3,normal,normal,0,0
2,759,4,4,password,password,1,1
2,760,4,4,password,password,1,1
2,761,0,0,backdoor,backdoor,1,1
2,762,2,2,injection,injection,1,1
2,763,3,3,normal,normal,0,0
2,764,3,3,normal,normal,0,0
2,765,3,3,normal,normal,0,0
2,766,3,3,normal,normal,0,0
2,767,2,2,injection,injection,1,1
2,768,3,3,normal,normal,0,0
2,769,2,2,injection,injection,1,1
2,770,4,4,password,password,1,1
2,771,3,3,normal,normal,0,0
2,772,4,4,password,password,1,1
2,773,4,4,password,password,1,1
2,774,0,0,backdoor,backdoor,1,1
2,775,3,3,normal,normal,0,0
2,776,4,4,password,password,1,1
2,777,3,3,normal,normal,0,0
2,778,3,3,normal,normal,0,0
2,779,2,2,injection,injection,1,1
2,780,4,4,password,password,1,1
2,781,3,3,normal,normal,0,0
2,782,0,2,backdoor,injection,1,1
2,783,3,3,normal,normal,0,0
2,784,0,0,backdoor,backdoor,1,1
2,785,3,3,normal,normal,0,0
2,786,3,3,normal,normal,0,0
2,787,3,3,normal,normal,0,0
2,788,3,3,normal,normal,0,0
2,789,3,3,normal,normal,0,0
2,790,3,3,normal,normal,0,0
2,791,0,0,backdoor,backdoor,1,1
2,792,3,3,normal,normal,0,0
2,793,0,0,backdoor,backdoor,1,1
2,794,4,4,password,password,1,1
2,795,4,4,password,password,1,1
2,796,3,3,normal,normal,0,0
2,797,4,4,password,password,1,1
2,798,3,3,normal,normal,0,0
2,799,3,3,normal,normal,0,0
2,800,2,2,injection,injection,1,1
2,801,3,3,normal,normal,0,0
2,802,2,2,injection,injection,1,1
2,803,3,3,normal,normal,0,0
2,804,2,2,injection,injection,1,1
2,805,3,3,normal,normal,0,0
2,806,3,3,normal,normal,0,0
2,807,3,3,normal,normal,0,0
2,808,4,4,password,password,1,1
2,809,3,3,normal,normal,0,0
2,810,0,0,backdoor,backdoor,1,1
2,811,3,3,normal,normal,0,0
2,812,0,0,backdoor,backdoor,1,1
2,813,0,0,backdoor,backdoor,1,1
2,814,3,3,normal,normal,0,0
2,815,4,4,password,password,1,1
2,816,3,3,normal,normal,0,0
2,817,4,4,password,password,1,1
2,818,3,3,normal,normal,0,0
2,819,2,2,injection,injection,1,1
2,820,3,3,normal,normal,0,0
2,821,2,2,injection,injection,1,1
2,822,3,3,normal,normal,0,0
2,823,4,4,password,password,1,1
2,824,3,3,normal,normal,0,0
2,825,3,3,normal,normal,0,0
2,826,0,0,backdoor,backdoor,1,1
2,827,2,2,injection,injection,1,1
2,828,3,3,normal,normal,0,0
2,829,3,3,normal,normal,0,0
2,830,0,0,backdoor,backdoor,1,1
2,831,4,4,password,password,1,1
2,832,3,3,normal,normal,0,0
2,833,3,3,normal,normal,0,0
2,834,4,4,password,password,1,1
2,835,3,3,normal,normal,0,0
2,836,0,0,backdoor,backdoor,1,1
2,837,3,3,normal,normal,0,0
2,838,2,2,injection,injection,1,1
2,839,4,4,password,password,1,1
2,840,3,3,normal,normal,0,0
2,841,3,3,normal,normal,0,0
2,842,3,3,normal,normal,0,0
2,843,2,2,injection,injection,1,1
2,844,3,3,normal,normal,0,0
2,845,2,2,injection,injection,1,1
2,846,3,3,normal,normal,0,0
2,847,4,4,password,password,1,1
2,848,2,2,injection,injection,1,1
2,849,3,3,normal,normal,0,0
2,850,3,3,normal,normal,0,0
2,851,3,3,normal,normal,0,0
2,852,3,3,normal,normal,0,0
2,853,3,3,normal,normal,0,0
2,854,3,3,normal,normal,0,0
2,855,2,2,injection,injection,1,1
2,856,3,3,normal,normal,0,0
2,857,4,4,password,password,1,1
2,858,4,4,password,password,1,1
2,859,0,0,backdoor,backdoor,1,1
2,860,3,3,normal,normal,0,0
2,861,3,3,normal,normal,0,0
2,862,3,3,normal,normal,0,0
2,863,0,0,backdoor,backdoor,1,1
2,864,3,3,normal,normal,0,0
2,865,3,3,normal,normal,0,0
2,866,3,3,normal,normal,0,0
2,867,0,0,backdoor,backdoor,1,1
2,868,3,3,normal,normal,0,0
2,869,4,4,password,password,1,1
2,870,2,2,injection,injection,1,1
2,871,4,4,password,password,1,1
2,872,2,2,injection,injection,1,1
2,873,0,2,backdoor,injection,1,1
2,874,3,3,normal,normal,0,0
2,875,2,2,injection,injection,1,1
2,876,3,3,normal,normal,0,0
2,877,3,3,normal,normal,0,0
2,878,3,3,normal,normal,0,0
2,879,3,3,normal,normal,0,0
2,880,0,0,backdoor,backdoor,1,1
2,881,3,3,normal,normal,0,0
2,882,3,3,normal,normal,0,0
2,883,0,0,backdoor,backdoor,1,1
2,884,4,4,password,password,1,1
2,885,2,2,injection,injection,1,1
2,886,3,3,normal,normal,0,0
2,887,4,4,password,password,1,1
2,888,3,3,normal,normal,0,0
2,889,3,3,normal,normal,0,0
2,890,3,3,normal,normal,0,0
2,891,4,4,password,password,1,1
2,892,3,3,normal,normal,0,0
2,893,4,4,password,password,1,1
2,894,2,2,injection,injection,1,1
2,895,0,3,backdoor,normal,1,0
2,896,4,4,password,password,1,1
2,897,0,0,backdoor,backdoor,1,1
2,898,0,0,backdoor,backdoor,1,1
2,899,3,3,normal,normal,0,0
2,900,0,0,backdoor,backdoor,1,1
2,901,3,3,normal,normal,0,0
2,902,3,3,normal,normal,0,0
2,903,3,3,normal,normal,0,0
2,904,3,3,normal,normal,0,0
2,905,3,3,normal,normal,0,0
2,906,3,3,normal,normal,0,0
2,907,0,2,backdoor,injection,1,1
2,908,0,0,backdoor,backdoor,1,1
2,909,4,4,password,password,1,1
2,910,0,0,backdoor,backdoor,1,1
2,911,3,3,normal,normal,0,0
2,912,0,2,backdoor,injection,1,1
2,913,3,3,normal,normal,0,0
2,914,4,4,password,password,1,1
2,915,2,2,injection,injection,1,1
2,916,0,0,backdoor,backdoor,1,1
2,917,0,0,backdoor,backdoor,1,1
2,918,3,3,normal,normal,0,0
2,919,3,3,normal,normal,0,0
2,920,4,4,password,password,1,1
2,921,3,3,normal,normal,0,0
2,922,3,3,normal,normal,0,0
2,923,4,4,password,password,1,1
2,924,0,0,backdoor,backdoor,1,1
2,925,3,3,normal,normal,0,0
2,926,4,4,password,password,1,1
2,927,2,2,injection,injection,1,1
2,928,3,3,normal,normal,0,0
2,929,2,2,injection,injection,1,1
2,930,3,3,normal,normal,0,0
2,931,3,3,normal,normal,0,0
2,932,0,0,backdoor,backdoor,1,1
2,933,4,4,password,password,1,1
2,934,2,2,injection,injection,1,1
2,935,3,3,normal,normal,0,0
2,936,3,3,normal,normal,0,0
2,937,3,3,normal,normal,0,0
2,938,4,4,password,password,1,1
2,939,3,3,normal,normal,0,0
2,940,3,3,normal,normal,0,0
2,941,3,3,normal,normal,0,0
2,942,0,0,backdoor,backdoor,1,1
2,943,4,4,password,password,1,1
2,944,3,3,normal,normal,0,0
2,945,4,4,password,password,1,1
2,946,3,3,normal,normal,0,0
2,947,3,3,normal,normal,0,0
2,948,3,3,normal,normal,0,0
2,949,3,3,normal,normal,0,0
2,950,3,3,normal,normal,0,0
2,951,2,2,injection,injection,1,1
2,952,3,3,normal,normal,0,0
2,953,4,4,password,password,1,1
2,954,2,2,injection,injection,1,1
2,955,4,4,password,password,1,1
2,956,3,3,normal,normal,0,0
2,957,3,3,normal,normal,0,0
2,958,4,4,password,password,1,1
2,959,3,3,normal,normal,0,0
2,960,3,3,normal,normal,0,0
2,961,4,4,password,password,1,1
2,962,0,0,backdoor,backdoor,1,1
2,963,3,3,normal,normal,0,0
2,964,2,2,injection,injection,1,1
2,965,2,2,injection,injection,1,1
2,966,3,3,normal,normal,0,0
2,967,3,3,normal,normal,0,0
2,968,3,3,normal,normal,0,0
2,969,3,3,normal,normal,0,0
2,970,4,4,password,password,1,1
2,971,3,3,normal,normal,0,0
2,972,2,2,injection,injection,1,1
2,973,3,3,normal,normal,0,0
2,974,3,3,normal,normal,0,0
2,975,2,2,injection,injection,1,1
2,976,2,2,injection,injection,1,1
2,977,3,3,normal,normal,0,0
2,978,3,3,normal,normal,0,0
2,979,0,0,backdoor,backdoor,1,1
2,980,0,2,backdoor,injection,1,1
2,981,3,3,normal,normal,0,0
2,982,3,3,normal,normal,0,0
2,983,0,2,backdoor,injection,1,1
2,984,3,3,normal,normal,0,0
2,985,4,4,password,password,1,1
2,986,0,0,backdoor,backdoor,1,1
2,987,3,3,normal,normal,0,0
2,988,3,3,normal,normal,0,0
2,989,3,3,normal,normal,0,0
2,990,4,4,password,password,1,1
2,991,2,2,injection,injection,1,1
2,992,3,3,normal,normal,0,0
2,993,0,0,backdoor,backdoor,1,1
2,994,3,3,normal,normal,0,0
2,995,3,3,normal,normal,0,0
2,996,3,3,normal,normal,0,0
2,997,3,3,normal,normal,0,0
2,998,3,3,normal,normal,0,0
2,999,3,3,normal,normal,0,0
2,1000,3,3,normal,normal,0,0
2,1001,4,4,password,password,1,1
2,1002,3,3,normal,normal,0,0
2,1003,3,3,normal,normal,0,0
2,1004,3,3,normal,normal,0,0
2,1005,4,4,password,password,1,1
2,1006,3,3,normal,normal,0,0
2,1007,0,3,backdoor,normal,1,0
2,1008,4,4,password,password,1,1
2,1009,2,2,injection,injection,1,1
2,1010,3,3,normal,normal,0,0
2,1011,3,3,normal,normal,0,0
2,1012,2,2,injection,injection,1,1
2,1013,2,2,injection,injection,1,1
2,1014,3,3,normal,normal,0,0
2,1015,4,4,password,password,1,1
2,1016,3,3,normal,normal,0,0
2,1017,4,4,password,password,1,1
2,1018,3,3,normal,normal,0,0
2,1019,0,0,backdoor,backdoor,1,1
2,1020,3,3,normal,normal,0,0
2,1021,0,2,backdoor,injection,1,1
2,1022,2,2,injection,injection,1,1
2,1023,3,3,normal,normal,0,0
2,1024,3,3,normal,normal,0,0
2,1025,3,3,normal,normal,0,0
2,1026,3,3,normal,normal,0,0
2,1027,4,4,password,password,1,1
2,1028,3,3,normal,normal,0,0
2,1029,3,3,normal,normal,0,0
2,1030,4,4,password,password,1,1
2,1031,0,0,backdoor,backdoor,1,1
2,1032,4,4,password,password,1,1
2,1033,3,3,normal,normal,0,0
2,1034,2,2,injection,injection,1,1
2,1035,3,3,normal,normal,0,0
2,1036,4,4,password,password,1,1
2,1037,0,0,backdoor,backdoor,1,1
2,1038,3,3,normal,normal,0,0
2,1039,3,3,normal,normal,0,0
2,1040,3,3,normal,normal,0,0
2,1041,4,4,password,password,1,1
2,1042,3,3,normal,normal,0,0
2,1043,0,0,backdoor,backdoor,1,1
2,1044,2,2,injection,injection,1,1
2,1045,0,0,backdoor,backdoor,1,1
2,1046,2,2,injection,injection,1,1
2,1047,3,3,normal,normal,0,0
2,1048,2,2,injection,injection,1,1
2,1049,4,4,password,password,1,1
2,1050,4,4,password,password,1,1
2,1051,2,2,injection,injection,1,1
2,1052,3,3,normal,normal,0,0
2,1053,3,3,normal,normal,0,0
2,1054,0,0,backdoor,backdoor,1,1
2,1055,2,2,injection,injection,1,1
2,1056,0,0,backdoor,backdoor,1,1
2,1057,3,3,normal,normal,0,0
2,1058,0,0,backdoor,backdoor,1,1
2,1059,0,0,backdoor,backdoor,1,1
2,1060,0,0,backdoor,backdoor,1,1
2,1061,3,3,normal,normal,0,0
2,1062,0,0,backdoor,backdoor,1,1
2,1063,0,2,backdoor,injection,1,1
2,1064,3,3,normal,normal,0,0
2,1065,3,3,normal,normal,0,0
2,1066,4,4,password,password,1,1
2,1067,3,3,normal,normal,0,0
2,1068,3,3,normal,normal,0,0
2,1069,0,2,backdoor,injection,1,1
2,1070,2,2,injection,injection,1,1
2,1071,3,3,normal,normal,0,0
2,1072,0,0,backdoor,backdoor,1,1
2,1073,0,0,backdoor,backdoor,1,1
2,1074,3,3,normal,normal,0,0
2,1075,0,2,backdoor,injection,1,1
2,1076,0,0,backdoor,backdoor,1,1
2,1077,0,0,backdoor,backdoor,1,1
2,1078,3,3,normal,normal,0,0
2,1079,0,2,backdoor,injection,1,1
2,1080,3,3,normal,normal,0,0
2,1081,3,3,normal,normal,0,0
2,1082,2,2,injection,injection,1,1
2,1083,0,0,backdoor,backdoor,1,1
2,1084,3,3,normal,normal,0,0
2,1085,2,2,injection,injection,1,1
2,1086,3,3,normal,normal,0,0
2,1087,3,3,normal,normal,0,0
2,1088,3,3,normal,normal,0,0
2,1089,3,3,normal,normal,0,0
2,1090,2,2,injection,injection,1,1
2,1091,3,3,normal,normal,0,0
2,1092,3,3,normal,normal,0,0
2,1093,2,2,injection,injection,1,1
2,1094,3,3,normal,normal,0,0
2,1095,4,4,password,password,1,1
2,1096,3,3,normal,normal,0,0
2,1097,4,4,password,password,1,1
2,1098,4,4,password,password,1,1
2,1099,2,2,injection,injection,1,1
2,1100,0,0,backdoor,backdoor,1,1
2,1101,3,3,normal,normal,0,0
2,1102,3,3,normal,normal,0,0
2,1103,0,0,backdoor,backdoor,1,1
2,1104,4,4,password,password,1,1
2,1105,4,4,password,password,1,1
2,1106,2,2,injection,injection,1,1
2,1107,2,2,injection,injection,1,1
2,1108,4,4,password,password,1,1
2,1109,3,3,normal,normal,0,0
2,1110,3,3,normal,normal,0,0
2,1111,0,0,backdoor,backdoor,1,1
2,1112,3,3,normal,normal,0,0
2,1113,3,3,normal,normal,0,0
2,1114,3,3,normal,normal,0,0
2,1115,4,4,password,password,1,1
2,1116,2,2,injection,injection,1,1
2,1117,3,3,normal,normal,0,0
2,1118,3,3,normal,normal,0,0
2,1119,4,4,password,password,1,1
2,1120,2,2,injection,injection,1,1
2,1121,3,3,normal,normal,0,0
2,1122,3,3,normal,normal,0,0
2,1123,2,2,injection,injection,1,1
2,1124,2,2,injection,injection,1,1
2,1125,3,3,normal,normal,0,0
2,1126,3,3,normal,normal,0,0
2,1127,0,0,backdoor,backdoor,1,1
2,1128,0,0,backdoor,backdoor,1,1
2,1129,4,4,password,password,1,1
2,1130,2,2,injection,injection,1,1
2,1131,3,3,normal,normal,0,0
2,1132,4,4,password,password,1,1
2,1133,2,2,injection,injection,1,1
2,1134,3,3,normal,normal,0,0
2,1135,3,3,normal,normal,0,0
2,1136,3,3,normal,normal,0,0
2,1137,3,3,normal,normal,0,0
2,1138,0,0,backdoor,backdoor,1,1
2,1139,2,2,injection,injection,1,1
2,1140,3,3,normal,normal,0,0
2,1141,2,2,injection,injection,1,1
2,1142,3,3,normal,normal,0,0
2,1143,3,3,normal,normal,0,0
2,1144,3,3,normal,normal,0,0
2,1145,3,3,normal,normal,0,0
2,1146,3,3,normal,normal,0,0
2,1147,3,3,normal,normal,0,0
2,1148,3,3,normal,normal,0,0
2,1149,3,3,normal,normal,0,0
2,1150,0,0,backdoor,backdoor,1,1
2,1151,4,4,password,password,1,1
2,1152,3,3,normal,normal,0,0
2,1153,3,3,normal,normal,0,0
2,1154,2,2,injection,injection,1,1
2,1155,0,0,backdoor,backdoor,1,1
2,1156,0,0,backdoor,backdoor,1,1
2,1157,4,4,password,password,1,1
2,1158,0,0,backdoor,backdoor,1,1
2,1159,4,4,password,password,1,1
2,1160,0,0,backdoor,backdoor,1,1
2,1161,4,4,password,password,1,1
2,1162,0,0,backdoor,backdoor,1,1
2,1163,3,3,normal,normal,0,0
2,1164,3,3,normal,normal,0,0
2,1165,3,3,normal,normal,0,0
2,1166,0,0,backdoor,backdoor,1,1
2,1167,3,3,normal,normal,0,0
2,1168,0,0,backdoor,backdoor,1,1
2,1169,4,4,password,password,1,1
2,1170,4,4,password,password,1,1
2,1171,3,3,normal,normal,0,0
2,1172,3,3,normal,normal,0,0
2,1173,4,4,password,password,1,1
2,1174,3,3,normal,normal,0,0
2,1175,0,0,backdoor,backdoor,1,1
2,1176,4,4,password,password,1,1
2,1177,3,3,normal,normal,0,0
2,1178,4,4,password,password,1,1
2,1179,2,2,injection,injection,1,1
2,1180,3,3,normal,normal,0,0
2,1181,0,0,backdoor,backdoor,1,1
2,1182,2,2,injection,injection,1,1
2,1183,4,4,password,password,1,1
2,1184,4,4,password,password,1,1
2,1185,0,0,backdoor,backdoor,1,1
2,1186,2,2,injection,injection,1,1
2,1187,4,4,password,password,1,1
2,1188,2,2,injection,injection,1,1
2,1189,3,3,normal,normal,0,0
2,1190,2,2,injection,injection,1,1
2,1191,3,3,normal,normal,0,0
2,1192,4,4,password,password,1,1
2,1193,3,3,normal,normal,0,0
2,1194,4,4,password,password,1,1
2,1195,3,3,normal,normal,0,0
2,1196,2,2,injection,injection,1,1
2,1197,0,0,backdoor,backdoor,1,1
2,1198,4,4,password,password,1,1
2,1199,4,4,password,password,1,1
2,1200,4,4,password,password,1,1
2,1201,4,4,password,password,1,1
2,1202,3,3,normal,normal,0,0
2,1203,3,3,normal,normal,0,0
2,1204,3,3,normal,normal,0,0
2,1205,2,2,injection,injection,1,1
2,1206,3,3,normal,normal,0,0
2,1207,4,4,password,password,1,1
2,1208,2,2,injection,injection,1,1
2,1209,3,3,normal,normal,0,0
2,1210,3,3,normal,normal,0,0
2,1211,3,3,normal,normal,0,0
2,1212,2,2,injection,injection,1,1
2,1213,3,3,normal,normal,0,0
2,1214,3,3,normal,normal,0,0
2,1215,0,2,backdoor,injection,1,1
2,1216,0,0,backdoor,backdoor,1,1
2,1217,3,3,normal,normal,0,0
2,1218,2,2,injection,injection,1,1
2,1219,2,2,injection,injection,1,1
2,1220,0,0,backdoor,backdoor,1,1
2,1221,3,3,normal,normal,0,0
2,1222,4,4,password,password,1,1
2,1223,3,3,normal,normal,0,0
2,1224,0,0,backdoor,backdoor,1,1
2,1225,3,3,normal,normal,0,0
2,1226,2,2,injection,injection,1,1
2,1227,0,0,backdoor,backdoor,1,1
2,1228,3,3,normal,normal,0,0
2,1229,2,2,injection,injection,1,1
2,1230,0,0,backdoor,backdoor,1,1
2,1231,2,2,injection,injection,1,1
2,1232,4,4,password,password,1,1
2,1233,4,4,password,password,1,1
2,1234,2,2,injection,injection,1,1
2,1235,3,3,normal,normal,0,0
2,1236,2,2,injection,injection,1,1
2,1237,4,4,password,password,1,1
2,1238,3,3,normal,normal,0,0
2,1239,0,0,backdoor,backdoor,1,1
2,1240,4,4,password,password,1,1
2,1241,0,3,backdoor,normal,1,0
2,1242,3,3,normal,normal,0,0
2,1243,3,3,normal,normal,0,0
2,1244,3,3,normal,normal,0,0
2,1245,4,4,password,password,1,1
2,1246,3,3,normal,normal,0,0
2,1247,3,3,normal,normal,0,0
2,1248,3,3,normal,normal,0,0
2,1249,0,0,backdoor,backdoor,1,1
2,1250,3,3,normal,normal,0,0
2,1251,3,3,normal,normal,0,0
2,1252,2,2,injection,injection,1,1
2,1253,3,3,normal,normal,0,0
2,1254,2,2,injection,injection,1,1
2,1255,2,2,injection,injection,1,1
2,1256,3,3,normal,normal,0,0
2,1257,4,4,password,password,1,1
2,1258,3,3,normal,normal,0,0
2,1259,4,4,password,password,1,1
2,1260,3,3,normal,normal,0,0
2,1261,0,0,backdoor,backdoor,1,1
2,1262,2,2,injection,injection,1,1
2,1263,0,0,backdoor,backdoor,1,1
2,1264,0,2,backdoor,injection,1,1
2,1265,4,4,password,password,1,1
2,1266,0,0,backdoor,backdoor,1,1
2,1267,0,0,backdoor,backdoor,1,1
2,1268,3,3,normal,normal,0,0
2,1269,2,2,injection,injection,1,1
2,1270,4,4,password,password,1,1
2,1271,3,3,normal,normal,0,0
2,1272,3,3,normal,normal,0,0
2,1273,4,4,password,password,1,1
2,1274,3,3,normal,normal,0,0
2,1275,3,3,normal,normal,0,0
2,1276,3,3,normal,normal,0,0
2,1277,3,3,normal,normal,0,0
2,1278,3,3,normal,normal,0,0
2,1279,3,3,normal,normal,0,0
2,1280,3,3,normal,normal,0,0
2,1281,4,4,password,password,1,1
2,1282,3,3,normal,normal,0,0
2,1283,0,0,backdoor,backdoor,1,1
2,1284,4,4,password,password,1,1
2,1285,3,3,normal,normal,0,0
2,1286,3,3,normal,normal,0,0
2,1287,4,4,password,password,1,1
2,1288,3,3,normal,normal,0,0
2,1289,3,3,normal,normal,0,0
2,1290,2,2,injection,injection,1,1
2,1291,3,3,normal,normal,0,0
2,1292,3,3,normal,normal,0,0
2,1293,4,4,password,password,1,1
2,1294,3,3,normal,normal,0,0
2,1295,3,3,normal,normal,0,0
2,1296,2,2,injection,injection,1,1
2,1297,2,2,injection,injection,1,1
2,1298,3,3,normal,normal,0,0
2,1299,3,3,normal,normal,0,0
2,1300,3,3,normal,normal,0,0
2,1301,3,3,normal,normal,0,0
2,1302,4,4,password,password,1,1
2,1303,3,3,normal,normal,0,0
2,1304,0,0,backdoor,backdoor,1,1
2,1305,0,3,backdoor,normal,1,0
2,1306,4,4,password,password,1,1
2,1307,3,3,normal,normal,0,0
2,1308,0,0,backdoor,backdoor,1,1
2,1309,3,3,normal,normal,0,0
2,1310,3,3,normal,normal,0,0
2,1311,0,0,backdoor,backdoor,1,1
2,1312,3,3,normal,normal,0,0
2,1313,4,4,password,password,1,1
2,1314,4,4,password,password,1,1
2,1315,2,2,injection,injection,1,1
2,1316,2,2,injection,injection,1,1
2,1317,3,3,normal,normal,0,0
2,1318,2,2,injection,injection,1,1
2,1319,2,2,injection,injection,1,1
2,1320,3,3,normal,normal,0,0
2,1321,2,2,injection,injection,1,1
2,1322,0,0,backdoor,backdoor,1,1
2,1323,0,0,backdoor,backdoor,1,1
2,1324,4,4,password,password,1,1
2,1325,3,3,normal,normal,0,0
2,1326,3,3,normal,normal,0,0
2,1327,3,3,normal,normal,0,0
2,1328,0,0,backdoor,backdoor,1,1
2,1329,4,4,password,password,1,1
2,1330,4,4,password,password,1,1
2,1331,2,2,injection,injection,1,1
2,1332,0,0,backdoor,backdoor,1,1
2,1333,3,3,normal,normal,0,0
2,1334,2,2,injection,injection,1,1
2,1335,0,0,backdoor,backdoor,1,1
2,1336,3,3,normal,normal,0,0
2,1337,3,3,normal,normal,0,0
2,1338,2,2,injection,injection,1,1
2,1339,3,3,normal,normal,0,0
2,1340,3,3,normal,normal,0,0
2,1341,2,2,injection,injection,1,1
2,1342,0,0,backdoor,backdoor,1,1
2,1343,3,3,normal,normal,0,0
2,1344,3,3,normal,normal,0,0
2,1345,4,4,password,password,1,1
2,1346,3,3,normal,normal,0,0
2,1347,4,4,password,password,1,1
2,1348,0,0,backdoor,backdoor,1,1
2,1349,3,3,normal,normal,0,0
2,1350,0,2,backdoor,injection,1,1
2,1351,3,3,normal,normal,0,0
2,1352,3,3,normal,normal,0,0
2,1353,3,3,normal,normal,0,0
2,1354,3,3,normal,normal,0,0
2,1355,3,3,normal,normal,0,0
2,1356,4,4,password,password,1,1
2,1357,3,3,normal,normal,0,0
2,1358,3,3,normal,normal,0,0
2,1359,4,4,password,password,1,1
2,1360,0,0,backdoor,backdoor,1,1
2,1361,3,3,normal,normal,0,0
2,1362,4,4,password,password,1,1
2,1363,3,3,normal,normal,0,0
2,1364,0,0,backdoor,backdoor,1,1
2,1365,3,3,normal,normal,0,0
2,1366,0,2,backdoor,injection,1,1
2,1367,3,3,normal,normal,0,0
2,1368,3,3,normal,normal,0,0
2,1369,3,3,normal,normal,0,0
2,1370,2,2,injection,injection,1,1
2,1371,3,3,normal,normal,0,0
2,1372,3,3,normal,normal,0,0
2,1373,4,4,password,password,1,1
2,1374,3,3,normal,normal,0,0
2,1375,0,0,backdoor,backdoor,1,1
2,1376,2,2,injection,injection,1,1
2,1377,3,3,normal,normal,0,0
2,1378,4,4,password,password,1,1
2,1379,2,2,injection,injection,1,1
2,1380,4,4,password,password,1,1
2,1381,3,3,normal,normal,0,0
2,1382,0,0,backdoor,backdoor,1,1
2,1383,3,3,normal,normal,0,0
2,1384,4,4,password,password,1,1
2,1385,2,2,injection,injection,1,1
2,1386,0,0,backdoor,backdoor,1,1
2,1387,3,3,normal,normal,0,0
2,1388,3,3,normal,normal,0,0
2,1389,0,0,backdoor,backdoor,1,1
2,1390,2,2,injection,injection,1,1
2,1391,0,0,backdoor,backdoor,1,1
2,1392,4,4,password,password,1,1
2,1393,2,2,injection,injection,1,1
2,1394,2,2,injection,injection,1,1
2,1395,3,3,normal,normal,0,0
2,1396,3,3,normal,normal,0,0
2,1397,2,2,injection,injection,1,1
2,1398,4,4,password,password,1,1
2,1399,4,4,password,password,1,1
2,1400,2,2,injection,injection,1,1
2,1401,3,3,normal,normal,0,0
2,1402,3,3,normal,normal,0,0
2,1403,3,3,normal,normal,0,0
2,1404,3,3,normal,normal,0,0
2,1405,2,2,injection,injection,1,1
2,1406,3,3,normal,normal,0,0
2,1407,2,2,injection,injection,1,1
2,1408,2,2,injection,injection,1,1
2,1409,4,4,password,password,1,1
2,1410,4,4,password,password,1,1
2,1411,3,3,normal,normal,0,0
2,1412,2,2,injection,injection,1,1
2,1413,4,4,password,password,1,1
2,1414,2,2,injection,injection,1,1
2,1415,4,4,password,password,1,1
2,1416,3,3,normal,normal,0,0
2,1417,3,3,normal,normal,0,0
2,1418,2,2,injection,injection,1,1
2,1419,2,2,injection,injection,1,1
2,1420,3,3,normal,normal,0,0
2,1421,3,3,normal,normal,0,0
2,1422,3,3,normal,normal,0,0
2,1423,3,3,normal,normal,0,0
2,1424,3,3,normal,normal,0,0
2,1425,3,3,normal,normal,0,0
2,1426,3,3,normal,normal,0,0
2,1427,3,3,normal,normal,0,0
2,1428,3,3,normal,normal,0,0
2,1429,4,4,password,password,1,1
2,1430,3,3,normal,normal,0,0
2,1431,3,3,normal,normal,0,0
2,1432,3,3,normal,normal,0,0
2,1433,0,0,backdoor,backdoor,1,1
2,1434,0,2,backdoor,injection,1,1
2,1435,2,2,injection,injection,1,1
2,1436,4,4,password,password,1,1
2,1437,4,4,password,password,1,1
2,1438,0,0,backdoor,backdoor,1,1
2,1439,2,2,injection,injection,1,1
2,1440,0,0,backdoor,backdoor,1,1
2,1441,4,4,password,password,1,1
2,1442,4,4,password,password,1,1
2,1443,4,4,password,password,1,1
2,1444,3,3,normal,normal,0,0
2,1445,4,4,password,password,1,1
2,1446,4,4,password,password,1,1
2,1447,2,2,injection,injection,1,1
2,1448,3,3,normal,normal,0,0
2,1449,2,2,injection,injection,1,1
2,1450,2,2,injection,injection,1,1
2,1451,4,4,password,password,1,1
2,1452,2,2,injection,injection,1,1
2,1453,3,3,normal,normal,0,0
2,1454,3,3,normal,normal,0,0
2,1455,3,3,normal,normal,0,0
2,1456,2,2,injection,injection,1,1
2,1457,3,3,normal,normal,0,0
2,1458,4,4,password,password,1,1
2,1459,3,3,normal,normal,0,0
2,1460,3,3,normal,normal,0,0
2,1461,0,0,backdoor,backdoor,1,1
2,1462,3,3,normal,normal,0,0
2,1463,4,4,password,password,1,1
2,1464,3,3,normal,normal,0,0
2,1465,3,3,normal,normal,0,0
2,1466,3,3,normal,normal,0,0
2,1467,0,0,backdoor,backdoor,1,1
2,1468,4,4,password,password,1,1
2,1469,3,3,normal,normal,0,0
2,1470,3,3,normal,normal,0,0
2,1471,2,2,injection,injection,1,1
2,1472,2,2,injection,injection,1,1
2,1473,3,3,normal,normal,0,0
2,1474,0,0,backdoor,backdoor,1,1
2,1475,0,2,backdoor,injection,1,1
2,1476,2,2,injection,injection,1,1
2,1477,2,2,injection,injection,1,1
2,1478,0,0,backdoor,backdoor,1,1
2,1479,3,3,normal,normal,0,0
2,1480,0,0,backdoor,backdoor,1,1
2,1481,3,3,normal,normal,0,0
2,1482,3,3,normal,normal,0,0
2,1483,3,3,normal,normal,0,0
2,1484,4,4,password,password,1,1
2,1485,3,3,normal,normal,0,0
2,1486,0,0,backdoor,backdoor,1,1
2,1487,4,4,password,password,1,1
2,1488,3,3,normal,normal,0,0
2,1489,3,3,normal,normal,0,0
2,1490,0,0,backdoor,backdoor,1,1
2,1491,3,3,normal,normal,0,0
2,1492,3,3,normal,normal,0,0
2,1493,4,4,password,password,1,1
2,1494,3,3,normal,normal,0,0
2,1495,0,0,backdoor,backdoor,1,1
2,1496,3,3,normal,normal,0,0
2,1497,2,2,injection,injection,1,1
2,1498,3,3,normal,normal,0,0
2,1499,3,3,normal,normal,0,0
2,1500,0,0,backdoor,backdoor,1,1
2,1501,3,3,normal,normal,0,0
2,1502,3,3,normal,normal,0,0
2,1503,3,3,normal,normal,0,0
2,1504,3,3,normal,normal,0,0
2,1505,3,3,normal,normal,0,0
2,1506,2,2,injection,injection,1,1
2,1507,2,2,injection,injection,1,1
2,1508,3,3,normal,normal,0,0
2,1509,3,3,normal,normal,0,0
2,1510,3,3,normal,normal,0,0
2,1511,3,3,normal,normal,0,0
2,1512,3,3,normal,normal,0,0
2,1513,2,2,injection,injection,1,1
2,1514,3,3,normal,normal,0,0
2,1515,3,3,normal,normal,0,0
2,1516,3,3,normal,normal,0,0
2,1517,3,3,normal,normal,0,0
2,1518,3,3,normal,normal,0,0
2,1519,0,0,backdoor,backdoor,1,1
2,1520,2,2,injection,injection,1,1
2,1521,3,3,normal,normal,0,0
2,1522,3,3,normal,normal,0,0
2,1523,0,0,backdoor,backdoor,1,1
2,1524,2,0,injection,backdoor,1,1
2,1525,2,2,injection,injection,1,1
2,1526,0,0,backdoor,backdoor,1,1
2,1527,4,4,password,password,1,1
2,1528,3,3,normal,normal,0,0
2,1529,2,2,injection,injection,1,1
2,1530,3,3,normal,normal,0,0
2,1531,3,3,normal,normal,0,0
2,1532,0,0,backdoor,backdoor,1,1
2,1533,3,3,normal,normal,0,0
2,1534,3,3,normal,normal,0,0
2,1535,4,4,password,password,1,1
2,1536,2,2,injection,injection,1,1
2,1537,0,2,backdoor,injection,1,1
2,1538,0,0,backdoor,backdoor,1,1
2,1539,0,0,backdoor,backdoor,1,1
2,1540,3,3,normal,normal,0,0
2,1541,4,4,password,password,1,1
2,1542,3,3,normal,normal,0,0
2,1543,4,4,password,password,1,1
2,1544,2,2,injection,injection,1,1
2,1545,2,2,injection,injection,1,1
2,1546,4,4,password,password,1,1
2,1547,0,0,backdoor,backdoor,1,1
2,1548,4,4,password,password,1,1
2,1549,3,3,normal,normal,0,0
2,1550,3,3,normal,normal,0,0
2,1551,3,3,normal,normal,0,0
2,1552,4,4,password,password,1,1
2,1553,2,2,injection,injection,1,1
2,1554,4,4,password,password,1,1
2,1555,3,3,normal,normal,0,0
2,1556,3,3,normal,normal,0,0
2,1557,4,4,password,password,1,1
2,1558,2,2,injection,injection,1,1
2,1559,0,0,backdoor,backdoor,1,1
2,1560,3,3,normal,normal,0,0
2,1561,3,3,normal,normal,0,0
2,1562,4,4,password,password,1,1
2,1563,0,2,backdoor,injection,1,1
2,1564,3,3,normal,normal,0,0
2,1565,2,2,injection,injection,1,1
2,1566,2,2,injection,injection,1,1
2,1567,0,0,backdoor,backdoor,1,1
2,1568,4,4,password,password,1,1
2,1569,3,3,normal,normal,0,0
2,1570,4,4,password,password,1,1
2,1571,0,0,backdoor,backdoor,1,1
2,1572,4,4,password,password,1,1
2,1573,3,3,normal,normal,0,0
2,1574,3,3,normal,normal,0,0
2,1575,3,3,normal,normal,0,0
2,1576,4,4,password,password,1,1
2,1577,3,3,normal,normal,0,0
2,1578,4,4,password,password,1,1
2,1579,4,4,password,password,1,1
2,1580,3,3,normal,normal,0,0
2,1581,3,3,normal,normal,0,0
2,1582,2,2,injection,injection,1,1
2,1583,3,3,normal,normal,0,0
2,1584,2,2,injection,injection,1,1
2,1585,4,4,password,password,1,1
2,1586,3,3,normal,normal,0,0
2,1587,3,3,normal,normal,0,0
2,1588,3,3,normal,normal,0,0
2,1589,4,4,password,password,1,1
2,1590,3,3,normal,normal,0,0
2,1591,3,3,normal,normal,0,0
2,1592,4,4,password,password,1,1
2,1593,3,3,normal,normal,0,0
2,1594,0,0,backdoor,backdoor,1,1
2,1595,3,3,normal,normal,0,0
2,1596,3,3,normal,normal,0,0
2,1597,3,3,normal,normal,0,0
2,1598,3,3,normal,normal,0,0
2,1599,4,4,password,password,1,1
2,1600,3,3,normal,normal,0,0
2,1601,2,2,injection,injection,1,1
2,1602,3,3,normal,normal,0,0
2,1603,3,3,normal,normal,0,0
2,1604,3,3,normal,normal,0,0
2,1605,0,0,backdoor,backdoor,1,1
2,1606,3,3,normal,normal,0,0
2,1607,3,3,normal,normal,0,0
2,1608,3,3,normal,normal,0,0
2,1609,2,2,injection,injection,1,1
2,1610,3,3,normal,normal,0,0
2,1611,0,2,backdoor,injection,1,1
2,1612,3,3,normal,normal,0,0
2,1613,4,4,password,password,1,1
2,1614,4,4,password,password,1,1
2,1615,4,4,password,password,1,1
2,1616,2,2,injection,injection,1,1
2,1617,3,3,normal,normal,0,0
2,1618,2,2,injection,injection,1,1
2,1619,3,3,normal,normal,0,0
2,1620,3,3,normal,normal,0,0
2,1621,4,4,password,password,1,1
2,1622,4,4,password,password,1,1
2,1623,3,3,normal,normal,0,0
2,1624,2,2,injection,injection,1,1
2,1625,3,3,normal,normal,0,0
2,1626,4,4,password,password,1,1
2,1627,2,2,injection,injection,1,1
2,1628,4,4,password,password,1,1
2,1629,0,2,backdoor,injection,1,1
2,1630,3,3,normal,normal,0,0
2,1631,3,3,normal,normal,0,0
2,1632,0,2,backdoor,injection,1,1
2,1633,4,4,password,password,1,1
2,1634,3,3,normal,normal,0,0
2,1635,3,3,normal,normal,0,0
2,1636,0,0,backdoor,backdoor,1,1
2,1637,3,3,normal,normal,0,0
2,1638,0,0,backdoor,backdoor,1,1
2,1639,3,3,normal,normal,0,0
2,1640,0,0,backdoor,backdoor,1,1
2,1641,3,3,normal,normal,0,0
2,1642,3,3,normal,normal,0,0
2,1643,3,3,normal,normal,0,0
2,1644,4,4,password,password,1,1
2,1645,4,4,password,password,1,1
2,1646,3,3,normal,normal,0,0
2,1647,3,3,normal,normal,0,0
2,1648,0,0,backdoor,backdoor,1,1
2,1649,3,3,normal,normal,0,0
2,1650,3,3,normal,normal,0,0
2,1651,0,0,backdoor,backdoor,1,1
2,1652,3,3,normal,normal,0,0
2,1653,3,3,normal,normal,0,0
2,1654,3,3,normal,normal,0,0
2,1655,3,3,normal,normal,0,0
2,1656,0,0,backdoor,backdoor,1,1
2,1657,2,2,injection,injection,1,1
2,1658,3,3,normal,normal,0,0
2,1659,3,3,normal,normal,0,0
2,1660,0,0,backdoor,backdoor,1,1
2,1661,3,3,normal,normal,0,0
2,1662,4,4,password,password,1,1
2,1663,3,3,normal,normal,0,0
2,1664,4,4,password,password,1,1
2,1665,2,2,injection,injection,1,1
2,1666,3,3,normal,normal,0,0
2,1667,2,2,injection,injection,1,1
2,1668,0,0,backdoor,backdoor,1,1
2,1669,3,3,normal,normal,0,0
2,1670,0,0,backdoor,backdoor,1,1
2,1671,4,4,password,password,1,1
2,1672,3,3,normal,normal,0,0
2,1673,2,2,injection,injection,1,1
2,1674,3,3,normal,normal,0,0
2,1675,2,2,injection,injection,1,1
2,1676,3,3,normal,normal,0,0
2,1677,0,2,backdoor,injection,1,1
2,1678,2,2,injection,injection,1,1
2,1679,4,4,password,password,1,1
2,1680,3,3,normal,normal,0,0
2,1681,3,3,normal,normal,0,0
2,1682,3,3,normal,normal,0,0
2,1683,3,3,normal,normal,0,0
2,1684,0,0,backdoor,backdoor,1,1
2,1685,0,2,backdoor,injection,1,1
2,1686,2,2,injection,injection,1,1
2,1687,3,3,normal,normal,0,0
2,1688,3,3,normal,normal,0,0
2,1689,3,3,normal,normal,0,0
2,1690,3,3,normal,normal,0,0
2,1691,4,4,password,password,1,1
2,1692,4,4,password,password,1,1
2,1693,3,3,normal,normal,0,0
2,1694,3,3,normal,normal,0,0
2,1695,2,2,injection,injection,1,1
2,1696,0,0,backdoor,backdoor,1,1
2,1697,3,3,normal,normal,0,0
2,1698,2,2,injection,injection,1,1
2,1699,0,0,backdoor,backdoor,1,1
2,1700,3,3,normal,normal,0,0
2,1701,3,3,normal,normal,0,0
2,1702,2,2,injection,injection,1,1
2,1703,3,3,normal,normal,0,0
2,1704,2,2,injection,injection,1,1
2,1705,2,2,injection,injection,1,1
2,1706,3,3,normal,normal,0,0
2,1707,3,3,normal,normal,0,0
2,1708,3,3,normal,normal,0,0
2,1709,2,2,injection,injection,1,1
2,1710,3,3,normal,normal,0,0
2,1711,2,2,injection,injection,1,1
2,1712,3,3,normal,normal,0,0
2,1713,3,3,normal,normal,0,0
2,1714,2,2,injection,injection,1,1
2,1715,0,0,backdoor,backdoor,1,1
2,1716,3,3,normal,normal,0,0
2,1717,2,2,injection,injection,1,1
2,1718,3,3,normal,normal,0,0
2,1719,4,4,password,password,1,1
2,1720,4,4,password,password,1,1
2,1721,3,3,normal,normal,0,0
2,1722,0,0,backdoor,backdoor,1,1
2,1723,3,3,normal,normal,0,0
2,1724,3,3,normal,normal,0,0
2,1725,2,2,injection,injection,1,1
2,1726,2,2,injection,injection,1,1
2,1727,3,3,normal,normal,0,0
2,1728,3,3,normal,normal,0,0
2,1729,2,2,injection,injection,1,1
2,1730,0,2,backdoor,injection,1,1
2,1731,2,2,injection,injection,1,1
2,1732,2,2,injection,injection,1,1
2,1733,3,3,normal,normal,0,0
2,1734,3,3,normal,normal,0,0
2,1735,2,2,injection,injection,1,1
2,1736,3,3,normal,normal,0,0
2,1737,4,4,password,password,1,1
2,1738,0,0,backdoor,backdoor,1,1
2,1739,0,2,backdoor,injection,1,1
2,1740,0,0,backdoor,backdoor,1,1
2,1741,2,2,injection,injection,1,1
2,1742,3,3,normal,normal,0,0
2,1743,2,2,injection,injection,1,1
2,1744,4,4,password,password,1,1
2,1745,0,0,backdoor,backdoor,1,1
2,1746,3,3,normal,normal,0,0
2,1747,3,3,normal,normal,0,0
2,1748,3,3,normal,normal,0,0
2,1749,3,3,normal,normal,0,0
2,1750,0,0,backdoor,backdoor,1,1
2,1751,4,4,password,password,1,1
2,1752,0,0,backdoor,backdoor,1,1
2,1753,2,2,injection,injection,1,1
2,1754,3,3,normal,normal,0,0
2,1755,3,3,normal,normal,0,0
2,1756,3,3,normal,normal,0,0
2,1757,2,2,injection,injection,1,1
2,1758,0,0,backdoor,backdoor,1,1
2,1759,4,4,password,password,1,1
2,1760,2,2,injection,injection,1,1
2,1761,3,3,normal,normal,0,0
2,1762,4,4,password,password,1,1
2,1763,0,0,backdoor,backdoor,1,1
2,1764,3,3,normal,normal,0,0
2,1765,2,2,injection,injection,1,1
2,1766,4,4,password,password,1,1
2,1767,3,3,normal,normal,0,0
2,1768,2,2,injection,injection,1,1
2,1769,3,3,normal,normal,0,0
2,1770,4,4,password,password,1,1
2,1771,0,0,backdoor,backdoor,1,1
2,1772,3,3,normal,normal,0,0
2,1773,0,2,backdoor,injection,1,1
2,1774,4,4,password,password,1,1
2,1775,3,3,normal,normal,0,0
2,1776,3,3,normal,normal,0,0
2,1777,4,4,password,password,1,1
2,1778,0,0,backdoor,backdoor,1,1
2,1779,0,0,backdoor,backdoor,1,1
2,1780,3,3,normal,normal,0,0
2,1781,0,0,backdoor,backdoor,1,1
2,1782,0,0,backdoor,backdoor,1,1
2,1783,3,3,normal,normal,0,0
2,1784,0,0,backdoor,backdoor,1,1
2,1785,0,0,backdoor,backdoor,1,1
2,1786,3,3,normal,normal,0,0
2,1787,2,2,injection,injection,1,1
2,1788,2,2,injection,injection,1,1
2,1789,3,3,normal,normal,0,0
2,1790,2,2,injection,injection,1,1
2,1791,2,2,injection,injection,1,1
2,1792,2,2,injection,injection,1,1
2,1793,3,3,normal,normal,0,0
2,1794,4,4,password,password,1,1
2,1795,3,3,normal,normal,0,0
2,1796,4,4,password,password,1,1
2,1797,2,2,injection,injection,1,1
2,1798,3,3,normal,normal,0,0
2,1799,2,2,injection,injection,1,1
2,1800,3,3,normal,normal,0,0
2,1801,3,3,normal,normal,0,0
2,1802,2,2,injection,injection,1,1
2,1803,2,2,injection,injection,1,1
2,1804,4,4,password,password,1,1
2,1805,4,4,password,password,1,1
2,1806,3,3,normal,normal,0,0
2,1807,3,3,normal,normal,0,0
2,1808,3,3,normal,normal,0,0
2,1809,0,0,backdoor,backdoor,1,1
2,1810,4,4,password,password,1,1
2,1811,0,0,backdoor,backdoor,1,1
2,1812,0,2,backdoor,injection,1,1
2,1813,4,4,password,password,1,1
2,1814,0,0,backdoor,backdoor,1,1
2,1815,4,4,password,password,1,1
2,1816,3,3,normal,normal,0,0
2,1817,3,3,normal,normal,0,0
2,1818,4,4,password,password,1,1
2,1819,4,4,password,password,1,1
2,1820,4,4,password,password,1,1
2,1821,3,3,normal,normal,0,0
2,1822,4,4,password,password,1,1
2,1823,3,3,normal,normal,0,0
2,1824,4,4,password,password,1,1
2,1825,3,3,normal,normal,0,0
2,1826,3,3,normal,normal,0,0
2,1827,0,0,backdoor,backdoor,1,1
2,1828,2,2,injection,injection,1,1
2,1829,3,3,normal,normal,0,0
2,1830,3,3,normal,normal,0,0
2,1831,0,0,backdoor,backdoor,1,1
2,1832,0,2,backdoor,injection,1,1
2,1833,3,3,normal,normal,0,0
2,1834,3,3,normal,normal,0,0
2,1835,0,0,backdoor,backdoor,1,1
2,1836,3,3,normal,normal,0,0
2,1837,2,2,injection,injection,1,1
2,1838,0,2,backdoor,injection,1,1
2,1839,3,3,normal,normal,0,0
2,1840,3,3,normal,normal,0,0
2,1841,0,2,backdoor,injection,1,1
2,1842,2,2,injection,injection,1,1
2,1843,3,3,normal,normal,0,0
2,1844,3,3,normal,normal,0,0
2,1845,3,3,normal,normal,0,0
2,1846,2,2,injection,injection,1,1
2,1847,3,3,normal,normal,0,0
2,1848,4,4,password,password,1,1
2,1849,0,0,backdoor,backdoor,1,1
2,1850,3,3,normal,normal,0,0
2,1851,4,4,password,password,1,1
2,1852,2,2,injection,injection,1,1
2,1853,2,2,injection,injection,1,1
2,1854,3,3,normal,normal,0,0
2,1855,3,3,normal,normal,0,0
2,1856,0,0,backdoor,backdoor,1,1
2,1857,0,0,backdoor,backdoor,1,1
2,1858,2,2,injection,injection,1,1
2,1859,3,3,normal,normal,0,0
2,1860,2,2,injection,injection,1,1
2,1861,2,2,injection,injection,1,1
2,1862,0,2,backdoor,injection,1,1
2,1863,3,3,normal,normal,0,0
2,1864,0,0,backdoor,backdoor,1,1
2,1865,3,3,normal,normal,0,0
2,1866,4,4,password,password,1,1
2,1867,2,2,injection,injection,1,1
2,1868,2,2,injection,injection,1,1
2,1869,2,2,injection,injection,1,1
2,1870,3,3,normal,normal,0,0
2,1871,0,0,backdoor,backdoor,1,1
2,1872,2,2,injection,injection,1,1
2,1873,3,3,normal,normal,0,0
2,1874,2,2,injection,injection,1,1
2,1875,4,4,password,password,1,1
2,1876,3,3,normal,normal,0,0
2,1877,3,3,normal,normal,0,0
2,1878,3,3,normal,normal,0,0
2,1879,3,3,normal,normal,0,0
2,1880,3,3,normal,normal,0,0
2,1881,0,0,backdoor,backdoor,1,1
2,1882,3,3,normal,normal,0,0
2,1883,3,3,normal,normal,0,0
2,1884,0,2,backdoor,injection,1,1
2,1885,2,2,injection,injection,1,1
2,1886,0,0,backdoor,backdoor,1,1
2,1887,3,3,normal,normal,0,0
2,1888,4,4,password,password,1,1
2,1889,3,3,normal,normal,0,0
2,1890,0,0,backdoor,backdoor,1,1
2,1891,3,3,normal,normal,0,0
2,1892,3,3,normal,normal,0,0
2,1893,3,3,normal,normal,0,0
2,1894,3,3,normal,normal,0,0
2,1895,3,3,normal,normal,0,0
2,1896,3,3,normal,normal,0,0
2,1897,2,2,injection,injection,1,1
2,1898,0,0,backdoor,backdoor,1,1
2,1899,4,4,password,password,1,1
2,1900,4,4,password,password,1,1
2,1901,3,3,normal,normal,0,0
2,1902,2,0,injection,backdoor,1,1
2,1903,4,4,password,password,1,1
2,1904,0,0,backdoor,backdoor,1,1
2,1905,3,3,normal,normal,0,0
2,1906,3,3,normal,normal,0,0
2,1907,3,3,normal,normal,0,0
2,1908,3,3,normal,normal,0,0
2,1909,3,3,normal,normal,0,0
2,1910,2,2,injection,injection,1,1
2,1911,3,3,normal,normal,0,0
2,1912,4,4,password,password,1,1
2,1913,0,0,backdoor,backdoor,1,1
2,1914,4,4,password,password,1,1
2,1915,4,4,password,password,1,1
2,1916,0,0,backdoor,backdoor,1,1
2,1917,4,4,password,password,1,1
2,1918,0,0,backdoor,backdoor,1,1
2,1919,2,2,injection,injection,1,1
2,1920,0,0,backdoor,backdoor,1,1
2,1921,3,3,normal,normal,0,0
2,1922,0,0,backdoor,backdoor,1,1
2,1923,2,2,injection,injection,1,1
2,1924,3,3,normal,normal,0,0
2,1925,3,3,normal,normal,0,0
2,1926,3,3,normal,normal,0,0
2,1927,3,3,normal,normal,0,0
2,1928,2,2,injection,injection,1,1
2,1929,4,4,password,password,1,1
2,1930,3,3,normal,normal,0,0
2,1931,3,3,normal,normal,0,0
2,1932,0,0,backdoor,backdoor,1,1
2,1933,2,2,injection,injection,1,1
2,1934,3,3,normal,normal,0,0
2,1935,3,3,normal,normal,0,0
2,1936,2,2,injection,injection,1,1
2,1937,0,0,backdoor,backdoor,1,1
2,1938,3,3,normal,normal,0,0
2,1939,2,2,injection,injection,1,1
2,1940,3,3,normal,normal,0,0
2,1941,3,3,normal,normal,0,0
2,1942,4,4,password,password,1,1
2,1943,3,3,normal,normal,0,0
2,1944,0,0,backdoor,backdoor,1,1
2,1945,3,3,normal,normal,0,0
2,1946,2,2,injection,injection,1,1
2,1947,3,3,normal,normal,0,0
2,1948,2,2,injection,injection,1,1
2,1949,2,2,injection,injection,1,1
2,1950,3,3,normal,normal,0,0
2,1951,3,3,normal,normal,0,0
2,1952,3,3,normal,normal,0,0
2,1953,3,3,normal,normal,0,0
2,1954,2,2,injection,injection,1,1
2,1955,0,0,backdoor,backdoor,1,1
2,1956,0,0,backdoor,backdoor,1,1
2,1957,4,4,password,password,1,1
2,1958,3,3,normal,normal,0,0
2,1959,2,2,injection,injection,1,1
2,1960,0,0,backdoor,backdoor,1,1
2,1961,3,3,normal,normal,0,0
2,1962,3,3,normal,normal,0,0
2,1963,3,3,normal,normal,0,0
2,1964,2,2,injection,injection,1,1
2,1965,0,0,backdoor,backdoor,1,1
2,1966,2,2,injection,injection,1,1
2,1967,3,3,normal,normal,0,0
2,1968,3,3,normal,normal,0,0
2,1969,3,3,normal,normal,0,0
2,1970,4,4,password,password,1,1
2,1971,2,2,injection,injection,1,1
2,1972,2,2,injection,injection,1,1
2,1973,0,2,backdoor,injection,1,1
2,1974,2,2,injection,injection,1,1
2,1975,2,2,injection,injection,1,1
2,1976,3,3,normal,normal,0,0
2,1977,2,2,injection,injection,1,1
2,1978,3,3,normal,normal,0,0
2,1979,3,3,normal,normal,0,0
2,1980,3,3,normal,normal,0,0
2,1981,3,3,normal,normal,0,0
2,1982,0,0,backdoor,backdoor,1,1
2,1983,3,3,normal,normal,0,0
2,1984,4,4,password,password,1,1
2,1985,3,3,normal,normal,0,0
2,1986,3,3,normal,normal,0,0
2,1987,3,3,normal,normal,0,0
2,1988,0,0,backdoor,backdoor,1,1
2,1989,3,3,normal,normal,0,0
2,1990,2,2,injection,injection,1,1
2,1991,3,3,normal,normal,0,0
2,1992,3,3,normal,normal,0,0
2,1993,4,4,password,password,1,1
2,1994,4,4,password,password,1,1
2,1995,0,0,backdoor,backdoor,1,1
2,1996,3,3,normal,normal,0,0
2,1997,3,3,normal,normal,0,0
2,1998,3,3,normal,normal,0,0
2,1999,0,0,backdoor,backdoor,1,1
2,2000,4,4,password,password,1,1
2,2001,0,0,backdoor,backdoor,1,1
2,2002,3,3,normal,normal,0,0
2,2003,2,2,injection,injection,1,1
2,2004,3,3,normal,normal,0,0
2,2005,2,2,injection,injection,1,1
2,2006,3,3,normal,normal,0,0
2,2007,3,3,normal,normal,0,0
2,2008,3,3,normal,normal,0,0
2,2009,3,3,normal,normal,0,0
2,2010,3,3,normal,normal,0,0
2,2011,3,3,normal,normal,0,0
2,2012,3,3,normal,normal,0,0
2,2013,3,3,normal,normal,0,0
2,2014,3,3,normal,normal,0,0
2,2015,3,3,normal,normal,0,0
2,2016,2,2,injection,injection,1,1
2,2017,0,0,backdoor,backdoor,1,1
2,2018,4,4,password,password,1,1
2,2019,0,0,backdoor,backdoor,1,1
2,2020,3,3,normal,normal,0,0
2,2021,3,3,normal,normal,0,0
2,2022,4,4,password,password,1,1
2,2023,2,2,injection,injection,1,1
2,2024,3,3,normal,normal,0,0
2,2025,2,2,injection,injection,1,1
2,2026,4,4,password,password,1,1
2,2027,3,3,normal,normal,0,0
2,2028,2,2,injection,injection,1,1
2,2029,0,0,backdoor,backdoor,1,1
2,2030,3,3,normal,normal,0,0
2,2031,3,3,normal,normal,0,0
2,2032,4,4,password,password,1,1
2,2033,3,3,normal,normal,0,0
2,2034,3,3,normal,normal,0,0
2,2035,0,0,backdoor,backdoor,1,1
2,2036,3,3,normal,normal,0,0
2,2037,3,3,normal,normal,0,0
2,2038,0,0,backdoor,backdoor,1,1
2,2039,2,2,injection,injection,1,1
2,2040,4,4,password,password,1,1
2,2041,3,3,normal,normal,0,0
2,2042,2,2,injection,injection,1,1
2,2043,3,3,normal,normal,0,0
2,2044,3,3,normal,normal,0,0
2,2045,3,3,normal,normal,0,0
2,2046,3,3,normal,normal,0,0
2,2047,2,2,injection,injection,1,1
2,2048,0,0,backdoor,backdoor,1,1
2,2049,3,3,normal,normal,0,0
2,2050,0,0,backdoor,backdoor,1,1
2,2051,2,2,injection,injection,1,1
2,2052,3,3,normal,normal,0,0
2,2053,3,3,normal,normal,0,0
2,2054,3,3,normal,normal,0,0
2,2055,3,3,normal,normal,0,0
2,2056,3,3,normal,normal,0,0
2,2057,4,4,password,password,1,1
2,2058,4,4,password,password,1,1
2,2059,4,4,password,password,1,1
2,2060,0,0,backdoor,backdoor,1,1
2,2061,3,3,normal,normal,0,0
2,2062,3,3,normal,normal,0,0
2,2063,3,3,normal,normal,0,0
2,2064,4,4,password,password,1,1
2,2065,3,3,normal,normal,0,0
2,2066,4,4,password,password,1,1
2,2067,3,3,normal,normal,0,0
2,2068,4,4,password,password,1,1
2,2069,3,3,normal,normal,0,0
2,2070,3,3,normal,normal,0,0
2,2071,2,2,injection,injection,1,1
2,2072,0,0,backdoor,backdoor,1,1
2,2073,2,2,injection,injection,1,1
2,2074,3,3,normal,normal,0,0
2,2075,3,3,normal,normal,0,0
2,2076,3,3,normal,normal,0,0
2,2077,3,3,normal,normal,0,0
2,2078,4,4,password,password,1,1
2,2079,3,3,normal,normal,0,0
2,2080,4,4,password,password,1,1
2,2081,3,3,normal,normal,0,0
2,2082,3,3,normal,normal,0,0
2,2083,2,0,injection,backdoor,1,1
2,2084,3,3,normal,normal,0,0
2,2085,2,2,injection,injection,1,1
2,2086,4,4,password,password,1,1
2,2087,2,2,injection,injection,1,1
2,2088,3,3,normal,normal,0,0
2,2089,3,3,normal,normal,0,0
2,2090,4,4,password,password,1,1
2,2091,0,0,backdoor,backdoor,1,1
2,2092,3,3,normal,normal,0,0
2,2093,0,0,backdoor,backdoor,1,1
2,2094,3,3,normal,normal,0,0
2,2095,0,0,backdoor,backdoor,1,1
2,2096,2,2,injection,injection,1,1
2,2097,3,3,normal,normal,0,0
2,2098,3,3,normal,normal,0,0
2,2099,0,2,backdoor,injection,1,1
2,2100,4,4,password,password,1,1
2,2101,2,2,injection,injection,1,1
2,2102,3,3,normal,normal,0,0
2,2103,3,3,normal,normal,0,0
2,2104,3,3,normal,normal,0,0
2,2105,2,2,injection,injection,1,1
2,2106,2,2,injection,injection,1,1
2,2107,4,4,password,password,1,1
2,2108,2,2,injection,injection,1,1
2,2109,3,3,normal,normal,0,0
2,2110,3,3,normal,normal,0,0
2,2111,0,0,backdoor,backdoor,1,1
2,2112,3,3,normal,normal,0,0
2,2113,0,0,backdoor,backdoor,1,1
2,2114,3,3,normal,normal,0,0
2,2115,4,4,password,password,1,1
2,2116,3,3,normal,normal,0,0
2,2117,3,3,normal,normal,0,0
2,2118,3,3,normal,normal,0,0
2,2119,2,2,injection,injection,1,1
2,2120,2,2,injection,injection,1,1
2,2121,3,3,normal,normal,0,0
2,2122,3,3,normal,normal,0,0
2,2123,2,2,injection,injection,1,1
2,2124,0,0,backdoor,backdoor,1,1
2,2125,2,2,injection,injection,1,1
2,2126,0,2,backdoor,injection,1,1
2,2127,2,2,injection,injection,1,1
2,2128,2,2,injection,injection,1,1
2,2129,4,4,password,password,1,1
2,2130,4,4,password,password,1,1
2,2131,4,4,password,password,1,1
2,2132,3,3,normal,normal,0,0
2,2133,0,2,backdoor,injection,1,1
2,2134,2,2,injection,injection,1,1
2,2135,3,3,normal,normal,0,0
2,2136,3,3,normal,normal,0,0
2,2137,3,3,normal,normal,0,0
2,2138,2,2,injection,injection,1,1
2,2139,2,2,injection,injection,1,1
2,2140,4,4,password,password,1,1
2,2141,4,4,password,password,1,1
2,2142,0,0,backdoor,backdoor,1,1
2,2143,0,0,backdoor,backdoor,1,1
2,2144,3,3,normal,normal,0,0
2,2145,3,3,normal,normal,0,0
2,2146,2,2,injection,injection,1,1
2,2147,3,3,normal,normal,0,0
2,2148,3,3,normal,normal,0,0
2,2149,3,3,normal,normal,0,0
2,2150,0,0,backdoor,backdoor,1,1
2,2151,0,0,backdoor,backdoor,1,1
2,2152,0,0,backdoor,backdoor,1,1
2,2153,3,3,normal,normal,0,0
2,2154,4,4,password,password,1,1
2,2155,0,0,backdoor,backdoor,1,1
2,2156,3,3,normal,normal,0,0
2,2157,3,3,normal,normal,0,0
2,2158,3,3,normal,normal,0,0
2,2159,0,2,backdoor,injection,1,1
2,2160,3,3,normal,normal,0,0
2,2161,2,2,injection,injection,1,1
2,2162,4,4,password,password,1,1
2,2163,3,3,normal,normal,0,0
2,2164,3,3,normal,normal,0,0
2,2165,4,4,password,password,1,1
2,2166,2,2,injection,injection,1,1
2,2167,3,3,normal,normal,0,0
2,2168,4,4,password,password,1,1
2,2169,3,3,normal,normal,0,0
2,2170,3,3,normal,normal,0,0
2,2171,4,4,password,password,1,1
2,2172,2,2,injection,injection,1,1
2,2173,4,4,password,password,1,1
2,2174,3,3,normal,normal,0,0
2,2175,3,3,normal,normal,0,0
2,2176,3,3,normal,normal,0,0
2,2177,0,0,backdoor,backdoor,1,1
2,2178,0,0,backdoor,backdoor,1,1
2,2179,2,2,injection,injection,1,1
2,2180,2,2,injection,injection,1,1
2,2181,0,0,backdoor,backdoor,1,1
2,2182,3,3,normal,normal,0,0
2,2183,3,3,normal,normal,0,0
2,2184,4,4,password,password,1,1
2,2185,3,3,normal,normal,0,0
2,2186,2,2,injection,injection,1,1
2,2187,0,0,backdoor,backdoor,1,1
2,2188,4,4,password,password,1,1
2,2189,4,4,password,password,1,1
2,2190,3,3,normal,normal,0,0
2,2191,3,3,normal,normal,0,0
2,2192,0,0,backdoor,backdoor,1,1
2,2193,4,4,password,password,1,1
2,2194,2,2,injection,injection,1,1
2,2195,0,0,backdoor,backdoor,1,1
2,2196,2,2,injection,injection,1,1
2,2197,4,4,password,password,1,1
2,2198,4,4,password,password,1,1
2,2199,3,3,normal,normal,0,0
2,2200,0,0,backdoor,backdoor,1,1
2,2201,3,3,normal,normal,0,0
2,2202,3,3,normal,normal,0,0
2,2203,0,0,backdoor,backdoor,1,1
2,2204,3,3,normal,normal,0,0
2,2205,4,4,password,password,1,1
2,2206,3,3,normal,normal,0,0
2,2207,3,3,normal,normal,0,0
2,2208,3,3,normal,normal,0,0
2,2209,3,3,normal,normal,0,0
2,2210,3,3,normal,normal,0,0
2,2211,3,3,normal,normal,0,0
2,2212,0,0,backdoor,backdoor,1,1
2,2213,3,3,normal,normal,0,0
2,2214,3,3,normal,normal,0,0
2,2215,3,3,normal,normal,0,0
2,2216,0,2,backdoor,injection,1,1
2,2217,0,2,backdoor,injection,1,1
2,2218,0,0,backdoor,backdoor,1,1
2,2219,4,4,password,password,1,1
2,2220,2,2,injection,injection,1,1
2,2221,4,4,password,password,1,1
2,2222,0,0,backdoor,backdoor,1,1
2,2223,3,3,normal,normal,0,0
2,2224,4,4,password,password,1,1
2,2225,2,2,injection,injection,1,1
2,2226,4,4,password,password,1,1
2,2227,3,3,normal,normal,0,0
2,2228,3,3,normal,normal,0,0
2,2229,4,4,password,password,1,1
2,2230,0,0,backdoor,backdoor,1,1
2,2231,3,3,normal,normal,0,0
2,2232,2,2,injection,injection,1,1
2,2233,0,0,backdoor,backdoor,1,1
2,2234,2,2,injection,injection,1,1
2,2235,0,0,backdoor,backdoor,1,1
2,2236,0,0,backdoor,backdoor,1,1
2,2237,2,2,injection,injection,1,1
2,2238,0,2,backdoor,injection,1,1
2,2239,2,2,injection,injection,1,1
2,2240,2,2,injection,injection,1,1
2,2241,3,3,normal,normal,0,0
2,2242,3,3,normal,normal,0,0
2,2243,0,0,backdoor,backdoor,1,1
2,2244,4,4,password,password,1,1
2,2245,3,3,normal,normal,0,0
2,2246,3,3,normal,normal,0,0
2,2247,3,3,normal,normal,0,0
2,2248,3,3,normal,normal,0,0
2,2249,3,3,normal,normal,0,0
2,2250,3,3,normal,normal,0,0
2,2251,4,4,password,password,1,1
2,2252,4,4,password,password,1,1
2,2253,3,3,normal,normal,0,0
2,2254,2,2,injection,injection,1,1
2,2255,4,4,password,password,1,1
2,2256,3,3,normal,normal,0,0
2,2257,3,3,normal,normal,0,0
2,2258,3,3,normal,normal,0,0
2,2259,2,2,injection,injection,1,1
2,2260,2,2,injection,injection,1,1
2,2261,3,3,normal,normal,0,0
2,2262,2,2,injection,injection,1,1
2,2263,3,3,normal,normal,0,0
2,2264,3,3,normal,normal,0,0
2,2265,0,0,backdoor,backdoor,1,1
2,2266,2,2,injection,injection,1,1
2,2267,3,3,normal,normal,0,0
2,2268,3,3,normal,normal,0,0
2,2269,0,0,backdoor,backdoor,1,1
2,2270,2,2,injection,injection,1,1
2,2271,0,0,backdoor,backdoor,1,1
2,2272,2,2,injection,injection,1,1
2,2273,0,2,backdoor,injection,1,1
2,2274,2,2,injection,injection,1,1
2,2275,2,2,injection,injection,1,1
2,2276,2,2,injection,injection,1,1
2,2277,0,0,backdoor,backdoor,1,1
2,2278,3,3,normal,normal,0,0
2,2279,3,3,normal,normal,0,0
2,2280,4,4,password,password,1,1
2,2281,2,2,injection,injection,1,1
2,2282,2,2,injection,injection,1,1
2,2283,3,3,normal,normal,0,0
2,2284,4,4,password,password,1,1
2,2285,3,3,normal,normal,0,0
2,2286,4,4,password,password,1,1
2,2287,3,3,normal,normal,0,0
2,2288,3,3,normal,normal,0,0
2,2289,0,2,backdoor,injection,1,1
2,2290,4,4,password,password,1,1
2,2291,3,3,normal,normal,0,0
2,2292,3,3,normal,normal,0,0
2,2293,3,3,normal,normal,0,0
2,2294,4,4,password,password,1,1
2,2295,3,3,normal,normal,0,0
2,2296,4,4,password,password,1,1
2,2297,3,3,normal,normal,0,0
2,2298,3,3,normal,normal,0,0
2,2299,3,3,normal,normal,0,0
2,2300,2,2,injection,injection,1,1
2,2301,0,0,backdoor,backdoor,1,1
2,2302,4,4,password,password,1,1
2,2303,3,3,normal,normal,0,0
2,2304,2,2,injection,injection,1,1
2,2305,4,4,password,password,1,1
2,2306,0,0,backdoor,backdoor,1,1
2,2307,3,3,normal,normal,0,0
2,2308,0,0,backdoor,backdoor,1,1
2,2309,0,0,backdoor,backdoor,1,1
2,2310,0,0,backdoor,backdoor,1,1
2,2311,3,3,normal,normal,0,0
2,2312,3,3,normal,normal,0,0
2,2313,3,3,normal,normal,0,0
2,2314,3,3,normal,normal,0,0
2,2315,3,3,normal,normal,0,0
2,2316,3,3,normal,normal,0,0
2,2317,3,3,normal,normal,0,0
2,2318,0,0,backdoor,backdoor,1,1
2,2319,3,3,normal,normal,0,0
2,2320,4,4,password,password,1,1
2,2321,3,3,normal,normal,0,0
2,2322,3,3,normal,normal,0,0
2,2323,2,2,injection,injection,1,1
2,2324,3,3,normal,normal,0,0
2,2325,3,3,normal,normal,0,0
2,2326,2,2,injection,injection,1,1
2,2327,3,3,normal,normal,0,0
2,2328,3,3,normal,normal,0,0
2,2329,0,0,backdoor,backdoor,1,1
2,2330,3,3,normal,normal,0,0
2,2331,2,2,injection,injection,1,1
2,2332,3,3,normal,normal,0,0
2,2333,3,3,normal,normal,0,0
2,2334,3,3,normal,normal,0,0
2,2335,3,3,normal,normal,0,0
2,2336,4,4,password,password,1,1
2,2337,3,3,normal,normal,0,0
2,2338,3,3,normal,normal,0,0
2,2339,3,3,normal,normal,0,0
2,2340,0,0,backdoor,backdoor,1,1
2,2341,3,3,normal,normal,0,0
2,2342,3,3,normal,normal,0,0
2,2343,4,4,password,password,1,1
2,2344,3,3,normal,normal,0,0
2,2345,0,0,backdoor,backdoor,1,1
2,2346,3,3,normal,normal,0,0
2,2347,3,3,normal,normal,0,0
2,2348,4,4,password,password,1,1
2,2349,3,3,normal,normal,0,0
2,2350,3,3,normal,normal,0,0
2,2351,3,3,normal,normal,0,0
2,2352,4,4,password,password,1,1
2,2353,0,0,backdoor,backdoor,1,1
2,2354,3,3,normal,normal,0,0
2,2355,0,2,backdoor,injection,1,1
2,2356,3,3,normal,normal,0,0
2,2357,3,3,normal,normal,0,0
2,2358,0,0,backdoor,backdoor,1,1
2,2359,0,0,backdoor,backdoor,1,1
2,2360,2,2,injection,injection,1,1
2,2361,4,4,password,password,1,1
2,2362,4,4,password,password,1,1
2,2363,3,3,normal,normal,0,0
2,2364,3,3,normal,normal,0,0
2,2365,3,3,normal,normal,0,0
2,2366,3,3,normal,normal,0,0
2,2367,4,4,password,password,1,1
2,2368,3,3,normal,normal,0,0
2,2369,2,2,injection,injection,1,1
2,2370,2,2,injection,injection,1,1
2,2371,4,4,password,password,1,1
2,2372,3,3,normal,normal,0,0
2,2373,2,2,injection,injection,1,1
2,2374,3,3,normal,normal,0,0
2,2375,3,3,normal,normal,0,0
2,2376,0,0,backdoor,backdoor,1,1
2,2377,4,4,password,password,1,1
2,2378,3,3,normal,normal,0,0
2,2379,3,3,normal,normal,0,0
2,2380,2,2,injection,injection,1,1
2,2381,3,3,normal,normal,0,0
2,2382,0,0,backdoor,backdoor,1,1
2,2383,3,3,normal,normal,0,0
2,2384,0,0,backdoor,backdoor,1,1
2,2385,4,4,password,password,1,1
2,2386,3,3,normal,normal,0,0
2,2387,0,0,backdoor,backdoor,1,1
2,2388,3,3,normal,normal,0,0
2,2389,3,3,normal,normal,0,0
2,2390,4,4,password,password,1,1
2,2391,4,4,password,password,1,1
2,2392,2,2,injection,injection,1,1
2,2393,0,2,backdoor,injection,1,1
2,2394,3,3,normal,normal,0,0
2,2395,2,2,injection,injection,1,1
2,2396,3,3,normal,normal,0,0
2,2397,2,2,injection,injection,1,1
2,2398,3,3,normal,normal,0,0
2,2399,2,2,injection,injection,1,1
2,2400,3,3,normal,normal,0,0
2,2401,3,3,normal,normal,0,0
2,2402,4,4,password,password,1,1
2,2403,3,3,normal,normal,0,0
2,2404,3,3,normal,normal,0,0
2,2405,3,3,normal,normal,0,0
2,2406,0,2,backdoor,injection,1,1
2,2407,3,3,normal,normal,0,0
2,2408,3,3,normal,normal,0,0
2,2409,3,3,normal,normal,0,0
2,2410,2,2,injection,injection,1,1
2,2411,3,3,normal,normal,0,0
2,2412,0,0,backdoor,backdoor,1,1
2,2413,2,2,injection,injection,1,1
2,2414,4,4,password,password,1,1
2,2415,3,3,normal,normal,0,0
2,2416,3,3,normal,normal,0,0
2,2417,3,3,normal,normal,0,0
2,2418,4,4,password,password,1,1
2,2419,3,3,normal,normal,0,0
2,2420,0,2,backdoor,injection,1,1
2,2421,4,4,password,password,1,1
2,2422,0,2,backdoor,injection,1,1
2,2423,3,3,normal,normal,0,0
2,2424,3,3,normal,normal,0,0
2,2425,2,2,injection,injection,1,1
2,2426,3,3,normal,normal,0,0
2,2427,0,0,backdoor,backdoor,1,1
2,2428,0,0,backdoor,backdoor,1,1
2,2429,3,3,normal,normal,0,0
2,2430,4,4,password,password,1,1
2,2431,0,0,backdoor,backdoor,1,1
2,2432,3,3,normal,normal,0,0
2,2433,0,0,backdoor,backdoor,1,1
2,2434,2,2,injection,injection,1,1
2,2435,2,2,injection,injection,1,1
2,2436,3,3,normal,normal,0,0
2,2437,3,3,normal,normal,0,0
2,2438,3,3,normal,normal,0,0
2,2439,0,0,backdoor,backdoor,1,1
2,2440,4,4,password,password,1,1
2,2441,3,3,normal,normal,0,0
2,2442,2,2,injection,injection,1,1
2,2443,3,3,normal,normal,0,0
2,2444,4,4,password,password,1,1
2,2445,3,3,normal,normal,0,0
2,2446,4,4,password,password,1,1
2,2447,3,3,normal,normal,0,0
2,2448,2,2,injection,injection,1,1
2,2449,0,0,backdoor,backdoor,1,1
2,2450,0,0,backdoor,backdoor,1,1
2,2451,2,2,injection,injection,1,1
2,2452,4,4,password,password,1,1
2,2453,3,3,normal,normal,0,0
2,2454,0,0,backdoor,backdoor,1,1
2,2455,3,3,normal,normal,0,0
2,2456,3,3,normal,normal,0,0
2,2457,3,3,normal,normal,0,0
2,2458,2,2,injection,injection,1,1
2,2459,4,4,password,password,1,1
2,2460,2,2,injection,injection,1,1
2,2461,3,3,normal,normal,0,0
2,2462,3,3,normal,normal,0,0
2,2463,3,3,normal,normal,0,0
2,2464,3,3,normal,normal,0,0
2,2465,0,0,backdoor,backdoor,1,1
2,2466,4,4,password,password,1,1
2,2467,3,3,normal,normal,0,0
2,2468,3,3,normal,normal,0,0
2,2469,3,3,normal,normal,0,0
2,2470,4,4,password,password,1,1
2,2471,3,3,normal,normal,0,0
2,2472,4,4,password,password,1,1
2,2473,3,3,normal,normal,0,0
2,2474,3,3,normal,normal,0,0
2,2475,4,4,password,password,1,1
2,2476,0,2,backdoor,injection,1,1
2,2477,3,3,normal,normal,0,0
2,2478,2,2,injection,injection,1,1
2,2479,0,0,backdoor,backdoor,1,1
2,2480,2,2,injection,injection,1,1
2,2481,2,2,injection,injection,1,1
2,2482,3,3,normal,normal,0,0
2,2483,3,3,normal,normal,0,0
2,2484,3,3,normal,normal,0,0
2,2485,3,3,normal,normal,0,0
2,2486,0,2,backdoor,injection,1,1
2,2487,4,4,password,password,1,1
2,2488,3,3,normal,normal,0,0
2,2489,3,3,normal,normal,0,0
2,2490,0,0,backdoor,backdoor,1,1
2,2491,3,3,normal,normal,0,0
2,2492,2,2,injection,injection,1,1
2,2493,3,3,normal,normal,0,0
2,2494,4,4,password,password,1,1
2,2495,2,2,injection,injection,1,1
2,2496,3,3,normal,normal,0,0
2,2497,3,3,normal,normal,0,0
2,2498,3,3,normal,normal,0,0
2,2499,3,3,normal,normal,0,0
2,2500,3,3,normal,normal,0,0
2,2501,3,3,normal,normal,0,0
2,2502,3,3,normal,normal,0,0
2,2503,3,3,normal,normal,0,0
2,2504,3,3,normal,normal,0,0
2,2505,3,3,normal,normal,0,0
2,2506,3,3,normal,normal,0,0
2,2507,3,3,normal,normal,0,0
2,2508,4,4,password,password,1,1
2,2509,4,4,password,password,1,1
2,2510,3,3,normal,normal,0,0
2,2511,4,4,password,password,1,1
2,2512,0,2,backdoor,injection,1,1
2,2513,3,3,normal,normal,0,0
2,2514,3,3,normal,normal,0,0
2,2515,2,2,injection,injection,1,1
2,2516,3,3,normal,normal,0,0
2,2517,0,0,backdoor,backdoor,1,1
2,2518,3,3,normal,normal,0,0
2,2519,2,2,injection,injection,1,1
2,2520,3,3,normal,normal,0,0
2,2521,0,0,backdoor,backdoor,1,1
2,2522,0,0,backdoor,backdoor,1,1
2,2523,4,4,password,password,1,1
2,2524,3,3,normal,normal,0,0
2,2525,2,2,injection,injection,1,1
2,2526,0,2,backdoor,injection,1,1
2,2527,3,3,normal,normal,0,0
2,2528,3,3,normal,normal,0,0
2,2529,2,2,injection,injection,1,1
2,2530,3,3,normal,normal,0,0
2,2531,3,3,normal,normal,0,0
2,2532,3,3,normal,normal,0,0
2,2533,0,0,backdoor,backdoor,1,1
2,2534,0,0,backdoor,backdoor,1,1
2,2535,0,0,backdoor,backdoor,1,1
2,2536,2,2,injection,injection,1,1
2,2537,0,0,backdoor,backdoor,1,1
2,2538,2,2,injection,injection,1,1
2,2539,3,3,normal,normal,0,0
2,2540,4,4,password,password,1,1
2,2541,4,4,password,password,1,1
2,2542,3,3,normal,normal,0,0
2,2543,2,2,injection,injection,1,1
2,2544,0,0,backdoor,backdoor,1,1
2,2545,3,3,normal,normal,0,0
2,2546,0,0,backdoor,backdoor,1,1
2,2547,0,0,backdoor,backdoor,1,1
2,2548,4,4,password,password,1,1
2,2549,3,3,normal,normal,0,0
2,2550,0,0,backdoor,backdoor,1,1
2,2551,2,2,injection,injection,1,1
2,2552,3,3,normal,normal,0,0
2,2553,3,3,normal,normal,0,0
2,2554,3,3,normal,normal,0,0
2,2555,4,4,password,password,1,1
2,2556,3,3,normal,normal,0,0
2,2557,3,3,normal,normal,0,0
2,2558,3,3,normal,normal,0,0
2,2559,3,3,normal,normal,0,0
2,2560,3,3,normal,normal,0,0
2,2561,0,0,backdoor,backdoor,1,1
2,2562,3,3,normal,normal,0,0
2,2563,3,3,normal,normal,0,0
2,2564,0,0,backdoor,backdoor,1,1
2,2565,3,3,normal,normal,0,0
2,2566,4,4,password,password,1,1
2,2567,3,3,normal,normal,0,0
2,2568,0,0,backdoor,backdoor,1,1
2,2569,2,2,injection,injection,1,1
2,2570,0,0,backdoor,backdoor,1,1
2,2571,3,3,normal,normal,0,0
2,2572,3,3,normal,normal,0,0
2,2573,3,3,normal,normal,0,0
2,2574,2,2,injection,injection,1,1
2,2575,3,3,normal,normal,0,0
2,2576,2,2,injection,injection,1,1
2,2577,2,2,injection,injection,1,1
2,2578,2,2,injection,injection,1,1
2,2579,3,3,normal,normal,0,0
2,2580,3,3,normal,normal,0,0
2,2581,3,3,normal,normal,0,0
2,2582,0,2,backdoor,injection,1,1
2,2583,3,3,normal,normal,0,0
2,2584,4,4,password,password,1,1
2,2585,3,3,normal,normal,0,0
2,2586,3,3,normal,normal,0,0
2,2587,3,3,normal,normal,0,0
2,2588,4,4,password,password,1,1
2,2589,3,3,normal,normal,0,0
2,2590,3,3,normal,normal,0,0
2,2591,4,4,password,password,1,1
2,2592,3,3,normal,normal,0,0
2,2593,2,2,injection,injection,1,1
2,2594,3,3,normal,normal,0,0
2,2595,3,3,normal,normal,0,0
2,2596,2,2,injection,injection,1,1
2,2597,3,3,normal,normal,0,0
2,2598,3,3,normal,normal,0,0
2,2599,2,2,injection,injection,1,1
2,2600,0,0,backdoor,backdoor,1,1
2,2601,3,3,normal,normal,0,0
2,2602,2,2,injection,injection,1,1
2,2603,2,2,injection,injection,1,1
2,2604,0,0,backdoor,backdoor,1,1
2,2605,3,3,normal,normal,0,0
2,2606,0,0,backdoor,backdoor,1,1
2,2607,3,3,normal,normal,0,0
2,2608,4,4,password,password,1,1
2,2609,4,4,password,password,1,1
2,2610,2,2,injection,injection,1,1
2,2611,2,2,injection,injection,1,1
2,2612,4,4,password,password,1,1
2,2613,3,3,normal,normal,0,0
2,2614,3,3,normal,normal,0,0
2,2615,4,4,password,password,1,1
2,2616,2,2,injection,injection,1,1
2,2617,0,2,backdoor,injection,1,1
2,2618,3,3,normal,normal,0,0
2,2619,3,3,normal,normal,0,0
2,2620,2,0,injection,backdoor,1,1
2,2621,3,3,normal,normal,0,0
2,2622,3,3,normal,normal,0,0
2,2623,2,2,injection,injection,1,1
2,2624,4,4,password,password,1,1
2,2625,3,3,normal,normal,0,0
2,2626,3,3,normal,normal,0,0
2,2627,4,4,password,password,1,1
2,2628,2,2,injection,injection,1,1
2,2629,3,3,normal,normal,0,0
2,2630,3,3,normal,normal,0,0
2,2631,4,4,password,password,1,1
2,2632,3,3,normal,normal,0,0
2,2633,3,3,normal,normal,0,0
2,2634,3,3,normal,normal,0,0
2,2635,3,3,normal,normal,0,0
2,2636,4,4,password,password,1,1
2,2637,2,2,injection,injection,1,1
2,2638,3,3,normal,normal,0,0
2,2639,0,2,backdoor,injection,1,1
2,2640,4,4,password,password,1,1
2,2641,0,0,backdoor,backdoor,1,1
2,2642,0,0,backdoor,backdoor,1,1
2,2643,2,2,injection,injection,1,1
2,2644,3,3,normal,normal,0,0
2,2645,3,3,normal,normal,0,0
2,2646,4,4,password,password,1,1
2,2647,2,2,injection,injection,1,1
2,2648,4,4,password,password,1,1
2,2649,3,3,normal,normal,0,0
2,2650,4,4,password,password,1,1
2,2651,0,2,backdoor,injection,1,1
2,2652,2,2,injection,injection,1,1
2,2653,4,4,password,password,1,1
2,2654,3,3,normal,normal,0,0
2,2655,3,3,normal,normal,0,0
2,2656,3,3,normal,normal,0,0
2,2657,2,2,injection,injection,1,1
2,2658,3,3,normal,normal,0,0
2,2659,3,3,normal,normal,0,0
2,2660,2,2,injection,injection,1,1
2,2661,0,0,backdoor,backdoor,1,1
2,2662,0,2,backdoor,injection,1,1
2,2663,3,3,normal,normal,0,0
2,2664,3,3,normal,normal,0,0
2,2665,3,3,normal,normal,0,0
2,2666,3,3,normal,normal,0,0
2,2667,0,0,backdoor,backdoor,1,1
2,2668,3,3,normal,normal,0,0
2,2669,3,3,normal,normal,0,0
2,2670,3,3,normal,normal,0,0
2,2671,0,0,backdoor,backdoor,1,1
2,2672,2,2,injection,injection,1,1
2,2673,4,4,password,password,1,1
2,2674,0,2,backdoor,injection,1,1
2,2675,3,3,normal,normal,0,0
2,2676,3,3,normal,normal,0,0
2,2677,3,3,normal,normal,0,0
2,2678,2,2,injection,injection,1,1
2,2679,3,3,normal,normal,0,0
2,2680,4,4,password,password,1,1
2,2681,4,4,password,password,1,1
2,2682,3,3,normal,normal,0,0
2,2683,3,3,normal,normal,0,0
2,2684,4,4,password,password,1,1
2,2685,0,0,backdoor,backdoor,1,1
2,2686,0,0,backdoor,backdoor,1,1
2,2687,2,2,injection,injection,1,1
2,2688,0,2,backdoor,injection,1,1
2,2689,4,4,password,password,1,1
2,2690,3,3,normal,normal,0,0
2,2691,2,2,injection,injection,1,1
2,2692,4,4,password,password,1,1
2,2693,4,4,password,password,1,1
2,2694,4,4,password,password,1,1
2,2695,2,2,injection,injection,1,1
2,2696,4,4,password,password,1,1
2,2697,3,3,normal,normal,0,0
2,2698,0,0,backdoor,backdoor,1,1
2,2699,3,3,normal,normal,0,0
2,2700,2,2,injection,injection,1,1
2,2701,3,3,normal,normal,0,0
2,2702,3,3,normal,normal,0,0
2,2703,3,3,normal,normal,0,0
2,2704,4,4,password,password,1,1
2,2705,2,2,injection,injection,1,1
2,2706,0,0,backdoor,backdoor,1,1
2,2707,4,4,password,password,1,1
2,2708,2,2,injection,injection,1,1
2,2709,3,3,normal,normal,0,0
2,2710,2,2,injection,injection,1,1
2,2711,3,3,normal,normal,0,0
2,2712,3,3,normal,normal,0,0
2,2713,2,2,injection,injection,1,1
2,2714,3,3,normal,normal,0,0
2,2715,3,3,normal,normal,0,0
2,2716,3,3,normal,normal,0,0
2,2717,0,0,backdoor,backdoor,1,1
2,2718,0,0,backdoor,backdoor,1,1
2,2719,0,0,backdoor,backdoor,1,1
2,2720,0,0,backdoor,backdoor,1,1
2,2721,0,0,backdoor,backdoor,1,1
2,2722,4,4,password,password,1,1
2,2723,3,3,normal,normal,0,0
2,2724,3,3,normal,normal,0,0
2,2725,3,3,normal,normal,0,0
2,2726,3,3,normal,normal,0,0
2,2727,4,4,password,password,1,1
2,2728,4,4,password,password,1,1
2,2729,0,0,backdoor,backdoor,1,1
2,2730,4,4,password,password,1,1
2,2731,3,3,normal,normal,0,0
2,2732,4,4,password,password,1,1
2,2733,2,2,injection,injection,1,1
2,2734,4,4,password,password,1,1
2,2735,3,3,normal,normal,0,0
2,2736,3,3,normal,normal,0,0
2,2737,3,3,normal,normal,0,0
2,2738,3,3,normal,normal,0,0
2,2739,3,3,normal,normal,0,0
2,2740,4,4,password,password,1,1
2,2741,3,3,normal,normal,0,0
2,2742,0,2,backdoor,injection,1,1
2,2743,3,3,normal,normal,0,0
2,2744,0,0,backdoor,backdoor,1,1
2,2745,2,2,injection,injection,1,1
2,2746,0,0,backdoor,backdoor,1,1
2,2747,0,0,backdoor,backdoor,1,1
2,2748,4,4,password,password,1,1
2,2749,3,3,normal,normal,0,0
2,2750,4,4,password,password,1,1
2,2751,3,3,normal,normal,0,0
2,2752,2,2,injection,injection,1,1
2,2753,3,3,normal,normal,0,0
2,2754,3,3,normal,normal,0,0
2,2755,3,3,normal,normal,0,0
2,2756,4,4,password,password,1,1
2,2757,4,4,password,password,1,1
2,2758,3,3,normal,normal,0,0
2,2759,0,0,backdoor,backdoor,1,1
2,2760,4,4,password,password,1,1
2,2761,3,3,normal,normal,0,0
2,2762,3,3,normal,normal,0,0
2,2763,0,0,backdoor,backdoor,1,1
2,2764,3,3,normal,normal,0,0
2,2765,3,3,normal,normal,0,0
2,2766,2,2,injection,injection,1,1
2,2767,3,3,normal,normal,0,0
2,2768,3,3,normal,normal,0,0
2,2769,3,3,normal,normal,0,0
2,2770,0,0,backdoor,backdoor,1,1
2,2771,3,3,normal,normal,0,0
2,2772,3,3,normal,normal,0,0
2,2773,3,3,normal,normal,0,0
2,2774,3,3,normal,normal,0,0
2,2775,3,3,normal,normal,0,0
2,2776,4,4,password,password,1,1
2,2777,3,3,normal,normal,0,0
2,2778,3,3,normal,normal,0,0
2,2779,3,3,normal,normal,0,0
2,2780,3,3,normal,normal,0,0
2,2781,4,4,password,password,1,1
2,2782,2,2,injection,injection,1,1
2,2783,3,3,normal,normal,0,0
2,2784,2,2,injection,injection,1,1
2,2785,4,4,password,password,1,1
2,2786,4,4,password,password,1,1
2,2787,3,3,normal,normal,0,0
2,2788,3,3,normal,normal,0,0
2,2789,0,0,backdoor,backdoor,1,1
2,2790,3,3,normal,normal,0,0
2,2791,0,0,backdoor,backdoor,1,1
2,2792,3,3,normal,normal,0,0
2,2793,3,3,normal,normal,0,0
2,2794,4,4,password,password,1,1
2,2795,3,3,normal,normal,0,0
2,2796,3,3,normal,normal,0,0
2,2797,2,2,injection,injection,1,1
2,2798,2,2,injection,injection,1,1
2,2799,0,2,backdoor,injection,1,1
2,2800,3,3,normal,normal,0,0
2,2801,3,3,normal,normal,0,0
2,2802,0,0,backdoor,backdoor,1,1
2,2803,3,3,normal,normal,0,0
2,2804,3,3,normal,normal,0,0
2,2805,3,3,normal,normal,0,0
2,2806,0,0,backdoor,backdoor,1,1
2,2807,3,3,normal,normal,0,0
2,2808,2,2,injection,injection,1,1
2,2809,3,3,normal,normal,0,0
2,2810,3,3,normal,normal,0,0
2,2811,3,3,normal,normal,0,0
2,2812,0,0,backdoor,backdoor,1,1
2,2813,0,0,backdoor,backdoor,1,1
2,2814,3,3,normal,normal,0,0
2,2815,4,4,password,password,1,1
2,2816,3,3,normal,normal,0,0
2,2817,3,3,normal,normal,0,0
2,2818,2,2,injection,injection,1,1
2,2819,2,2,injection,injection,1,1
2,2820,3,3,normal,normal,0,0
2,2821,4,4,password,password,1,1
2,2822,3,3,normal,normal,0,0
2,2823,3,3,normal,normal,0,0
2,2824,2,2,injection,injection,1,1
2,2825,4,4,password,password,1,1
2,2826,0,0,backdoor,backdoor,1,1
2,2827,2,2,injection,injection,1,1
2,2828,3,3,normal,normal,0,0
2,2829,3,3,normal,normal,0,0
2,2830,4,4,password,password,1,1
2,2831,3,3,normal,normal,0,0
2,2832,3,3,normal,normal,0,0
2,2833,3,3,normal,normal,0,0
2,2834,0,0,backdoor,backdoor,1,1
2,2835,2,2,injection,injection,1,1
2,2836,2,2,injection,injection,1,1
2,2837,3,3,normal,normal,0,0
2,2838,3,3,normal,normal,0,0
2,2839,4,4,password,password,1,1
2,2840,3,3,normal,normal,0,0
2,2841,0,0,backdoor,backdoor,1,1
2,2842,3,3,normal,normal,0,0
2,2843,0,0,backdoor,backdoor,1,1
2,2844,2,2,injection,injection,1,1
2,2845,3,3,normal,normal,0,0
2,2846,4,4,password,password,1,1
2,2847,0,0,backdoor,backdoor,1,1
2,2848,3,3,normal,normal,0,0
2,2849,3,3,normal,normal,0,0
2,2850,3,3,normal,normal,0,0
2,2851,3,3,normal,normal,0,0
2,2852,2,2,injection,injection,1,1
2,2853,3,3,normal,normal,0,0
2,2854,3,3,normal,normal,0,0
2,2855,0,0,backdoor,backdoor,1,1
2,2856,4,4,password,password,1,1
2,2857,3,3,normal,normal,0,0
2,2858,4,4,password,password,1,1
2,2859,2,2,injection,injection,1,1
2,2860,4,4,password,password,1,1
2,2861,3,3,normal,normal,0,0
2,2862,3,3,normal,normal,0,0
2,2863,2,2,injection,injection,1,1
2,2864,3,3,normal,normal,0,0
2,2865,3,3,normal,normal,0,0
2,2866,2,2,injection,injection,1,1
2,2867,3,3,normal,normal,0,0
2,2868,3,3,normal,normal,0,0
2,2869,0,0,backdoor,backdoor,1,1
2,2870,3,3,normal,normal,0,0
2,2871,3,3,normal,normal,0,0
2,2872,3,3,normal,normal,0,0
2,2873,3,3,normal,normal,0,0
2,2874,3,3,normal,normal,0,0
2,2875,0,2,backdoor,injection,1,1
2,2876,3,3,normal,normal,0,0
2,2877,3,3,normal,normal,0,0
2,2878,0,0,backdoor,backdoor,1,1
2,2879,3,3,normal,normal,0,0
2,2880,0,0,backdoor,backdoor,1,1
2,2881,0,0,backdoor,backdoor,1,1
2,2882,2,2,injection,injection,1,1
2,2883,2,2,injection,injection,1,1
2,2884,3,3,normal,normal,0,0
2,2885,4,4,password,password,1,1
2,2886,3,3,normal,normal,0,0
2,2887,3,3,normal,normal,0,0
2,2888,3,3,normal,normal,0,0
2,2889,4,4,password,password,1,1
2,2890,4,4,password,password,1,1
2,2891,2,2,injection,injection,1,1
2,2892,0,0,backdoor,backdoor,1,1
2,2893,3,3,normal,normal,0,0
2,2894,2,2,injection,injection,1,1
2,2895,4,4,password,password,1,1
2,2896,2,2,injection,injection,1,1
2,2897,2,2,injection,injection,1,1
2,2898,0,0,backdoor,backdoor,1,1
2,2899,0,0,backdoor,backdoor,1,1
2,2900,3,3,normal,normal,0,0
2,2901,3,3,normal,normal,0,0
2,2902,3,3,normal,normal,0,0
2,2903,3,3,normal,normal,0,0
2,2904,0,0,backdoor,backdoor,1,1
2,2905,0,0,backdoor,backdoor,1,1
2,2906,0,2,backdoor,injection,1,1
2,2907,2,2,injection,injection,1,1
2,2908,3,3,normal,normal,0,0
2,2909,2,2,injection,injection,1,1
2,2910,3,3,normal,normal,0,0
2,2911,2,2,injection,injection,1,1
2,2912,3,3,normal,normal,0,0
2,2913,4,4,password,password,1,1
2,2914,3,3,normal,normal,0,0
2,2915,4,4,password,password,1,1
2,2916,4,4,password,password,1,1
2,2917,3,3,normal,normal,0,0
2,2918,3,3,normal,normal,0,0
2,2919,3,3,normal,normal,0,0
2,2920,4,4,password,password,1,1
2,2921,3,3,normal,normal,0,0
2,2922,3,3,normal,normal,0,0
2,2923,2,2,injection,injection,1,1
2,2924,0,0,backdoor,backdoor,1,1
2,2925,4,4,password,password,1,1
2,2926,4,4,password,password,1,1
2,2927,3,3,normal,normal,0,0
2,2928,0,0,backdoor,backdoor,1,1
2,2929,3,3,normal,normal,0,0
2,2930,2,2,injection,injection,1,1
2,2931,3,3,normal,normal,0,0
2,2932,0,2,backdoor,injection,1,1
2,2933,4,4,password,password,1,1
2,2934,0,0,backdoor,backdoor,1,1
2,2935,3,3,normal,normal,0,0
2,2936,2,2,injection,injection,1,1
2,2937,2,2,injection,injection,1,1
2,2938,3,3,normal,normal,0,0
2,2939,0,0,backdoor,backdoor,1,1
2,2940,3,3,normal,normal,0,0
2,2941,0,0,backdoor,backdoor,1,1
2,2942,0,0,backdoor,backdoor,1,1
2,2943,3,3,normal,normal,0,0
2,2944,2,2,injection,injection,1,1
2,2945,4,4,password,password,1,1
2,2946,3,3,normal,normal,0,0
2,2947,3,3,normal,normal,0,0
2,2948,3,3,normal,normal,0,0
2,2949,3,3,normal,normal,0,0
2,2950,4,4,password,password,1,1
2,2951,2,2,injection,injection,1,1
2,2952,0,0,backdoor,backdoor,1,1
2,2953,4,4,password,password,1,1
2,2954,0,0,backdoor,backdoor,1,1
2,2955,3,3,normal,normal,0,0
2,2956,0,0,backdoor,backdoor,1,1
2,2957,0,2,backdoor,injection,1,1
2,2958,3,3,normal,normal,0,0
2,2959,3,3,normal,normal,0,0
2,2960,0,0,backdoor,backdoor,1,1
2,2961,3,3,normal,normal,0,0
2,2962,4,4,password,password,1,1
2,2963,2,2,injection,injection,1,1
2,2964,3,3,normal,normal,0,0
2,2965,2,0,injection,backdoor,1,1
2,2966,3,3,normal,normal,0,0
2,2967,0,0,backdoor,backdoor,1,1
2,2968,2,2,injection,injection,1,1
2,2969,3,3,normal,normal,0,0
2,2970,3,3,normal,normal,0,0
2,2971,3,3,normal,normal,0,0
2,2972,4,4,password,password,1,1
2,2973,3,3,normal,normal,0,0
2,2974,3,3,normal,normal,0,0
2,2975,0,0,backdoor,backdoor,1,1
2,2976,3,3,normal,normal,0,0
2,2977,2,2,injection,injection,1,1
2,2978,2,2,injection,injection,1,1
2,2979,0,2,backdoor,injection,1,1
2,2980,3,3,normal,normal,0,0
2,2981,2,2,injection,injection,1,1
2,2982,2,2,injection,injection,1,1
2,2983,3,3,normal,normal,0,0
2,2984,3,3,normal,normal,0,0
2,2985,0,0,backdoor,backdoor,1,1
2,2986,0,0,backdoor,backdoor,1,1
2,2987,3,3,normal,normal,0,0
2,2988,3,3,normal,normal,0,0
2,2989,2,0,injection,backdoor,1,1
2,2990,3,3,normal,normal,0,0
2,2991,3,3,normal,normal,0,0
2,2992,0,2,backdoor,injection,1,1
2,2993,4,4,password,password,1,1
2,2994,3,3,normal,normal,0,0
2,2995,2,2,injection,injection,1,1
2,2996,3,3,normal,normal,0,0
2,2997,3,3,normal,normal,0,0
2,2998,4,4,password,password,1,1
2,2999,4,4,password,password,1,1
2,3000,3,3,normal,normal,0,0
2,3001,3,3,normal,normal,0,0
2,3002,3,3,normal,normal,0,0
2,3003,3,3,normal,normal,0,0
2,3004,3,3,normal,normal,0,0
2,3005,3,3,normal,normal,0,0
2,3006,3,3,normal,normal,0,0
2,3007,0,0,backdoor,backdoor,1,1
2,3008,3,3,normal,normal,0,0
2,3009,2,2,injection,injection,1,1
2,3010,3,3,normal,normal,0,0
2,3011,2,2,injection,injection,1,1
2,3012,3,3,normal,normal,0,0
2,3013,3,3,normal,normal,0,0
2,3014,0,0,backdoor,backdoor,1,1
2,3015,3,3,normal,normal,0,0
2,3016,3,3,normal,normal,0,0
2,3017,3,3,normal,normal,0,0
2,3018,3,3,normal,normal,0,0
2,3019,2,2,injection,injection,1,1
2,3020,3,3,normal,normal,0,0
2,3021,3,3,normal,normal,0,0
2,3022,3,3,normal,normal,0,0
2,3023,3,3,normal,normal,0,0
2,3024,0,0,backdoor,backdoor,1,1
2,3025,0,0,backdoor,backdoor,1,1
2,3026,3,3,normal,normal,0,0
2,3027,2,2,injection,injection,1,1
2,3028,2,2,injection,injection,1,1
2,3029,3,3,normal,normal,0,0
2,3030,3,3,normal,normal,0,0
2,3031,2,2,injection,injection,1,1
2,3032,2,2,injection,injection,1,1
2,3033,3,3,normal,normal,0,0
2,3034,3,3,normal,normal,0,0
2,3035,2,2,injection,injection,1,1
2,3036,2,2,injection,injection,1,1
2,3037,4,4,password,password,1,1
2,3038,3,3,normal,normal,0,0
2,3039,0,0,backdoor,backdoor,1,1
2,3040,2,2,injection,injection,1,1
2,3041,3,3,normal,normal,0,0
2,3042,3,3,normal,normal,0,0
2,3043,3,3,normal,normal,0,0
2,3044,4,4,password,password,1,1
2,3045,3,3,normal,normal,0,0
2,3046,3,3,normal,normal,0,0
2,3047,4,4,password,password,1,1
2,3048,3,3,normal,normal,0,0
2,3049,3,3,normal,normal,0,0
2,3050,3,3,normal,normal,0,0
2,3051,4,4,password,password,1,1
2,3052,0,0,backdoor,backdoor,1,1
2,3053,2,2,injection,injection,1,1
2,3054,3,3,normal,normal,0,0
2,3055,0,0,backdoor,backdoor,1,1
2,3056,0,0,backdoor,backdoor,1,1
2,3057,3,3,normal,normal,0,0
2,3058,2,2,injection,injection,1,1
2,3059,3,3,normal,normal,0,0
2,3060,3,3,normal,normal,0,0
2,3061,4,4,password,password,1,1
2,3062,0,0,backdoor,backdoor,1,1
2,3063,4,4,password,password,1,1
2,3064,3,3,normal,normal,0,0
2,3065,3,3,normal,normal,0,0
2,3066,2,2,injection,injection,1,1
2,3067,3,3,normal,normal,0,0
2,3068,4,4,password,password,1,1
2,3069,4,4,password,password,1,1
2,3070,0,0,backdoor,backdoor,1,1
2,3071,3,3,normal,normal,0,0
2,3072,3,3,normal,normal,0,0
2,3073,3,3,normal,normal,0,0
2,3074,0,0,backdoor,backdoor,1,1
2,3075,0,0,backdoor,backdoor,1,1
2,3076,2,2,injection,injection,1,1
2,3077,4,4,password,password,1,1
2,3078,3,3,normal,normal,0,0
2,3079,3,3,normal,normal,0,0
2,3080,2,2,injection,injection,1,1
2,3081,0,0,backdoor,backdoor,1,1
2,3082,2,2,injection,injection,1,1
2,3083,3,3,normal,normal,0,0
2,3084,0,0,backdoor,backdoor,1,1
2,3085,0,2,backdoor,injection,1,1
2,3086,3,3,normal,normal,0,0
2,3087,3,3,normal,normal,0,0
2,3088,3,3,normal,normal,0,0
2,3089,3,3,normal,normal,0,0
2,3090,3,3,normal,normal,0,0
2,3091,3,3,normal,normal,0,0
2,3092,3,3,normal,normal,0,0
2,3093,4,4,password,password,1,1
2,3094,3,3,normal,normal,0,0
2,3095,2,2,injection,injection,1,1
2,3096,2,2,injection,injection,1,1
2,3097,4,4,password,password,1,1
2,3098,3,3,normal,normal,0,0
2,3099,2,2,injection,injection,1,1
2,3100,4,4,password,password,1,1
2,3101,2,2,injection,injection,1,1
2,3102,2,2,injection,injection,1,1
2,3103,3,3,normal,normal,0,0
2,3104,3,3,normal,normal,0,0
2,3105,3,3,normal,normal,0,0
2,3106,2,2,injection,injection,1,1
2,3107,0,0,backdoor,backdoor,1,1
2,3108,0,0,backdoor,backdoor,1,1
2,3109,4,4,password,password,1,1
2,3110,3,3,normal,normal,0,0
2,3111,2,2,injection,injection,1,1
2,3112,0,0,backdoor,backdoor,1,1
2,3113,3,3,normal,normal,0,0
2,3114,3,3,normal,normal,0,0
2,3115,2,2,injection,injection,1,1
2,3116,2,2,injection,injection,1,1
2,3117,2,2,injection,injection,1,1
2,3118,2,2,injection,injection,1,1
2,3119,4,4,password,password,1,1
2,3120,3,3,normal,normal,0,0
2,3121,2,2,injection,injection,1,1
2,3122,3,3,normal,normal,0,0
2,3123,4,4,password,password,1,1
2,3124,4,4,password,password,1,1
2,3125,3,3,normal,normal,0,0
2,3126,3,3,normal,normal,0,0
2,3127,4,4,password,password,1,1
2,3128,4,4,password,password,1,1
2,3129,2,2,injection,injection,1,1
2,3130,2,2,injection,injection,1,1
2,3131,3,3,normal,normal,0,0
2,3132,3,3,normal,normal,0,0
2,3133,3,3,normal,normal,0,0
2,3134,3,3,normal,normal,0,0
2,3135,3,3,normal,normal,0,0
2,3136,0,0,backdoor,backdoor,1,1
2,3137,4,4,password,password,1,1
2,3138,3,3,normal,normal,0,0
2,3139,3,3,normal,normal,0,0
2,3140,3,3,normal,normal,0,0
2,3141,0,0,backdoor,backdoor,1,1
2,3142,3,3,normal,normal,0,0
2,3143,0,0,backdoor,backdoor,1,1
2,3144,2,2,injection,injection,1,1
2,3145,0,0,backdoor,backdoor,1,1
2,3146,0,0,backdoor,backdoor,1,1
2,3147,3,3,normal,normal,0,0
2,3148,4,4,password,password,1,1
2,3149,4,4,password,password,1,1
2,3150,3,3,normal,normal,0,0
2,3151,3,3,normal,normal,0,0
2,3152,2,2,injection,injection,1,1
2,3153,3,3,normal,normal,0,0
2,3154,3,3,normal,normal,0,0
2,3155,3,3,normal,normal,0,0
2,3156,4,4,password,password,1,1
2,3157,3,3,normal,normal,0,0
2,3158,2,2,injection,injection,1,1
2,3159,3,3,normal,normal,0,0
2,3160,3,3,normal,normal,0,0
2,3161,3,3,normal,normal,0,0
2,3162,4,4,password,password,1,1
2,3163,2,2,injection,injection,1,1
2,3164,0,2,backdoor,injection,1,1
2,3165,3,3,normal,normal,0,0
2,3166,0,0,backdoor,backdoor,1,1
2,3167,3,3,normal,normal,0,0
2,3168,3,3,normal,normal,0,0
2,3169,2,2,injection,injection,1,1
2,3170,0,2,backdoor,injection,1,1
2,3171,3,3,normal,normal,0,0
2,3172,4,4,password,password,1,1
2,3173,2,2,injection,injection,1,1
2,3174,3,3,normal,normal,0,0
2,3175,0,0,backdoor,backdoor,1,1
2,3176,3,3,normal,normal,0,0
2,3177,3,3,normal,normal,0,0
2,3178,3,3,normal,normal,0,0
2,3179,0,2,backdoor,injection,1,1
2,3180,2,2,injection,injection,1,1
2,3181,0,0,backdoor,backdoor,1,1
2,3182,4,4,password,password,1,1
2,3183,3,3,normal,normal,0,0
2,3184,4,4,password,password,1,1
2,3185,4,4,password,password,1,1
2,3186,3,3,normal,normal,0,0
2,3187,0,0,backdoor,backdoor,1,1
2,3188,2,2,injection,injection,1,1
2,3189,3,3,normal,normal,0,0
2,3190,3,3,normal,normal,0,0
2,3191,0,0,backdoor,backdoor,1,1
2,3192,2,2,injection,injection,1,1
2,3193,3,3,normal,normal,0,0
2,3194,2,2,injection,injection,1,1
2,3195,2,2,injection,injection,1,1
2,3196,3,3,normal,normal,0,0
2,3197,0,0,backdoor,backdoor,1,1
2,3198,3,3,normal,normal,0,0
2,3199,0,0,backdoor,backdoor,1,1
2,3200,3,3,normal,normal,0,0
2,3201,4,4,password,password,1,1
2,3202,2,2,injection,injection,1,1
2,3203,0,0,backdoor,backdoor,1,1
2,3204,4,4,password,password,1,1
2,3205,0,2,backdoor,injection,1,1
2,3206,3,3,normal,normal,0,0
2,3207,3,3,normal,normal,0,0
2,3208,3,3,normal,normal,0,0
2,3209,4,4,password,password,1,1
2,3210,0,0,backdoor,backdoor,1,1
2,3211,4,4,password,password,1,1
2,3212,2,2,injection,injection,1,1
2,3213,3,3,normal,normal,0,0
2,3214,3,3,normal,normal,0,0
2,3215,3,3,normal,normal,0,0
2,3216,3,3,normal,normal,0,0
2,3217,0,0,backdoor,backdoor,1,1
2,3218,3,3,normal,normal,0,0
2,3219,3,3,normal,normal,0,0
2,3220,3,3,normal,normal,0,0
2,3221,3,3,normal,normal,0,0
2,3222,4,4,password,password,1,1
2,3223,3,3,normal,normal,0,0
2,3224,3,3,normal,normal,0,0
2,3225,2,2,injection,injection,1,1
2,3226,4,4,password,password,1,1
2,3227,0,0,backdoor,backdoor,1,1
2,3228,2,2,injection,injection,1,1
2,3229,3,3,normal,normal,0,0
2,3230,3,3,normal,normal,0,0
2,3231,3,3,normal,normal,0,0
2,3232,3,3,normal,normal,0,0
2,3233,3,3,normal,normal,0,0
2,3234,3,3,normal,normal,0,0
2,3235,2,2,injection,injection,1,1
2,3236,3,3,normal,normal,0,0
2,3237,0,0,backdoor,backdoor,1,1
2,3238,2,0,injection,backdoor,1,1
2,3239,3,3,normal,normal,0,0
2,3240,4,4,password,password,1,1
2,3241,4,4,password,password,1,1
2,3242,0,0,backdoor,backdoor,1,1
2,3243,3,3,normal,normal,0,0
2,3244,3,3,normal,normal,0,0
2,3245,0,0,backdoor,backdoor,1,1
2,3246,4,4,password,password,1,1
2,3247,3,3,normal,normal,0,0
2,3248,0,2,backdoor,injection,1,1
2,3249,4,4,password,password,1,1
2,3250,0,0,backdoor,backdoor,1,1
2,3251,4,4,password,password,1,1
2,3252,3,3,normal,normal,0,0
2,3253,3,3,normal,normal,0,0
2,3254,3,3,normal,normal,0,0
2,3255,4,4,password,password,1,1
2,3256,2,2,injection,injection,1,1
2,3257,3,3,normal,normal,0,0
2,3258,3,3,normal,normal,0,0
2,3259,3,3,normal,normal,0,0
2,3260,0,0,backdoor,backdoor,1,1
2,3261,3,3,normal,normal,0,0
2,3262,4,4,password,password,1,1
2,3263,3,3,normal,normal,0,0
2,3264,0,0,backdoor,backdoor,1,1
2,3265,2,2,injection,injection,1,1
2,3266,2,2,injection,injection,1,1
2,3267,3,3,normal,normal,0,0
2,3268,0,0,backdoor,backdoor,1,1
2,3269,3,3,normal,normal,0,0
2,3270,3,3,normal,normal,0,0
2,3271,0,0,backdoor,backdoor,1,1
2,3272,3,3,normal,normal,0,0
2,3273,2,2,injection,injection,1,1
2,3274,3,3,normal,normal,0,0
2,3275,2,2,injection,injection,1,1
2,3276,3,3,normal,normal,0,0
2,3277,2,2,injection,injection,1,1
2,3278,2,2,injection,injection,1,1
2,3279,3,3,normal,normal,0,0
2,3280,3,3,normal,normal,0,0
2,3281,2,2,injection,injection,1,1
2,3282,0,0,backdoor,backdoor,1,1
2,3283,3,3,normal,normal,0,0
2,3284,4,4,password,password,1,1
2,3285,3,3,normal,normal,0,0
2,3286,3,3,normal,normal,0,0
2,3287,4,4,password,password,1,1
2,3288,3,3,normal,normal,0,0
2,3289,3,3,normal,normal,0,0
2,3290,3,3,normal,normal,0,0
2,3291,3,3,normal,normal,0,0
2,3292,3,3,normal,normal,0,0
2,3293,3,3,normal,normal,0,0
2,3294,4,4,password,password,1,1
2,3295,0,2,backdoor,injection,1,1
2,3296,3,3,normal,normal,0,0
2,3297,4,4,password,password,1,1
2,3298,3,3,normal,normal,0,0
2,3299,2,2,injection,injection,1,1
2,3300,3,3,normal,normal,0,0
2,3301,2,2,injection,injection,1,1
2,3302,4,4,password,password,1,1
2,3303,3,3,normal,normal,0,0
2,3304,3,3,normal,normal,0,0
2,3305,3,3,normal,normal,0,0
2,3306,2,2,injection,injection,1,1
2,3307,3,3,normal,normal,0,0
2,3308,3,3,normal,normal,0,0
2,3309,3,3,normal,normal,0,0
2,3310,2,2,injection,injection,1,1
2,3311,3,3,normal,normal,0,0
2,3312,3,3,normal,normal,0,0
2,3313,4,4,password,password,1,1
2,3314,4,4,password,password,1,1
2,3315,3,3,normal,normal,0,0
2,3316,2,2,injection,injection,1,1
2,3317,0,0,backdoor,backdoor,1,1
2,3318,0,0,backdoor,backdoor,1,1
2,3319,4,4,password,password,1,1
2,3320,2,2,injection,injection,1,1
2,3321,3,3,normal,normal,0,0
2,3322,3,3,normal,normal,0,0
2,3323,3,3,normal,normal,0,0
2,3324,3,3,normal,normal,0,0
2,3325,3,3,normal,normal,0,0
2,3326,0,0,backdoor,backdoor,1,1
2,3327,3,3,normal,normal,0,0
2,3328,0,0,backdoor,backdoor,1,1
2,3329,3,3,normal,normal,0,0
2,3330,2,2,injection,injection,1,1
2,3331,4,4,password,password,1,1
2,3332,4,4,password,password,1,1
2,3333,3,3,normal,normal,0,0
2,3334,3,3,normal,normal,0,0
2,3335,4,4,password,password,1,1
2,3336,0,2,backdoor,injection,1,1
2,3337,2,2,injection,injection,1,1
2,3338,3,3,normal,normal,0,0
2,3339,4,4,password,password,1,1
2,3340,0,0,backdoor,backdoor,1,1
2,3341,3,3,normal,normal,0,0
2,3342,3,3,normal,normal,0,0
2,3343,3,3,normal,normal,0,0
2,3344,3,3,normal,normal,0,0
2,3345,2,2,injection,injection,1,1
2,3346,3,3,normal,normal,0,0
2,3347,3,3,normal,normal,0,0
2,3348,2,2,injection,injection,1,1
2,3349,2,2,injection,injection,1,1
2,3350,0,0,backdoor,backdoor,1,1
2,3351,2,2,injection,injection,1,1
2,3352,2,2,injection,injection,1,1
2,3353,2,2,injection,injection,1,1
2,3354,2,2,injection,injection,1,1
2,3355,3,3,normal,normal,0,0
2,3356,3,3,normal,normal,0,0
2,3357,2,2,injection,injection,1,1
2,3358,3,3,normal,normal,0,0
2,3359,3,3,normal,normal,0,0
2,3360,0,0,backdoor,backdoor,1,1
2,3361,3,3,normal,normal,0,0
2,3362,3,3,normal,normal,0,0
2,3363,4,4,password,password,1,1
2,3364,4,4,password,password,1,1
2,3365,3,3,normal,normal,0,0
2,3366,0,0,backdoor,backdoor,1,1
2,3367,3,3,normal,normal,0,0
2,3368,3,3,normal,normal,0,0
2,3369,3,3,normal,normal,0,0
2,3370,3,3,normal,normal,0,0
2,3371,3,3,normal,normal,0,0
2,3372,0,0,backdoor,backdoor,1,1
2,3373,4,4,password,password,1,1
2,3374,3,3,normal,normal,0,0
2,3375,3,3,normal,normal,0,0
2,3376,0,2,backdoor,injection,1,1
2,3377,2,2,injection,injection,1,1
2,3378,3,3,normal,normal,0,0
2,3379,2,2,injection,injection,1,1
2,3380,3,3,normal,normal,0,0
2,3381,4,4,password,password,1,1
2,3382,3,3,normal,normal,0,0
2,3383,2,2,injection,injection,1,1
2,3384,3,3,normal,normal,0,0
2,3385,3,3,normal,normal,0,0
2,3386,3,3,normal,normal,0,0
2,3387,3,3,normal,normal,0,0
2,3388,3,3,normal,normal,0,0
2,3389,3,3,normal,normal,0,0
2,3390,2,2,injection,injection,1,1
2,3391,3,3,normal,normal,0,0
2,3392,3,3,normal,normal,0,0
2,3393,3,3,normal,normal,0,0
2,3394,3,3,normal,normal,0,0
2,3395,3,3,normal,normal,0,0
2,3396,3,3,normal,normal,0,0
2,3397,0,0,backdoor,backdoor,1,1
2,3398,3,3,normal,normal,0,0
2,3399,4,4,password,password,1,1
2,3400,4,4,password,password,1,1
2,3401,2,2,injection,injection,1,1
2,3402,3,3,normal,normal,0,0
2,3403,0,0,backdoor,backdoor,1,1
2,3404,3,3,normal,normal,0,0
2,3405,4,4,password,password,1,1
2,3406,4,4,password,password,1,1
2,3407,3,3,normal,normal,0,0
2,3408,4,4,password,password,1,1
2,3409,0,0,backdoor,backdoor,1,1
2,3410,0,0,backdoor,backdoor,1,1
2,3411,3,3,normal,normal,0,0
2,3412,3,3,normal,normal,0,0
2,3413,3,3,normal,normal,0,0
2,3414,3,3,normal,normal,0,0
2,3415,3,3,normal,normal,0,0
2,3416,0,0,backdoor,backdoor,1,1
2,3417,3,3,normal,normal,0,0
2,3418,4,4,password,password,1,1
2,3419,3,3,normal,normal,0,0
2,3420,0,0,backdoor,backdoor,1,1
2,3421,4,4,password,password,1,1
2,3422,3,3,normal,normal,0,0
2,3423,0,2,backdoor,injection,1,1
2,3424,2,2,injection,injection,1,1
2,3425,0,2,backdoor,injection,1,1
2,3426,2,2,injection,injection,1,1
2,3427,0,2,backdoor,injection,1,1
2,3428,3,3,normal,normal,0,0
2,3429,3,3,normal,normal,0,0
2,3430,4,4,password,password,1,1
2,3431,3,3,normal,normal,0,0
2,3432,2,2,injection,injection,1,1
2,3433,3,3,normal,normal,0,0
2,3434,3,3,normal,normal,0,0
2,3435,4,4,password,password,1,1
2,3436,4,4,password,password,1,1
2,3437,4,4,password,password,1,1
2,3438,3,3,normal,normal,0,0
2,3439,3,3,normal,normal,0,0
2,3440,4,4,password,password,1,1
2,3441,2,2,injection,injection,1,1
2,3442,3,3,normal,normal,0,0
2,3443,3,3,normal,normal,0,0
2,3444,0,2,backdoor,injection,1,1
2,3445,3,3,normal,normal,0,0
2,3446,4,4,password,password,1,1
2,3447,2,2,injection,injection,1,1
2,3448,0,0,backdoor,backdoor,1,1
2,3449,3,3,normal,normal,0,0
2,3450,3,3,normal,normal,0,0
2,3451,2,2,injection,injection,1,1
2,3452,2,2,injection,injection,1,1
2,3453,3,3,normal,normal,0,0
2,3454,4,4,password,password,1,1
2,3455,3,3,normal,normal,0,0
2,3456,4,4,password,password,1,1
2,3457,2,2,injection,injection,1,1
2,3458,2,0,injection,backdoor,1,1
2,3459,4,4,password,password,1,1
2,3460,3,3,normal,normal,0,0
2,3461,2,2,injection,injection,1,1
2,3462,0,0,backdoor,backdoor,1,1
2,3463,3,3,normal,normal,0,0
2,3464,0,0,backdoor,backdoor,1,1
2,3465,3,3,normal,normal,0,0
2,3466,0,0,backdoor,backdoor,1,1
2,3467,3,3,normal,normal,0,0
2,3468,4,4,password,password,1,1
2,3469,2,2,injection,injection,1,1
2,3470,2,2,injection,injection,1,1
2,3471,3,3,normal,normal,0,0
2,3472,3,3,normal,normal,0,0
2,3473,3,3,normal,normal,0,0
2,3474,4,4,password,password,1,1
2,3475,3,3,normal,normal,0,0
2,3476,3,3,normal,normal,0,0
2,3477,0,0,backdoor,backdoor,1,1
2,3478,3,3,normal,normal,0,0
2,3479,3,3,normal,normal,0,0
2,3480,0,0,backdoor,backdoor,1,1
2,3481,3,3,normal,normal,0,0
2,3482,3,3,normal,normal,0,0
2,3483,0,0,backdoor,backdoor,1,1
2,3484,3,3,normal,normal,0,0
2,3485,3,3,normal,normal,0,0
2,3486,3,3,normal,normal,0,0
2,3487,3,3,normal,normal,0,0
2,3488,3,3,normal,normal,0,0
2,3489,0,0,backdoor,backdoor,1,1
2,3490,3,3,normal,normal,0,0
2,3491,2,2,injection,injection,1,1
2,3492,4,4,password,password,1,1
2,3493,3,3,normal,normal,0,0
2,3494,3,3,normal,normal,0,0
2,3495,0,3,backdoor,normal,1,0
2,3496,0,0,backdoor,backdoor,1,1
2,3497,3,3,normal,normal,0,0
2,3498,0,0,backdoor,backdoor,1,1
2,3499,3,3,normal,normal,0,0
2,3500,4,4,password,password,1,1
2,3501,2,2,injection,injection,1,1
2,3502,0,0,backdoor,backdoor,1,1
2,3503,0,2,backdoor,injection,1,1
2,3504,0,0,backdoor,backdoor,1,1
2,3505,2,2,injection,injection,1,1
2,3506,4,4,password,password,1,1
2,3507,4,4,password,password,1,1
2,3508,4,4,password,password,1,1
2,3509,3,3,normal,normal,0,0
2,3510,3,3,normal,normal,0,0
2,3511,3,3,normal,normal,0,0
2,3512,3,3,normal,normal,0,0
2,3513,2,2,injection,injection,1,1
2,3514,3,3,normal,normal,0,0
2,3515,0,0,backdoor,backdoor,1,1
2,3516,2,2,injection,injection,1,1
2,3517,3,3,normal,normal,0,0
2,3518,3,3,normal,normal,0,0
2,3519,3,3,normal,normal,0,0
2,3520,3,3,normal,normal,0,0
2,3521,3,3,normal,normal,0,0
2,3522,4,4,password,password,1,1
2,3523,3,3,normal,normal,0,0
2,3524,2,2,injection,injection,1,1
2,3525,2,2,injection,injection,1,1
2,3526,3,3,normal,normal,0,0
2,3527,4,4,password,password,1,1
2,3528,3,3,normal,normal,0,0
2,3529,3,3,normal,normal,0,0
2,3530,3,3,normal,normal,0,0
2,3531,2,2,injection,injection,1,1
2,3532,4,4,password,password,1,1
2,3533,3,3,normal,normal,0,0
2,3534,3,3,normal,normal,0,0
2,3535,4,4,password,password,1,1
2,3536,0,3,backdoor,normal,1,0
2,3537,3,3,normal,normal,0,0
2,3538,3,3,normal,normal,0,0
2,3539,4,4,password,password,1,1
2,3540,3,3,normal,normal,0,0
2,3541,3,3,normal,normal,0,0
2,3542,3,3,normal,normal,0,0
2,3543,3,3,normal,normal,0,0
2,3544,3,3,normal,normal,0,0
2,3545,3,3,normal,normal,0,0
2,3546,0,0,backdoor,backdoor,1,1
2,3547,0,2,backdoor,injection,1,1
2,3548,3,3,normal,normal,0,0
2,3549,2,2,injection,injection,1,1
2,3550,2,2,injection,injection,1,1
2,3551,0,0,backdoor,backdoor,1,1
2,3552,3,3,normal,normal,0,0
2,3553,3,3,normal,normal,0,0
2,3554,3,3,normal,normal,0,0
2,3555,4,4,password,password,1,1
2,3556,3,3,normal,normal,0,0
2,3557,4,4,password,password,1,1
2,3558,3,3,normal,normal,0,0
2,3559,3,3,normal,normal,0,0
2,3560,0,0,backdoor,backdoor,1,1
2,3561,3,3,normal,normal,0,0
2,3562,0,0,backdoor,backdoor,1,1
2,3563,3,3,normal,normal,0,0
2,3564,4,4,password,password,1,1
2,3565,4,4,password,password,1,1
2,3566,4,4,password,password,1,1
2,3567,3,3,normal,normal,0,0
2,3568,0,0,backdoor,backdoor,1,1
2,3569,2,2,injection,injection,1,1
2,3570,4,4,password,password,1,1
2,3571,4,4,password,password,1,1
2,3572,3,3,normal,normal,0,0
2,3573,3,3,normal,normal,0,0
2,3574,3,3,normal,normal,0,0
2,3575,3,3,normal,normal,0,0
2,3576,4,4,password,password,1,1
2,3577,3,3,normal,normal,0,0
2,3578,3,3,normal,normal,0,0
2,3579,2,2,injection,injection,1,1
2,3580,4,4,password,password,1,1
2,3581,3,3,normal,normal,0,0
2,3582,3,3,normal,normal,0,0
2,3583,3,3,normal,normal,0,0
2,3584,4,4,password,password,1,1
2,3585,3,3,normal,normal,0,0
2,3586,3,3,normal,normal,0,0
2,3587,3,3,normal,normal,0,0
2,3588,0,0,backdoor,backdoor,1,1
2,3589,0,0,backdoor,backdoor,1,1
2,3590,3,3,normal,normal,0,0
2,3591,3,3,normal,normal,0,0
2,3592,3,3,normal,normal,0,0
2,3593,3,3,normal,normal,0,0
2,3594,4,4,password,password,1,1
2,3595,2,2,injection,injection,1,1
2,3596,3,3,normal,normal,0,0
2,3597,3,3,normal,normal,0,0
2,3598,0,0,backdoor,backdoor,1,1
2,3599,4,4,password,password,1,1
2,3600,0,0,backdoor,backdoor,1,1
2,3601,2,2,injection,injection,1,1
2,3602,3,3,normal,normal,0,0
2,3603,0,0,backdoor,backdoor,1,1
2,3604,0,0,backdoor,backdoor,1,1
2,3605,3,3,normal,normal,0,0
2,3606,2,2,injection,injection,1,1
2,3607,3,3,normal,normal,0,0
2,3608,3,3,normal,normal,0,0
2,3609,3,3,normal,normal,0,0
2,3610,2,2,injection,injection,1,1
2,3611,3,3,normal,normal,0,0
2,3612,4,4,password,password,1,1
2,3613,2,2,injection,injection,1,1
2,3614,3,3,normal,normal,0,0
2,3615,2,2,injection,injection,1,1
2,3616,4,4,password,password,1,1
2,3617,4,4,password,password,1,1
2,3618,0,0,backdoor,backdoor,1,1
2,3619,4,4,password,password,1,1
2,3620,3,3,normal,normal,0,0
2,3621,4,4,password,password,1,1
2,3622,4,4,password,password,1,1
2,3623,3,3,normal,normal,0,0
2,3624,3,3,normal,normal,0,0
2,3625,3,3,normal,normal,0,0
2,3626,3,3,normal,normal,0,0
2,3627,2,2,injection,injection,1,1
2,3628,2,2,injection,injection,1,1
2,3629,2,2,injection,injection,1,1
2,3630,3,3,normal,normal,0,0
2,3631,4,4,password,password,1,1
2,3632,4,4,password,password,1,1
2,3633,3,3,normal,normal,0,0
2,3634,2,2,injection,injection,1,1
2,3635,4,4,password,password,1,1
2,3636,0,3,backdoor,normal,1,0
2,3637,3,3,normal,normal,0,0
2,3638,2,2,injection,injection,1,1
2,3639,3,3,normal,normal,0,0
2,3640,3,3,normal,normal,0,0
2,3641,3,3,normal,normal,0,0
2,3642,0,0,backdoor,backdoor,1,1
2,3643,3,3,normal,normal,0,0
2,3644,3,3,normal,normal,0,0
2,3645,2,2,injection,injection,1,1
2,3646,3,3,normal,normal,0,0
2,3647,2,2,injection,injection,1,1
2,3648,3,3,normal,normal,0,0
2,3649,4,4,password,password,1,1
2,3650,3,3,normal,normal,0,0
2,3651,3,3,normal,normal,0,0
2,3652,2,2,injection,injection,1,1
2,3653,3,3,normal,normal,0,0
2,3654,4,4,password,password,1,1
2,3655,3,3,normal,normal,0,0
2,3656,3,3,normal,normal,0,0
2,3657,2,2,injection,injection,1,1
2,3658,3,3,normal,normal,0,0
2,3659,0,0,backdoor,backdoor,1,1
2,3660,3,3,normal,normal,0,0
2,3661,0,0,backdoor,backdoor,1,1
2,3662,3,3,normal,normal,0,0
2,3663,3,3,normal,normal,0,0
2,3664,3,3,normal,normal,0,0
2,3665,3,3,normal,normal,0,0
2,3666,0,0,backdoor,backdoor,1,1
2,3667,0,0,backdoor,backdoor,1,1
2,3668,4,4,password,password,1,1
2,3669,3,3,normal,normal,0,0
2,3670,0,0,backdoor,backdoor,1,1
2,3671,3,3,normal,normal,0,0
2,3672,4,4,password,password,1,1
2,3673,0,3,backdoor,normal,1,0
2,3674,2,2,injection,injection,1,1
2,3675,3,3,normal,normal,0,0
2,3676,4,4,password,password,1,1
2,3677,3,3,normal,normal,0,0
2,3678,3,3,normal,normal,0,0
2,3679,0,2,backdoor,injection,1,1
2,3680,0,0,backdoor,backdoor,1,1
2,3681,2,2,injection,injection,1,1
2,3682,4,4,password,password,1,1
2,3683,3,3,normal,normal,0,0
2,3684,3,3,normal,normal,0,0
2,3685,3,3,normal,normal,0,0
2,3686,4,4,password,password,1,1
2,3687,2,2,injection,injection,1,1
2,3688,3,3,normal,normal,0,0
2,3689,3,3,normal,normal,0,0
2,3690,3,3,normal,normal,0,0
2,3691,0,3,backdoor,normal,1,0
2,3692,3,3,normal,normal,0,0
2,3693,3,3,normal,normal,0,0
2,3694,2,2,injection,injection,1,1
2,3695,3,3,normal,normal,0,0
2,3696,4,4,password,password,1,1
2,3697,3,3,normal,normal,0,0
2,3698,3,3,normal,normal,0,0
2,3699,3,3,normal,normal,0,0
2,3700,3,3,normal,normal,0,0
2,3701,2,2,injection,injection,1,1
2,3702,3,3,normal,normal,0,0
2,3703,4,4,password,password,1,1
2,3704,3,3,normal,normal,0,0
2,3705,3,3,normal,normal,0,0
2,3706,2,2,injection,injection,1,1
2,3707,4,4,password,password,1,1
2,3708,2,2,injection,injection,1,1
2,3709,2,2,injection,injection,1,1
2,3710,2,2,injection,injection,1,1
2,3711,3,3,normal,normal,0,0
2,3712,3,3,normal,normal,0,0
2,3713,3,3,normal,normal,0,0
2,3714,0,0,backdoor,backdoor,1,1
2,3715,0,0,backdoor,backdoor,1,1
2,3716,3,3,normal,normal,0,0
2,3717,3,3,normal,normal,0,0
2,3718,0,0,backdoor,backdoor,1,1
2,3719,3,3,normal,normal,0,0
2,3720,3,3,normal,normal,0,0
2,3721,3,3,normal,normal,0,0
2,3722,3,3,normal,normal,0,0
2,3723,3,3,normal,normal,0,0
2,3724,3,3,normal,normal,0,0
2,3725,3,3,normal,normal,0,0
2,3726,2,2,injection,injection,1,1
2,3727,3,3,normal,normal,0,0
2,3728,4,4,password,password,1,1
2,3729,4,4,password,password,1,1
2,3730,3,3,normal,normal,0,0
2,3731,3,3,normal,normal,0,0
2,3732,0,0,backdoor,backdoor,1,1
2,3733,4,4,password,password,1,1
2,3734,0,0,backdoor,backdoor,1,1
2,3735,0,0,backdoor,backdoor,1,1
2,3736,2,2,injection,injection,1,1
2,3737,2,2,injection,injection,1,1
2,3738,3,3,normal,normal,0,0
2,3739,3,3,normal,normal,0,0
2,3740,0,2,backdoor,injection,1,1
2,3741,0,0,backdoor,backdoor,1,1
2,3742,0,0,backdoor,backdoor,1,1
2,3743,4,4,password,password,1,1
2,3744,0,2,backdoor,injection,1,1
2,3745,2,2,injection,injection,1,1
2,3746,3,3,normal,normal,0,0
2,3747,3,3,normal,normal,0,0
2,3748,0,0,backdoor,backdoor,1,1
2,3749,0,0,backdoor,backdoor,1,1
2,3750,2,2,injection,injection,1,1
2,3751,3,3,normal,normal,0,0
2,3752,3,3,normal,normal,0,0
2,3753,3,3,normal,normal,0,0
2,3754,0,0,backdoor,backdoor,1,1
2,3755,3,3,normal,normal,0,0
2,3756,0,0,backdoor,backdoor,1,1
2,3757,4,4,password,password,1,1
2,3758,4,4,password,password,1,1
2,3759,4,4,password,password,1,1
2,3760,3,3,normal,normal,0,0
2,3761,3,3,normal,normal,0,0
2,3762,4,4,password,password,1,1
2,3763,0,0,backdoor,backdoor,1,1
2,3764,3,3,normal,normal,0,0
2,3765,2,2,injection,injection,1,1
2,3766,4,4,password,password,1,1
2,3767,0,0,backdoor,backdoor,1,1
2,3768,3,3,normal,normal,0,0
2,3769,3,3,normal,normal,0,0
2,3770,0,2,backdoor,injection,1,1
2,3771,3,3,normal,normal,0,0
2,3772,2,2,injection,injection,1,1
2,3773,3,3,normal,normal,0,0
2,3774,3,3,normal,normal,0,0
2,3775,3,3,normal,normal,0,0
2,3776,3,3,normal,normal,0,0
2,3777,3,3,normal,normal,0,0
2,3778,3,3,normal,normal,0,0
2,3779,4,4,password,password,1,1
2,3780,3,3,normal,normal,0,0
2,3781,0,0,backdoor,backdoor,1,1
2,3782,4,4,password,password,1,1
2,3783,2,2,injection,injection,1,1
2,3784,0,0,backdoor,backdoor,1,1
2,3785,3,3,normal,normal,0,0
2,3786,3,3,normal,normal,0,0
2,3787,3,3,normal,normal,0,0
2,3788,3,3,normal,normal,0,0
2,3789,0,0,backdoor,backdoor,1,1
2,3790,4,4,password,password,1,1
2,3791,4,4,password,password,1,1
2,3792,3,3,normal,normal,0,0
2,3793,3,3,normal,normal,0,0
2,3794,4,4,password,password,1,1
2,3795,0,0,backdoor,backdoor,1,1
2,3796,0,0,backdoor,backdoor,1,1
2,3797,3,3,normal,normal,0,0
2,3798,3,3,normal,normal,0,0
2,3799,3,3,normal,normal,0,0
2,3800,3,3,normal,normal,0,0
2,3801,4,4,password,password,1,1
2,3802,3,3,normal,normal,0,0
2,3803,0,0,backdoor,backdoor,1,1
2,3804,4,4,password,password,1,1
2,3805,3,3,normal,normal,0,0
2,3806,4,4,password,password,1,1
2,3807,3,3,normal,normal,0,0
2,3808,2,2,injection,injection,1,1
2,3809,3,3,normal,normal,0,0
2,3810,3,3,normal,normal,0,0
2,3811,4,4,password,password,1,1
2,3812,2,2,injection,injection,1,1
2,3813,2,2,injection,injection,1,1
2,3814,0,0,backdoor,backdoor,1,1
2,3815,4,4,password,password,1,1
2,3816,3,3,normal,normal,0,0
2,3817,4,4,password,password,1,1
2,3818,2,2,injection,injection,1,1
2,3819,0,0,backdoor,backdoor,1,1
2,3820,3,3,normal,normal,0,0
2,3821,2,2,injection,injection,1,1
2,3822,4,4,password,password,1,1
2,3823,3,3,normal,normal,0,0
2,3824,3,3,normal,normal,0,0
2,3825,3,3,normal,normal,0,0
2,3826,0,0,backdoor,backdoor,1,1
2,3827,0,2,backdoor,injection,1,1
2,3828,4,4,password,password,1,1
2,3829,0,0,backdoor,backdoor,1,1
2,3830,0,2,backdoor,injection,1,1
2,3831,3,3,normal,normal,0,0
2,3832,3,3,normal,normal,0,0
2,3833,3,3,normal,normal,0,0
2,3834,3,3,normal,normal,0,0
2,3835,4,4,password,password,1,1
2,3836,4,4,password,password,1,1
2,3837,2,2,injection,injection,1,1
2,3838,3,3,normal,normal,0,0
2,3839,4,4,password,password,1,1
2,3840,3,3,normal,normal,0,0
2,3841,3,3,normal,normal,0,0
2,3842,3,3,normal,normal,0,0
2,3843,3,3,normal,normal,0,0
2,3844,0,0,backdoor,backdoor,1,1
2,3845,3,3,normal,normal,0,0
2,3846,4,4,password,password,1,1
2,3847,2,2,injection,injection,1,1
2,3848,3,3,normal,normal,0,0
2,3849,3,3,normal,normal,0,0
2,3850,3,3,normal,normal,0,0
2,3851,0,2,backdoor,injection,1,1
2,3852,2,2,injection,injection,1,1
2,3853,0,0,backdoor,backdoor,1,1
2,3854,4,4,password,password,1,1
2,3855,3,3,normal,normal,0,0
2,3856,3,3,normal,normal,0,0
2,3857,0,0,backdoor,backdoor,1,1
2,3858,0,0,backdoor,backdoor,1,1
2,3859,3,3,normal,normal,0,0
2,3860,4,4,password,password,1,1
2,3861,3,3,normal,normal,0,0
2,3862,2,2,injection,injection,1,1
2,3863,2,2,injection,injection,1,1
2,3864,0,0,backdoor,backdoor,1,1
2,3865,4,4,password,password,1,1
2,3866,3,3,normal,normal,0,0
2,3867,0,0,backdoor,backdoor,1,1
2,3868,4,4,password,password,1,1
2,3869,3,3,normal,normal,0,0
2,3870,2,2,injection,injection,1,1
2,3871,0,0,backdoor,backdoor,1,1
2,3872,3,3,normal,normal,0,0
2,3873,2,2,injection,injection,1,1
2,3874,4,4,password,password,1,1
2,3875,3,3,normal,normal,0,0
2,3876,4,4,password,password,1,1
2,3877,3,3,normal,normal,0,0
2,3878,3,3,normal,normal,0,0
2,3879,3,3,normal,normal,0,0
2,3880,3,3,normal,normal,0,0
2,3881,3,3,normal,normal,0,0
2,3882,0,0,backdoor,backdoor,1,1
2,3883,3,3,normal,normal,0,0
2,3884,3,3,normal,normal,0,0
2,3885,0,0,backdoor,backdoor,1,1
2,3886,3,3,normal,normal,0,0
2,3887,2,2,injection,injection,1,1
2,3888,3,3,normal,normal,0,0
2,3889,4,4,password,password,1,1
2,3890,0,0,backdoor,backdoor,1,1
2,3891,0,0,backdoor,backdoor,1,1
2,3892,4,4,password,password,1,1
2,3893,3,3,normal,normal,0,0
2,3894,0,0,backdoor,backdoor,1,1
2,3895,2,2,injection,injection,1,1
2,3896,0,0,backdoor,backdoor,1,1
2,3897,0,0,backdoor,backdoor,1,1
2,3898,3,3,normal,normal,0,0
2,3899,2,2,injection,injection,1,1
2,3900,4,4,password,password,1,1
2,3901,3,3,normal,normal,0,0
2,3902,3,3,normal,normal,0,0
2,3903,2,2,injection,injection,1,1
2,3904,3,3,normal,normal,0,0
2,3905,0,0,backdoor,backdoor,1,1
2,3906,2,2,injection,injection,1,1
2,3907,3,3,normal,normal,0,0
2,3908,3,3,normal,normal,0,0
2,3909,3,3,normal,normal,0,0
2,3910,3,3,normal,normal,0,0
2,3911,3,3,normal,normal,0,0
2,3912,3,3,normal,normal,0,0
2,3913,3,3,normal,normal,0,0
2,3914,3,3,normal,normal,0,0
2,3915,3,3,normal,normal,0,0
2,3916,3,3,normal,normal,0,0
2,3917,3,3,normal,normal,0,0
2,3918,3,3,normal,normal,0,0
2,3919,3,3,normal,normal,0,0
2,3920,3,3,normal,normal,0,0
2,3921,3,3,normal,normal,0,0
2,3922,2,2,injection,injection,1,1
2,3923,0,0,backdoor,backdoor,1,1
2,3924,2,2,injection,injection,1,1
2,3925,4,4,password,password,1,1
2,3926,3,3,normal,normal,0,0
2,3927,2,2,injection,injection,1,1
2,3928,3,3,normal,normal,0,0
2,3929,0,0,backdoor,backdoor,1,1
2,3930,2,2,injection,injection,1,1
2,3931,2,2,injection,injection,1,1
2,3932,0,0,backdoor,backdoor,1,1
2,3933,3,3,normal,normal,0,0
2,3934,3,3,normal,normal,0,0
2,3935,4,4,password,password,1,1
2,3936,2,2,injection,injection,1,1
2,3937,0,0,backdoor,backdoor,1,1
2,3938,3,3,normal,normal,0,0
2,3939,3,3,normal,normal,0,0
2,3940,3,3,normal,normal,0,0
2,3941,4,4,password,password,1,1
2,3942,3,3,normal,normal,0,0
2,3943,3,3,normal,normal,0,0
2,3944,3,3,normal,normal,0,0
2,3945,0,0,backdoor,backdoor,1,1
2,3946,2,2,injection,injection,1,1
2,3947,4,4,password,password,1,1
2,3948,3,3,normal,normal,0,0
2,3949,3,3,normal,normal,0,0
2,3950,0,0,backdoor,backdoor,1,1
2,3951,0,0,backdoor,backdoor,1,1
2,3952,3,3,normal,normal,0,0
2,3953,0,0,backdoor,backdoor,1,1
2,3954,3,3,normal,normal,0,0
2,3955,4,4,password,password,1,1
2,3956,3,3,normal,normal,0,0
2,3957,4,4,password,password,1,1
2,3958,2,2,injection,injection,1,1
2,3959,3,3,normal,normal,0,0
2,3960,3,3,normal,normal,0,0
2,3961,0,0,backdoor,backdoor,1,1
2,3962,3,3,normal,normal,0,0
2,3963,2,2,injection,injection,1,1
2,3964,3,3,normal,normal,0,0
2,3965,2,2,injection,injection,1,1
2,3966,3,3,normal,normal,0,0
2,3967,3,3,normal,normal,0,0
2,3968,2,2,injection,injection,1,1
2,3969,0,0,backdoor,backdoor,1,1
2,3970,3,3,normal,normal,0,0
2,3971,4,4,password,password,1,1
2,3972,2,2,injection,injection,1,1
2,3973,0,0,backdoor,backdoor,1,1
2,3974,3,3,normal,normal,0,0
2,3975,3,3,normal,normal,0,0
2,3976,0,0,backdoor,backdoor,1,1
2,3977,2,2,injection,injection,1,1
2,3978,4,4,password,password,1,1
2,3979,3,3,normal,normal,0,0
2,3980,0,0,backdoor,backdoor,1,1
2,3981,3,3,normal,normal,0,0
2,3982,3,3,normal,normal,0,0
2,3983,3,3,normal,normal,0,0
2,3984,2,2,injection,injection,1,1
2,3985,2,2,injection,injection,1,1
2,3986,3,3,normal,normal,0,0
2,3987,3,3,normal,normal,0,0
2,3988,3,3,normal,normal,0,0
2,3989,3,3,normal,normal,0,0
2,3990,2,2,injection,injection,1,1
2,3991,4,4,password,password,1,1
2,3992,3,3,normal,normal,0,0
2,3993,3,3,normal,normal,0,0
2,3994,4,4,password,password,1,1
2,3995,3,3,normal,normal,0,0
2,3996,2,2,injection,injection,1,1
2,3997,3,3,normal,normal,0,0
2,3998,3,3,normal,normal,0,0
2,3999,3,3,normal,normal,0,0
2,4000,3,3,normal,normal,0,0
2,4001,3,3,normal,normal,0,0
2,4002,3,3,normal,normal,0,0
2,4003,0,2,backdoor,injection,1,1
2,4004,2,2,injection,injection,1,1
2,4005,3,3,normal,normal,0,0
2,4006,4,4,password,password,1,1
2,4007,3,3,normal,normal,0,0
2,4008,4,4,password,password,1,1
2,4009,3,3,normal,normal,0,0
2,4010,2,2,injection,injection,1,1
2,4011,0,0,backdoor,backdoor,1,1
2,4012,3,3,normal,normal,0,0
2,4013,3,3,normal,normal,0,0
2,4014,3,3,normal,normal,0,0
2,4015,2,2,injection,injection,1,1
2,4016,3,3,normal,normal,0,0
2,4017,3,3,normal,normal,0,0
2,4018,0,3,backdoor,normal,1,0
2,4019,3,3,normal,normal,0,0
2,4020,2,2,injection,injection,1,1
2,4021,4,4,password,password,1,1
2,4022,4,4,password,password,1,1
2,4023,3,3,normal,normal,0,0
2,4024,4,4,password,password,1,1
2,4025,0,0,backdoor,backdoor,1,1
2,4026,3,3,normal,normal,0,0
2,4027,3,3,normal,normal,0,0
2,4028,3,3,normal,normal,0,0
2,4029,3,3,normal,normal,0,0
2,4030,3,3,normal,normal,0,0
2,4031,3,3,normal,normal,0,0
2,4032,3,3,normal,normal,0,0
2,4033,0,0,backdoor,backdoor,1,1
2,4034,0,0,backdoor,backdoor,1,1
2,4035,0,0,backdoor,backdoor,1,1
2,4036,0,0,backdoor,backdoor,1,1
2,4037,3,3,normal,normal,0,0
2,4038,4,4,password,password,1,1
2,4039,3,3,normal,normal,0,0
2,4040,3,3,normal,normal,0,0
2,4041,4,4,password,password,1,1
2,4042,4,4,password,password,1,1
2,4043,3,3,normal,normal,0,0
2,4044,2,2,injection,injection,1,1
2,4045,4,4,password,password,1,1
2,4046,2,2,injection,injection,1,1
2,4047,2,2,injection,injection,1,1
2,4048,3,3,normal,normal,0,0
2,4049,4,4,password,password,1,1
2,4050,3,3,normal,normal,0,0
2,4051,4,4,password,password,1,1
2,4052,3,3,normal,normal,0,0
2,4053,3,3,normal,normal,0,0
2,4054,3,3,normal,normal,0,0
2,4055,3,3,normal,normal,0,0
2,4056,3,3,normal,normal,0,0
2,4057,4,4,password,password,1,1
2,4058,3,3,normal,normal,0,0
2,4059,4,4,password,password,1,1
2,4060,0,0,backdoor,backdoor,1,1
2,4061,4,4,password,password,1,1
2,4062,3,3,normal,normal,0,0
2,4063,0,0,backdoor,backdoor,1,1
2,4064,0,0,backdoor,backdoor,1,1
2,4065,4,4,password,password,1,1
2,4066,2,2,injection,injection,1,1
2,4067,0,0,backdoor,backdoor,1,1
2,4068,0,0,backdoor,backdoor,1,1
2,4069,2,2,injection,injection,1,1
2,4070,3,3,normal,normal,0,0
2,4071,4,4,password,password,1,1
2,4072,3,3,normal,normal,0,0
2,4073,4,4,password,password,1,1
2,4074,3,3,normal,normal,0,0
2,4075,3,3,normal,normal,0,0
2,4076,3,3,normal,normal,0,0
2,4077,4,4,password,password,1,1
2,4078,0,0,backdoor,backdoor,1,1
2,4079,0,0,backdoor,backdoor,1,1
2,4080,4,4,password,password,1,1
2,4081,3,3,normal,normal,0,0
2,4082,3,3,normal,normal,0,0
2,4083,4,4,password,password,1,1
2,4084,3,3,normal,normal,0,0
2,4085,3,3,normal,normal,0,0
2,4086,2,2,injection,injection,1,1
2,4087,3,3,normal,normal,0,0
2,4088,0,0,backdoor,backdoor,1,1
2,4089,2,2,injection,injection,1,1
2,4090,3,3,normal,normal,0,0
2,4091,0,0,backdoor,backdoor,1,1
2,4092,2,2,injection,injection,1,1
2,4093,3,3,normal,normal,0,0
2,4094,2,2,injection,injection,1,1
2,4095,0,0,backdoor,backdoor,1,1
2,4096,4,4,password,password,1,1
2,4097,0,2,backdoor,injection,1,1
2,4098,4,4,password,password,1,1
2,4099,0,2,backdoor,injection,1,1
2,4100,0,0,backdoor,backdoor,1,1
2,4101,2,2,injection,injection,1,1
2,4102,0,0,backdoor,backdoor,1,1
2,4103,4,4,password,password,1,1
2,4104,3,3,normal,normal,0,0
2,4105,2,2,injection,injection,1,1
2,4106,0,0,backdoor,backdoor,1,1
2,4107,3,3,normal,normal,0,0
2,4108,2,2,injection,injection,1,1
2,4109,0,0,backdoor,backdoor,1,1
2,4110,0,0,backdoor,backdoor,1,1
2,4111,2,2,injection,injection,1,1
2,4112,3,3,normal,normal,0,0
2,4113,3,3,normal,normal,0,0
2,4114,2,2,injection,injection,1,1
2,4115,3,3,normal,normal,0,0
2,4116,3,3,normal,normal,0,0
2,4117,3,3,normal,normal,0,0
2,4118,3,3,normal,normal,0,0
2,4119,2,2,injection,injection,1,1
2,4120,0,0,backdoor,backdoor,1,1
2,4121,0,2,backdoor,injection,1,1
2,4122,3,3,normal,normal,0,0
2,4123,0,2,backdoor,injection,1,1
2,4124,4,4,password,password,1,1
2,4125,4,4,password,password,1,1
2,4126,3,3,normal,normal,0,0
2,4127,4,4,password,password,1,1
2,4128,3,3,normal,normal,0,0
2,4129,2,2,injection,injection,1,1
2,4130,4,4,password,password,1,1
2,4131,2,2,injection,injection,1,1
2,4132,3,3,normal,normal,0,0
2,4133,4,4,password,password,1,1
2,4134,3,3,normal,normal,0,0
2,4135,2,2,injection,injection,1,1
2,4136,3,3,normal,normal,0,0
2,4137,3,3,normal,normal,0,0
2,4138,4,4,password,password,1,1
2,4139,3,3,normal,normal,0,0
2,4140,4,4,password,password,1,1
2,4141,0,0,backdoor,backdoor,1,1
2,4142,4,4,password,password,1,1
2,4143,2,2,injection,injection,1,1
2,4144,3,3,normal,normal,0,0
2,4145,3,3,normal,normal,0,0
2,4146,3,3,normal,normal,0,0
2,4147,3,3,normal,normal,0,0
2,4148,0,0,backdoor,backdoor,1,1
2,4149,3,3,normal,normal,0,0
2,4150,3,3,normal,normal,0,0
2,4151,3,3,normal,normal,0,0
2,4152,3,3,normal,normal,0,0
2,4153,3,3,normal,normal,0,0
2,4154,3,3,normal,normal,0,0
2,4155,0,0,backdoor,backdoor,1,1
2,4156,3,3,normal,normal,0,0
2,4157,3,3,normal,normal,0,0
2,4158,3,3,normal,normal,0,0
2,4159,3,3,normal,normal,0,0
2,4160,3,3,normal,normal,0,0
2,4161,2,2,injection,injection,1,1
2,4162,3,3,normal,normal,0,0
2,4163,0,0,backdoor,backdoor,1,1
2,4164,3,3,normal,normal,0,0
2,4165,0,0,backdoor,backdoor,1,1
2,4166,0,0,backdoor,backdoor,1,1
2,4167,3,3,normal,normal,0,0
2,4168,0,0,backdoor,backdoor,1,1
2,4169,2,2,injection,injection,1,1
2,4170,0,0,backdoor,backdoor,1,1
2,4171,2,2,injection,injection,1,1
2,4172,3,3,normal,normal,0,0
2,4173,4,4,password,password,1,1
2,4174,4,4,password,password,1,1
2,4175,0,0,backdoor,backdoor,1,1
2,4176,0,0,backdoor,backdoor,1,1
2,4177,3,3,normal,normal,0,0
2,4178,4,4,password,password,1,1
2,4179,3,3,normal,normal,0,0
2,4180,3,3,normal,normal,0,0
2,4181,3,3,normal,normal,0,0
2,4182,0,0,backdoor,backdoor,1,1
2,4183,0,0,backdoor,backdoor,1,1
2,4184,4,4,password,password,1,1
2,4185,3,3,normal,normal,0,0
2,4186,3,3,normal,normal,0,0
2,4187,0,0,backdoor,backdoor,1,1
2,4188,3,3,normal,normal,0,0
2,4189,3,3,normal,normal,0,0
2,4190,4,4,password,password,1,1
2,4191,3,3,normal,normal,0,0
2,4192,4,4,password,password,1,1
2,4193,2,2,injection,injection,1,1
2,4194,0,2,backdoor,injection,1,1
2,4195,3,3,normal,normal,0,0
2,4196,3,3,normal,normal,0,0
2,4197,2,2,injection,injection,1,1
2,4198,2,2,injection,injection,1,1
2,4199,3,3,normal,normal,0,0
2,4200,3,3,normal,normal,0,0
2,4201,3,3,normal,normal,0,0
2,4202,3,3,normal,normal,0,0
2,4203,3,3,normal,normal,0,0
2,4204,2,2,injection,injection,1,1
2,4205,0,0,backdoor,backdoor,1,1
2,4206,3,3,normal,normal,0,0
2,4207,3,3,normal,normal,0,0
2,4208,3,3,normal,normal,0,0
2,4209,0,2,backdoor,injection,1,1
2,4210,3,3,normal,normal,0,0
2,4211,3,3,normal,normal,0,0
2,4212,3,3,normal,normal,0,0
2,4213,0,2,backdoor,injection,1,1
2,4214,3,3,normal,normal,0,0
2,4215,3,3,normal,normal,0,0
2,4216,4,4,password,password,1,1
2,4217,0,0,backdoor,backdoor,1,1
2,4218,0,0,backdoor,backdoor,1,1
2,4219,3,3,normal,normal,0,0
2,4220,3,3,normal,normal,0,0
2,4221,4,4,password,password,1,1
2,4222,3,3,normal,normal,0,0
2,4223,3,3,normal,normal,0,0
2,4224,3,3,normal,normal,0,0
2,4225,3,3,normal,normal,0,0
2,4226,2,2,injection,injection,1,1
2,4227,3,3,normal,normal,0,0
2,4228,4,4,password,password,1,1
2,4229,3,3,normal,normal,0,0
2,4230,3,3,normal,normal,0,0
2,4231,3,3,normal,normal,0,0
2,4232,0,0,backdoor,backdoor,1,1
2,4233,3,3,normal,normal,0,0
2,4234,4,4,password,password,1,1
2,4235,3,3,normal,normal,0,0
2,4236,2,2,injection,injection,1,1
2,4237,0,3,backdoor,normal,1,0
2,4238,0,0,backdoor,backdoor,1,1
2,4239,4,4,password,password,1,1
2,4240,3,3,normal,normal,0,0
2,4241,0,0,backdoor,backdoor,1,1
2,4242,4,4,password,password,1,1
2,4243,3,3,normal,normal,0,0
2,4244,3,3,normal,normal,0,0
2,4245,3,3,normal,normal,0,0
2,4246,3,3,normal,normal,0,0
2,4247,2,2,injection,injection,1,1
2,4248,3,3,normal,normal,0,0
2,4249,0,0,backdoor,backdoor,1,1
2,4250,3,3,normal,normal,0,0
2,4251,2,2,injection,injection,1,1
2,4252,3,3,normal,normal,0,0
2,4253,4,4,password,password,1,1
2,4254,4,4,password,password,1,1
2,4255,3,3,normal,normal,0,0
2,4256,2,2,injection,injection,1,1
2,4257,3,3,normal,normal,0,0
2,4258,3,3,normal,normal,0,0
2,4259,2,2,injection,injection,1,1
2,4260,3,3,normal,normal,0,0
2,4261,0,0,backdoor,backdoor,1,1
2,4262,0,0,backdoor,backdoor,1,1
2,4263,3,3,normal,normal,0,0
2,4264,4,4,password,password,1,1
2,4265,4,4,password,password,1,1
2,4266,0,0,backdoor,backdoor,1,1
2,4267,3,3,normal,normal,0,0
2,4268,2,2,injection,injection,1,1
2,4269,3,3,normal,normal,0,0
2,4270,2,2,injection,injection,1,1
2,4271,3,3,normal,normal,0,0
2,4272,3,3,normal,normal,0,0
2,4273,2,2,injection,injection,1,1
2,4274,3,3,normal,normal,0,0
2,4275,2,2,injection,injection,1,1
2,4276,2,0,injection,backdoor,1,1
2,4277,3,3,normal,normal,0,0
2,4278,0,2,backdoor,injection,1,1
2,4279,3,3,normal,normal,0,0
2,4280,2,2,injection,injection,1,1
2,4281,4,4,password,password,1,1
2,4282,4,4,password,password,1,1
2,4283,2,2,injection,injection,1,1
2,4284,3,3,normal,normal,0,0
2,4285,4,4,password,password,1,1
2,4286,3,3,normal,normal,0,0
2,4287,3,3,normal,normal,0,0
2,4288,4,4,password,password,1,1
2,4289,3,3,normal,normal,0,0
2,4290,2,2,injection,injection,1,1
2,4291,3,3,normal,normal,0,0
2,4292,3,3,normal,normal,0,0
2,4293,2,2,injection,injection,1,1
2,4294,2,2,injection,injection,1,1
2,4295,3,3,normal,normal,0,0
2,4296,3,3,normal,normal,0,0
2,4297,3,3,normal,normal,0,0
2,4298,2,2,injection,injection,1,1
2,4299,4,4,password,password,1,1
2,4300,0,0,backdoor,backdoor,1,1
2,4301,2,2,injection,injection,1,1
2,4302,3,3,normal,normal,0,0
2,4303,3,3,normal,normal,0,0
2,4304,3,3,normal,normal,0,0
2,4305,0,0,backdoor,backdoor,1,1
2,4306,3,3,normal,normal,0,0
2,4307,2,2,injection,injection,1,1
2,4308,4,4,password,password,1,1
2,4309,3,3,normal,normal,0,0
2,4310,3,3,normal,normal,0,0
2,4311,3,3,normal,normal,0,0
2,4312,3,3,normal,normal,0,0
2,4313,4,4,password,password,1,1
2,4314,3,3,normal,normal,0,0
2,4315,2,2,injection,injection,1,1
2,4316,3,3,normal,normal,0,0
2,4317,3,3,normal,normal,0,0
2,4318,2,2,injection,injection,1,1
2,4319,3,3,normal,normal,0,0
2,4320,3,3,normal,normal,0,0
2,4321,4,4,password,password,1,1
2,4322,2,2,injection,injection,1,1
2,4323,4,4,password,password,1,1
2,4324,3,3,normal,normal,0,0
2,4325,3,3,normal,normal,0,0
2,4326,2,2,injection,injection,1,1
2,4327,4,4,password,password,1,1
2,4328,2,2,injection,injection,1,1
2,4329,4,4,password,password,1,1
2,4330,2,2,injection,injection,1,1
2,4331,3,3,normal,normal,0,0
2,4332,4,4,password,password,1,1
2,4333,4,4,password,password,1,1
2,4334,3,3,normal,normal,0,0
2,4335,3,3,normal,normal,0,0
2,4336,4,4,password,password,1,1
2,4337,4,4,password,password,1,1
2,4338,3,3,normal,normal,0,0
2,4339,4,4,password,password,1,1
2,4340,2,2,injection,injection,1,1
2,4341,3,3,normal,normal,0,0
2,4342,3,3,normal,normal,0,0
2,4343,0,2,backdoor,injection,1,1
2,4344,3,3,normal,normal,0,0
2,4345,2,2,injection,injection,1,1
2,4346,4,4,password,password,1,1
2,4347,2,2,injection,injection,1,1
2,4348,2,2,injection,injection,1,1
2,4349,4,4,password,password,1,1
2,4350,4,4,password,password,1,1
2,4351,3,3,normal,normal,0,0
2,4352,0,0,backdoor,backdoor,1,1
2,4353,3,3,normal,normal,0,0
2,4354,4,4,password,password,1,1
2,4355,3,3,normal,normal,0,0
2,4356,2,2,injection,injection,1,1
2,4357,2,2,injection,injection,1,1
2,4358,3,3,normal,normal,0,0
2,4359,3,3,normal,normal,0,0
2,4360,3,3,normal,normal,0,0
2,4361,2,2,injection,injection,1,1
2,4362,3,3,normal,normal,0,0
2,4363,2,2,injection,injection,1,1
2,4364,3,3,normal,normal,0,0
2,4365,2,2,injection,injection,1,1
2,4366,4,4,password,password,1,1
2,4367,3,3,normal,normal,0,0
2,4368,3,3,normal,normal,0,0
2,4369,0,0,backdoor,backdoor,1,1
2,4370,0,0,backdoor,backdoor,1,1
2,4371,3,3,normal,normal,0,0
2,4372,4,4,password,password,1,1
2,4373,3,3,normal,normal,0,0
2,4374,4,4,password,password,1,1
2,4375,3,3,normal,normal,0,0
2,4376,2,2,injection,injection,1,1
2,4377,3,3,normal,normal,0,0
2,4378,3,3,normal,normal,0,0
2,4379,3,3,normal,normal,0,0
2,4380,3,3,normal,normal,0,0
2,4381,4,4,password,password,1,1
2,4382,4,4,password,password,1,1
2,4383,0,0,backdoor,backdoor,1,1
2,4384,4,4,password,password,1,1
2,4385,3,3,normal,normal,0,0
2,4386,0,0,backdoor,backdoor,1,1
2,4387,3,3,normal,normal,0,0
2,4388,3,3,normal,normal,0,0
2,4389,4,4,password,password,1,1
2,4390,3,3,normal,normal,0,0
2,4391,3,3,normal,normal,0,0
2,4392,3,3,normal,normal,0,0
2,4393,4,4,password,password,1,1
2,4394,3,3,normal,normal,0,0
2,4395,0,0,backdoor,backdoor,1,1
2,4396,3,3,normal,normal,0,0
2,4397,0,2,backdoor,injection,1,1
2,4398,3,3,normal,normal,0,0
2,4399,3,3,normal,normal,0,0
2,4400,2,2,injection,injection,1,1
2,4401,3,3,normal,normal,0,0
2,4402,4,4,password,password,1,1
2,4403,4,4,password,password,1,1
2,4404,0,0,backdoor,backdoor,1,1
2,4405,2,2,injection,injection,1,1
2,4406,0,0,backdoor,backdoor,1,1
2,4407,3,3,normal,normal,0,0
2,4408,3,3,normal,normal,0,0
2,4409,0,0,backdoor,backdoor,1,1
2,4410,3,3,normal,normal,0,0
2,4411,2,2,injection,injection,1,1
2,4412,3,3,normal,normal,0,0
2,4413,0,0,backdoor,backdoor,1,1
2,4414,2,2,injection,injection,1,1
2,4415,3,3,normal,normal,0,0
2,4416,3,3,normal,normal,0,0
2,4417,0,0,backdoor,backdoor,1,1
2,4418,0,0,backdoor,backdoor,1,1
2,4419,3,3,normal,normal,0,0
2,4420,3,3,normal,normal,0,0
2,4421,3,3,normal,normal,0,0
2,4422,0,2,backdoor,injection,1,1
2,4423,3,3,normal,normal,0,0
2,4424,3,3,normal,normal,0,0
2,4425,4,4,password,password,1,1
2,4426,3,3,normal,normal,0,0
2,4427,0,2,backdoor,injection,1,1
2,4428,4,4,password,password,1,1
2,4429,3,3,normal,normal,0,0
2,4430,3,3,normal,normal,0,0
2,4431,3,3,normal,normal,0,0
2,4432,4,4,password,password,1,1
2,4433,3,3,normal,normal,0,0
2,4434,3,3,normal,normal,0,0
2,4435,3,3,normal,normal,0,0
2,4436,4,4,password,password,1,1
2,4437,4,4,password,password,1,1
2,4438,3,3,normal,normal,0,0
2,4439,4,4,password,password,1,1
2,4440,3,3,normal,normal,0,0
2,4441,3,3,normal,normal,0,0
2,4442,3,3,normal,normal,0,0
2,4443,4,4,password,password,1,1
2,4444,4,4,password,password,1,1
2,4445,2,2,injection,injection,1,1
2,4446,3,3,normal,normal,0,0
2,4447,3,3,normal,normal,0,0
2,4448,4,4,password,password,1,1
2,4449,0,0,backdoor,backdoor,1,1
2,4450,0,0,backdoor,backdoor,1,1
2,4451,3,3,normal,normal,0,0
2,4452,3,3,normal,normal,0,0
2,4453,0,2,backdoor,injection,1,1
2,4454,4,4,password,password,1,1
2,4455,3,3,normal,normal,0,0
2,4456,2,2,injection,injection,1,1
2,4457,3,3,normal,normal,0,0
2,4458,3,3,normal,normal,0,0
2,4459,4,4,password,password,1,1
2,4460,3,3,normal,normal,0,0
2,4461,3,3,normal,normal,0,0
2,4462,2,2,injection,injection,1,1
2,4463,2,2,injection,injection,1,1
2,4464,2,2,injection,injection,1,1
2,4465,3,3,normal,normal,0,0
2,4466,0,0,backdoor,backdoor,1,1
2,4467,3,3,normal,normal,0,0
2,4468,2,2,injection,injection,1,1
2,4469,3,3,normal,normal,0,0
2,4470,3,3,normal,normal,0,0
2,4471,3,3,normal,normal,0,0
2,4472,2,0,injection,backdoor,1,1
2,4473,2,2,injection,injection,1,1
2,4474,3,3,normal,normal,0,0
2,4475,4,4,password,password,1,1
2,4476,4,4,password,password,1,1
2,4477,2,2,injection,injection,1,1
2,4478,3,3,normal,normal,0,0
2,4479,4,4,password,password,1,1
2,4480,2,2,injection,injection,1,1
2,4481,3,3,normal,normal,0,0
2,4482,0,0,backdoor,backdoor,1,1
2,4483,3,3,normal,normal,0,0
2,4484,2,2,injection,injection,1,1
2,4485,2,2,injection,injection,1,1
2,4486,2,2,injection,injection,1,1
2,4487,3,3,normal,normal,0,0
2,4488,4,4,password,password,1,1
2,4489,2,2,injection,injection,1,1
2,4490,3,3,normal,normal,0,0
2,4491,0,0,backdoor,backdoor,1,1
2,4492,3,3,normal,normal,0,0
2,4493,3,3,normal,normal,0,0
2,4494,2,2,injection,injection,1,1
2,4495,0,0,backdoor,backdoor,1,1
2,4496,3,3,normal,normal,0,0
2,4497,0,0,backdoor,backdoor,1,1
2,4498,3,3,normal,normal,0,0
2,4499,3,3,normal,normal,0,0
2,4500,3,3,normal,normal,0,0
2,4501,4,4,password,password,1,1
2,4502,0,0,backdoor,backdoor,1,1
2,4503,4,4,password,password,1,1
2,4504,3,3,normal,normal,0,0
2,4505,3,3,normal,normal,0,0
2,4506,3,3,normal,normal,0,0
2,4507,2,2,injection,injection,1,1
2,4508,3,3,normal,normal,0,0
2,4509,0,0,backdoor,backdoor,1,1
2,4510,3,3,normal,normal,0,0
2,4511,0,0,backdoor,backdoor,1,1
2,4512,4,4,password,password,1,1
2,4513,4,4,password,password,1,1
2,4514,4,4,password,password,1,1
2,4515,4,4,password,password,1,1
2,4516,3,3,normal,normal,0,0
2,4517,3,3,normal,normal,0,0
2,4518,3,3,normal,normal,0,0
2,4519,2,2,injection,injection,1,1
2,4520,3,3,normal,normal,0,0
2,4521,3,3,normal,normal,0,0
2,4522,0,0,backdoor,backdoor,1,1
2,4523,0,2,backdoor,injection,1,1
2,4524,2,2,injection,injection,1,1
2,4525,3,3,normal,normal,0,0
2,4526,2,2,injection,injection,1,1
2,4527,3,3,normal,normal,0,0
2,4528,3,3,normal,normal,0,0
2,4529,2,2,injection,injection,1,1
2,4530,3,3,normal,normal,0,0
2,4531,0,0,backdoor,backdoor,1,1
2,4532,3,3,normal,normal,0,0
2,4533,0,0,backdoor,backdoor,1,1
2,4534,3,3,normal,normal,0,0
2,4535,0,0,backdoor,backdoor,1,1
2,4536,2,2,injection,injection,1,1
2,4537,3,3,normal,normal,0,0
2,4538,3,3,normal,normal,0,0
2,4539,4,4,password,password,1,1
2,4540,3,3,normal,normal,0,0
2,4541,4,4,password,password,1,1
2,4542,4,4,password,password,1,1
2,4543,4,4,password,password,1,1
2,4544,3,3,normal,normal,0,0
2,4545,4,4,password,password,1,1
2,4546,3,3,normal,normal,0,0
2,4547,3,3,normal,normal,0,0
2,4548,3,3,normal,normal,0,0
2,4549,3,3,normal,normal,0,0
2,4550,0,0,backdoor,backdoor,1,1
2,4551,3,3,normal,normal,0,0
2,4552,2,2,injection,injection,1,1
2,4553,2,2,injection,injection,1,1
2,4554,3,3,normal,normal,0,0
2,4555,3,3,normal,normal,0,0
2,4556,2,2,injection,injection,1,1
2,4557,4,4,password,password,1,1
2,4558,4,4,password,password,1,1
2,4559,3,3,normal,normal,0,0
2,4560,3,3,normal,normal,0,0
2,4561,3,3,normal,normal,0,0
2,4562,3,3,normal,normal,0,0
2,4563,0,0,backdoor,backdoor,1,1
2,4564,3,3,normal,normal,0,0
2,4565,3,3,normal,normal,0,0
2,4566,2,2,injection,injection,1,1
2,4567,3,3,normal,normal,0,0
2,4568,4,4,password,password,1,1
2,4569,3,3,normal,normal,0,0
2,4570,0,0,backdoor,backdoor,1,1
2,4571,0,0,backdoor,backdoor,1,1
2,4572,0,0,backdoor,backdoor,1,1
2,4573,3,3,normal,normal,0,0
2,4574,3,3,normal,normal,0,0
2,4575,0,0,backdoor,backdoor,1,1
2,4576,3,3,normal,normal,0,0
2,4577,4,4,password,password,1,1
2,4578,2,2,injection,injection,1,1
2,4579,2,2,injection,injection,1,1
2,4580,3,3,normal,normal,0,0
2,4581,3,3,normal,normal,0,0
2,4582,3,3,normal,normal,0,0
2,4583,3,3,normal,normal,0,0
2,4584,3,3,normal,normal,0,0
2,4585,3,3,normal,normal,0,0
2,4586,0,2,backdoor,injection,1,1
2,4587,3,3,normal,normal,0,0
2,4588,3,3,normal,normal,0,0
2,4589,3,3,normal,normal,0,0
2,4590,3,3,normal,normal,0,0
2,4591,4,4,password,password,1,1
2,4592,3,3,normal,normal,0,0
2,4593,3,3,normal,normal,0,0
2,4594,3,3,normal,normal,0,0
2,4595,3,3,normal,normal,0,0
2,4596,3,3,normal,normal,0,0
2,4597,0,0,backdoor,backdoor,1,1
2,4598,3,3,normal,normal,0,0
2,4599,3,3,normal,normal,0,0
2,4600,4,4,password,password,1,1
2,4601,3,3,normal,normal,0,0
2,4602,3,3,normal,normal,0,0
2,4603,0,2,backdoor,injection,1,1
2,4604,2,2,injection,injection,1,1
2,4605,3,3,normal,normal,0,0
2,4606,3,3,normal,normal,0,0
2,4607,4,4,password,password,1,1
2,4608,4,4,password,password,1,1
2,4609,3,3,normal,normal,0,0
2,4610,2,2,injection,injection,1,1
2,4611,3,3,normal,normal,0,0
2,4612,3,3,normal,normal,0,0
2,4613,3,3,normal,normal,0,0
2,4614,4,4,password,password,1,1
2,4615,0,0,backdoor,backdoor,1,1
2,4616,3,3,normal,normal,0,0
2,4617,4,4,password,password,1,1
2,4618,3,3,normal,normal,0,0
2,4619,4,4,password,password,1,1
2,4620,0,0,backdoor,backdoor,1,1
2,4621,3,3,normal,normal,0,0
2,4622,4,4,password,password,1,1
2,4623,0,0,backdoor,backdoor,1,1
2,4624,3,3,normal,normal,0,0
2,4625,4,4,password,password,1,1
2,4626,3,3,normal,normal,0,0
2,4627,3,3,normal,normal,0,0
2,4628,0,0,backdoor,backdoor,1,1
2,4629,3,3,normal,normal,0,0
2,4630,4,4,password,password,1,1
2,4631,3,3,normal,normal,0,0
2,4632,0,0,backdoor,backdoor,1,1
2,4633,3,3,normal,normal,0,0
2,4634,0,0,backdoor,backdoor,1,1
2,4635,3,3,normal,normal,0,0
2,4636,2,2,injection,injection,1,1
2,4637,2,2,injection,injection,1,1
2,4638,4,4,password,password,1,1
2,4639,4,4,password,password,1,1
2,4640,3,3,normal,normal,0,0
2,4641,3,3,normal,normal,0,0
2,4642,3,3,normal,normal,0,0
2,4643,0,0,backdoor,backdoor,1,1
2,4644,3,3,normal,normal,0,0
2,4645,4,4,password,password,1,1
2,4646,2,2,injection,injection,1,1
2,4647,4,4,password,password,1,1
2,4648,3,3,normal,normal,0,0
2,4649,3,3,normal,normal,0,0
2,4650,3,3,normal,normal,0,0
2,4651,3,3,normal,normal,0,0
2,4652,3,3,normal,normal,0,0
2,4653,0,0,backdoor,backdoor,1,1
2,4654,3,3,normal,normal,0,0
2,4655,3,3,normal,normal,0,0
2,4656,0,0,backdoor,backdoor,1,1
2,4657,0,0,backdoor,backdoor,1,1
2,4658,3,3,normal,normal,0,0
2,4659,3,3,normal,normal,0,0
2,4660,0,0,backdoor,backdoor,1,1
2,4661,3,3,normal,normal,0,0
2,4662,4,4,password,password,1,1
2,4663,2,2,injection,injection,1,1
2,4664,4,4,password,password,1,1
2,4665,3,3,normal,normal,0,0
2,4666,3,3,normal,normal,0,0
2,4667,0,0,backdoor,backdoor,1,1
2,4668,3,3,normal,normal,0,0
2,4669,2,2,injection,injection,1,1
2,4670,3,3,normal,normal,0,0
2,4671,4,4,password,password,1,1
2,4672,4,4,password,password,1,1
2,4673,0,0,backdoor,backdoor,1,1
2,4674,3,3,normal,normal,0,0
2,4675,3,3,normal,normal,0,0
2,4676,3,3,normal,normal,0,0
2,4677,0,0,backdoor,backdoor,1,1
2,4678,2,2,injection,injection,1,1
2,4679,3,3,normal,normal,0,0
2,4680,0,0,backdoor,backdoor,1,1
2,4681,4,4,password,password,1,1
2,4682,3,3,normal,normal,0,0
2,4683,3,3,normal,normal,0,0
2,4684,0,0,backdoor,backdoor,1,1
2,4685,3,3,normal,normal,0,0
2,4686,4,4,password,password,1,1
2,4687,2,2,injection,injection,1,1
2,4688,3,3,normal,normal,0,0
2,4689,3,3,normal,normal,0,0
2,4690,3,3,normal,normal,0,0
2,4691,4,4,password,password,1,1
2,4692,3,3,normal,normal,0,0
2,4693,2,2,injection,injection,1,1
2,4694,3,3,normal,normal,0,0
2,4695,2,2,injection,injection,1,1
2,4696,4,4,password,password,1,1
2,4697,0,0,backdoor,backdoor,1,1
2,4698,3,3,normal,normal,0,0
2,4699,3,3,normal,normal,0,0
2,4700,3,3,normal,normal,0,0
2,4701,4,4,password,password,1,1
2,4702,0,0,backdoor,backdoor,1,1
2,4703,3,3,normal,normal,0,0
2,4704,3,3,normal,normal,0,0
2,4705,3,3,normal,normal,0,0
2,4706,3,3,normal,normal,0,0
2,4707,3,3,normal,normal,0,0
2,4708,0,0,backdoor,backdoor,1,1
2,4709,3,3,normal,normal,0,0
2,4710,3,3,normal,normal,0,0
2,4711,3,3,normal,normal,0,0
2,4712,3,3,normal,normal,0,0
2,4713,0,2,backdoor,injection,1,1
2,4714,3,3,normal,normal,0,0
2,4715,4,4,password,password,1,1
2,4716,2,2,injection,injection,1,1
2,4717,3,3,normal,normal,0,0
2,4718,3,3,normal,normal,0,0
2,4719,4,4,password,password,1,1
2,4720,3,3,normal,normal,0,0
2,4721,3,3,normal,normal,0,0
2,4722,4,4,password,password,1,1
2,4723,3,3,normal,normal,0,0
2,4724,0,0,backdoor,backdoor,1,1
2,4725,0,0,backdoor,backdoor,1,1
2,4726,2,2,injection,injection,1,1
2,4727,3,3,normal,normal,0,0
2,4728,4,4,password,password,1,1
2,4729,3,3,normal,normal,0,0
2,4730,0,0,backdoor,backdoor,1,1
2,4731,2,2,injection,injection,1,1
2,4732,3,3,normal,normal,0,0
2,4733,2,2,injection,injection,1,1
2,4734,2,2,injection,injection,1,1
2,4735,3,3,normal,normal,0,0
2,4736,0,0,backdoor,backdoor,1,1
2,4737,3,3,normal,normal,0,0
2,4738,0,2,backdoor,injection,1,1
2,4739,3,3,normal,normal,0,0
2,4740,2,2,injection,injection,1,1
2,4741,3,3,normal,normal,0,0
2,4742,3,3,normal,normal,0,0
2,4743,0,0,backdoor,backdoor,1,1
2,4744,4,4,password,password,1,1
2,4745,3,3,normal,normal,0,0
2,4746,0,0,backdoor,backdoor,1,1
2,4747,0,2,backdoor,injection,1,1
2,4748,0,0,backdoor,backdoor,1,1
2,4749,2,2,injection,injection,1,1
2,4750,0,0,backdoor,backdoor,1,1
2,4751,2,2,injection,injection,1,1
2,4752,4,4,password,password,1,1
2,4753,2,2,injection,injection,1,1
2,4754,2,2,injection,injection,1,1
2,4755,3,3,normal,normal,0,0
2,4756,3,3,normal,normal,0,0
2,4757,3,3,normal,normal,0,0
2,4758,3,3,normal,normal,0,0
2,4759,3,3,normal,normal,0,0
2,4760,0,0,backdoor,backdoor,1,1
2,4761,0,0,backdoor,backdoor,1,1
2,4762,0,0,backdoor,backdoor,1,1
2,4763,2,2,injection,injection,1,1
2,4764,4,4,password,password,1,1
2,4765,0,0,backdoor,backdoor,1,1
2,4766,3,3,normal,normal,0,0
2,4767,4,4,password,password,1,1
2,4768,3,3,normal,normal,0,0
2,4769,4,4,password,password,1,1
2,4770,3,3,normal,normal,0,0
2,4771,3,3,normal,normal,0,0
2,4772,0,3,backdoor,normal,1,0
2,4773,2,2,injection,injection,1,1
2,4774,3,3,normal,normal,0,0
2,4775,3,3,normal,normal,0,0
2,4776,4,4,password,password,1,1
2,4777,2,2,injection,injection,1,1
2,4778,3,3,normal,normal,0,0
2,4779,3,3,normal,normal,0,0
2,4780,0,0,backdoor,backdoor,1,1
2,4781,2,2,injection,injection,1,1
2,4782,0,2,backdoor,injection,1,1
2,4783,0,0,backdoor,backdoor,1,1
2,4784,3,3,normal,normal,0,0
2,4785,3,3,normal,normal,0,0
2,4786,0,2,backdoor,injection,1,1
2,4787,3,3,normal,normal,0,0
2,4788,0,0,backdoor,backdoor,1,1
2,4789,2,2,injection,injection,1,1
2,4790,0,0,backdoor,backdoor,1,1
2,4791,2,2,injection,injection,1,1
2,4792,4,4,password,password,1,1
2,4793,0,0,backdoor,backdoor,1,1
2,4794,3,3,normal,normal,0,0
2,4795,3,3,normal,normal,0,0
2,4796,3,3,normal,normal,0,0
2,4797,3,3,normal,normal,0,0
2,4798,2,2,injection,injection,1,1
2,4799,2,2,injection,injection,1,1
2,4800,3,3,normal,normal,0,0
2,4801,3,3,normal,normal,0,0
2,4802,3,3,normal,normal,0,0
2,4803,4,4,password,password,1,1
2,4804,0,0,backdoor,backdoor,1,1
2,4805,3,3,normal,normal,0,0
2,4806,3,3,normal,normal,0,0
2,4807,3,3,normal,normal,0,0
2,4808,0,2,backdoor,injection,1,1
2,4809,3,3,normal,normal,0,0
2,4810,3,3,normal,normal,0,0
2,4811,3,3,normal,normal,0,0
2,4812,2,2,injection,injection,1,1
2,4813,0,0,backdoor,backdoor,1,1
2,4814,3,3,normal,normal,0,0
2,4815,2,2,injection,injection,1,1
2,4816,4,4,password,password,1,1
2,4817,2,2,injection,injection,1,1
2,4818,4,4,password,password,1,1
2,4819,3,3,normal,normal,0,0
2,4820,4,4,password,password,1,1
2,4821,3,3,normal,normal,0,0
2,4822,2,2,injection,injection,1,1
2,4823,3,3,normal,normal,0,0
2,4824,3,3,normal,normal,0,0
2,4825,3,3,normal,normal,0,0
2,4826,3,3,normal,normal,0,0
2,4827,2,2,injection,injection,1,1
2,4828,0,0,backdoor,backdoor,1,1
2,4829,3,3,normal,normal,0,0
2,4830,2,2,injection,injection,1,1
2,4831,3,3,normal,normal,0,0
2,4832,3,3,normal,normal,0,0
2,4833,3,3,normal,normal,0,0
2,4834,0,0,backdoor,backdoor,1,1
2,4835,3,3,normal,normal,0,0
2,4836,4,4,password,password,1,1
2,4837,0,0,backdoor,backdoor,1,1
2,4838,4,4,password,password,1,1
2,4839,3,3,normal,normal,0,0
2,4840,2,2,injection,injection,1,1
2,4841,4,4,password,password,1,1
2,4842,3,3,normal,normal,0,0
2,4843,3,3,normal,normal,0,0
2,4844,2,2,injection,injection,1,1
2,4845,2,2,injection,injection,1,1
2,4846,3,3,normal,normal,0,0
2,4847,3,3,normal,normal,0,0
2,4848,2,2,injection,injection,1,1
2,4849,4,4,password,password,1,1
2,4850,0,0,backdoor,backdoor,1,1
2,4851,4,4,password,password,1,1
2,4852,3,3,normal,normal,0,0
2,4853,2,2,injection,injection,1,1
2,4854,3,3,normal,normal,0,0
2,4855,3,3,normal,normal,0,0
2,4856,4,4,password,password,1,1
2,4857,3,3,normal,normal,0,0
2,4858,2,2,injection,injection,1,1
2,4859,3,3,normal,normal,0,0
2,4860,3,3,normal,normal,0,0
2,4861,2,2,injection,injection,1,1
2,4862,2,2,injection,injection,1,1
2,4863,0,0,backdoor,backdoor,1,1
2,4864,0,0,backdoor,backdoor,1,1
2,4865,0,2,backdoor,injection,1,1
2,4866,3,3,normal,normal,0,0
2,4867,0,0,backdoor,backdoor,1,1
2,4868,0,0,backdoor,backdoor,1,1
2,4869,3,3,normal,normal,0,0
2,4870,0,0,backdoor,backdoor,1,1
2,4871,3,3,normal,normal,0,0
2,4872,2,2,injection,injection,1,1
2,4873,3,3,normal,normal,0,0
2,4874,3,3,normal,normal,0,0
2,4875,4,4,password,password,1,1
2,4876,3,3,normal,normal,0,0
2,4877,0,0,backdoor,backdoor,1,1
2,4878,2,2,injection,injection,1,1
2,4879,3,3,normal,normal,0,0
2,4880,3,3,normal,normal,0,0
2,4881,3,3,normal,normal,0,0
2,4882,2,2,injection,injection,1,1
2,4883,3,3,normal,normal,0,0
2,4884,3,3,normal,normal,0,0
2,4885,2,2,injection,injection,1,1
2,4886,2,2,injection,injection,1,1
2,4887,3,3,normal,normal,0,0
2,4888,2,2,injection,injection,1,1
2,4889,3,3,normal,normal,0,0
2,4890,3,3,normal,normal,0,0
2,4891,3,3,normal,normal,0,0
2,4892,3,3,normal,normal,0,0
2,4893,2,2,injection,injection,1,1
2,4894,3,3,normal,normal,0,0
2,4895,4,4,password,password,1,1
2,4896,4,4,password,password,1,1
2,4897,3,3,normal,normal,0,0
2,4898,0,2,backdoor,injection,1,1
2,4899,0,0,backdoor,backdoor,1,1
2,4900,3,3,normal,normal,0,0
2,4901,0,2,backdoor,injection,1,1
2,4902,0,0,backdoor,backdoor,1,1
2,4903,3,3,normal,normal,0,0
2,4904,3,3,normal,normal,0,0
2,4905,2,2,injection,injection,1,1
2,4906,3,3,normal,normal,0,0
2,4907,3,3,normal,normal,0,0
2,4908,3,3,normal,normal,0,0
2,4909,2,2,injection,injection,1,1
2,4910,3,3,normal,normal,0,0
2,4911,4,4,password,password,1,1
2,4912,3,3,normal,normal,0,0
2,4913,4,4,password,password,1,1
2,4914,4,4,password,password,1,1
2,4915,3,3,normal,normal,0,0
2,4916,4,4,password,password,1,1
2,4917,3,3,normal,normal,0,0
2,4918,0,0,backdoor,backdoor,1,1
2,4919,4,4,password,password,1,1
2,4920,4,4,password,password,1,1
2,4921,3,3,normal,normal,0,0
2,4922,0,0,backdoor,backdoor,1,1
2,4923,3,3,normal,normal,0,0
2,4924,2,2,injection,injection,1,1
2,4925,3,3,normal,normal,0,0
2,4926,0,2,backdoor,injection,1,1
2,4927,3,3,normal,normal,0,0
2,4928,3,3,normal,normal,0,0
2,4929,4,4,password,password,1,1
2,4930,3,3,normal,normal,0,0
2,4931,4,4,password,password,1,1
2,4932,3,3,normal,normal,0,0
2,4933,3,3,normal,normal,0,0
2,4934,4,4,password,password,1,1
2,4935,3,3,normal,normal,0,0
2,4936,3,3,normal,normal,0,0
2,4937,2,2,injection,injection,1,1
2,4938,0,0,backdoor,backdoor,1,1
2,4939,0,0,backdoor,backdoor,1,1
2,4940,3,3,normal,normal,0,0
2,4941,3,3,normal,normal,0,0
2,4942,3,3,normal,normal,0,0
2,4943,3,3,normal,normal,0,0
2,4944,2,2,injection,injection,1,1
2,4945,2,2,injection,injection,1,1
2,4946,3,3,normal,normal,0,0
2,4947,3,3,normal,normal,0,0
2,4948,0,0,backdoor,backdoor,1,1
2,4949,4,4,password,password,1,1
2,4950,2,2,injection,injection,1,1
2,4951,2,2,injection,injection,1,1
2,4952,4,4,password,password,1,1
2,4953,3,3,normal,normal,0,0
2,4954,2,2,injection,injection,1,1
2,4955,4,4,password,password,1,1
2,4956,3,3,normal,normal,0,0
2,4957,3,3,normal,normal,0,0
2,4958,3,3,normal,normal,0,0
2,4959,2,2,injection,injection,1,1
2,4960,3,3,normal,normal,0,0
2,4961,3,3,normal,normal,0,0
2,4962,3,3,normal,normal,0,0
2,4963,3,3,normal,normal,0,0
2,4964,3,3,normal,normal,0,0
2,4965,4,4,password,password,1,1
2,4966,3,3,normal,normal,0,0
2,4967,3,3,normal,normal,0,0
2,4968,4,4,password,password,1,1
2,4969,2,0,injection,backdoor,1,1
2,4970,4,4,password,password,1,1
2,4971,0,0,backdoor,backdoor,1,1
2,4972,3,3,normal,normal,0,0
2,4973,3,3,normal,normal,0,0
2,4974,3,3,normal,normal,0,0
2,4975,3,3,normal,normal,0,0
2,4976,3,3,normal,normal,0,0
2,4977,3,3,normal,normal,0,0
2,4978,4,4,password,password,1,1
2,4979,3,3,normal,normal,0,0
2,4980,0,0,backdoor,backdoor,1,1
2,4981,2,0,injection,backdoor,1,1
2,4982,4,4,password,password,1,1
2,4983,2,2,injection,injection,1,1
2,4984,3,3,normal,normal,0,0
2,4985,3,3,normal,normal,0,0
2,4986,0,0,backdoor,backdoor,1,1
2,4987,3,3,normal,normal,0,0
2,4988,0,2,backdoor,injection,1,1
2,4989,3,3,normal,normal,0,0
2,4990,0,0,backdoor,backdoor,1,1
2,4991,4,4,password,password,1,1
2,4992,4,4,password,password,1,1
2,4993,4,4,password,password,1,1
2,4994,3,3,normal,normal,0,0
2,4995,3,3,normal,normal,0,0
2,4996,3,3,normal,normal,0,0
2,4997,3,3,normal,normal,0,0
2,4998,3,3,normal,normal,0,0
2,4999,0,2,backdoor,injection,1,1
2,5000,3,3,normal,normal,0,0
2,5001,3,3,normal,normal,0,0
2,5002,0,0,backdoor,backdoor,1,1
2,5003,3,3,normal,normal,0,0
2,5004,0,0,backdoor,backdoor,1,1
2,5005,3,3,normal,normal,0,0
2,5006,2,2,injection,injection,1,1
2,5007,3,3,normal,normal,0,0
2,5008,2,2,injection,injection,1,1
2,5009,3,3,normal,normal,0,0
2,5010,3,3,normal,normal,0,0
2,5011,3,3,normal,normal,0,0
2,5012,3,3,normal,normal,0,0
2,5013,3,3,normal,normal,0,0
2,5014,2,2,injection,injection,1,1
2,5015,0,0,backdoor,backdoor,1,1
2,5016,3,3,normal,normal,0,0
2,5017,2,2,injection,injection,1,1
2,5018,3,3,normal,normal,0,0
2,5019,3,3,normal,normal,0,0
2,5020,3,3,normal,normal,0,0
2,5021,2,2,injection,injection,1,1
2,5022,3,3,normal,normal,0,0
2,5023,3,3,normal,normal,0,0
2,5024,3,3,normal,normal,0,0
2,5025,0,0,backdoor,backdoor,1,1
2,5026,3,3,normal,normal,0,0
2,5027,0,0,backdoor,backdoor,1,1
2,5028,2,2,injection,injection,1,1
2,5029,2,2,injection,injection,1,1
2,5030,3,3,normal,normal,0,0
2,5031,2,2,injection,injection,1,1
2,5032,0,0,backdoor,backdoor,1,1
2,5033,2,2,injection,injection,1,1
2,5034,0,0,backdoor,backdoor,1,1
2,5035,0,0,backdoor,backdoor,1,1
2,5036,3,3,normal,normal,0,0
2,5037,3,3,normal,normal,0,0
2,5038,3,3,normal,normal,0,0
2,5039,0,0,backdoor,backdoor,1,1
2,5040,3,3,normal,normal,0,0
2,5041,2,2,injection,injection,1,1
2,5042,3,3,normal,normal,0,0
2,5043,4,4,password,password,1,1
2,5044,3,3,normal,normal,0,0
2,5045,2,2,injection,injection,1,1
2,5046,3,3,normal,normal,0,0
2,5047,3,3,normal,normal,0,0
2,5048,3,3,normal,normal,0,0
2,5049,0,0,backdoor,backdoor,1,1
2,5050,2,2,injection,injection,1,1
2,5051,0,0,backdoor,backdoor,1,1
2,5052,2,2,injection,injection,1,1
2,5053,0,0,backdoor,backdoor,1,1
2,5054,3,3,normal,normal,0,0
2,5055,2,2,injection,injection,1,1
2,5056,3,3,normal,normal,0,0
2,5057,0,0,backdoor,backdoor,1,1
2,5058,3,3,normal,normal,0,0
2,5059,3,3,normal,normal,0,0
2,5060,3,3,normal,normal,0,0
2,5061,4,4,password,password,1,1
2,5062,3,3,normal,normal,0,0
2,5063,3,3,normal,normal,0,0
2,5064,4,4,password,password,1,1
2,5065,3,3,normal,normal,0,0
2,5066,2,2,injection,injection,1,1
2,5067,4,4,password,password,1,1
2,5068,4,4,password,password,1,1
2,5069,0,0,backdoor,backdoor,1,1
2,5070,2,2,injection,injection,1,1
2,5071,3,3,normal,normal,0,0
2,5072,3,3,normal,normal,0,0
2,5073,2,2,injection,injection,1,1
2,5074,3,3,normal,normal,0,0
2,5075,4,4,password,password,1,1
2,5076,3,3,normal,normal,0,0
2,5077,3,3,normal,normal,0,0
2,5078,2,2,injection,injection,1,1
2,5079,4,4,password,password,1,1
2,5080,4,4,password,password,1,1
2,5081,3,3,normal,normal,0,0
2,5082,3,3,normal,normal,0,0
2,5083,4,4,password,password,1,1
2,5084,3,3,normal,normal,0,0
2,5085,4,4,password,password,1,1
2,5086,3,3,normal,normal,0,0
2,5087,3,3,normal,normal,0,0
2,5088,4,4,password,password,1,1
2,5089,3,3,normal,normal,0,0
2,5090,4,4,password,password,1,1
2,5091,0,0,backdoor,backdoor,1,1
2,5092,3,3,normal,normal,0,0
2,5093,2,2,injection,injection,1,1
2,5094,3,3,normal,normal,0,0
2,5095,2,2,injection,injection,1,1
2,5096,3,3,normal,normal,0,0
2,5097,3,3,normal,normal,0,0
2,5098,3,3,normal,normal,0,0
2,5099,4,4,password,password,1,1
2,5100,3,3,normal,normal,0,0
2,5101,4,4,password,password,1,1
2,5102,0,0,backdoor,backdoor,1,1
2,5103,4,4,password,password,1,1
2,5104,3,3,normal,normal,0,0
2,5105,0,0,backdoor,backdoor,1,1
2,5106,4,4,password,password,1,1
2,5107,3,3,normal,normal,0,0
2,5108,0,2,backdoor,injection,1,1
2,5109,3,3,normal,normal,0,0
2,5110,3,3,normal,normal,0,0
2,5111,3,3,normal,normal,0,0
2,5112,3,3,normal,normal,0,0
2,5113,3,3,normal,normal,0,0
2,5114,2,2,injection,injection,1,1
2,5115,3,3,normal,normal,0,0
2,5116,3,3,normal,normal,0,0
2,5117,2,2,injection,injection,1,1
2,5118,4,4,password,password,1,1
2,5119,0,0,backdoor,backdoor,1,1
2,5120,2,2,injection,injection,1,1
2,5121,3,3,normal,normal,0,0
2,5122,0,0,backdoor,backdoor,1,1
2,5123,3,3,normal,normal,0,0
2,5124,3,3,normal,normal,0,0
2,5125,3,3,normal,normal,0,0
2,5126,3,3,normal,normal,0,0
2,5127,0,3,backdoor,normal,1,0
2,5128,0,0,backdoor,backdoor,1,1
2,5129,3,3,normal,normal,0,0
2,5130,0,0,backdoor,backdoor,1,1
2,5131,3,3,normal,normal,0,0
2,5132,3,3,normal,normal,0,0
2,5133,4,4,password,password,1,1
2,5134,3,3,normal,normal,0,0
2,5135,0,0,backdoor,backdoor,1,1
2,5136,2,2,injection,injection,1,1
2,5137,3,3,normal,normal,0,0
2,5138,2,2,injection,injection,1,1
2,5139,3,3,normal,normal,0,0
2,5140,3,3,normal,normal,0,0
2,5141,3,3,normal,normal,0,0
2,5142,3,3,normal,normal,0,0
2,5143,3,3,normal,normal,0,0
2,5144,0,0,backdoor,backdoor,1,1
2,5145,4,4,password,password,1,1
2,5146,3,3,normal,normal,0,0
2,5147,3,3,normal,normal,0,0
2,5148,3,3,normal,normal,0,0
2,5149,4,4,password,password,1,1
2,5150,2,2,injection,injection,1,1
2,5151,3,3,normal,normal,0,0
2,5152,3,3,normal,normal,0,0
2,5153,3,3,normal,normal,0,0
2,5154,3,3,normal,normal,0,0
2,5155,2,2,injection,injection,1,1
2,5156,3,3,normal,normal,0,0
2,5157,3,3,normal,normal,0,0
2,5158,3,3,normal,normal,0,0
2,5159,0,2,backdoor,injection,1,1
2,5160,3,3,normal,normal,0,0
2,5161,4,4,password,password,1,1
2,5162,2,2,injection,injection,1,1
2,5163,3,3,normal,normal,0,0
2,5164,3,3,normal,normal,0,0
2,5165,3,3,normal,normal,0,0
2,5166,3,3,normal,normal,0,0
2,5167,3,3,normal,normal,0,0
2,5168,3,3,normal,normal,0,0
2,5169,0,0,backdoor,backdoor,1,1
2,5170,4,4,password,password,1,1
2,5171,3,3,normal,normal,0,0
2,5172,2,2,injection,injection,1,1
2,5173,3,3,normal,normal,0,0
2,5174,4,4,password,password,1,1
2,5175,0,0,backdoor,backdoor,1,1
2,5176,2,2,injection,injection,1,1
2,5177,3,3,normal,normal,0,0
2,5178,3,3,normal,normal,0,0
2,5179,2,2,injection,injection,1,1
2,5180,2,2,injection,injection,1,1
2,5181,4,4,password,password,1,1
2,5182,3,3,normal,normal,0,0
2,5183,0,0,backdoor,backdoor,1,1
2,5184,2,0,injection,backdoor,1,1
2,5185,3,3,normal,normal,0,0
2,5186,2,2,injection,injection,1,1
2,5187,4,4,password,password,1,1
2,5188,3,3,normal,normal,0,0
2,5189,3,3,normal,normal,0,0
2,5190,2,2,injection,injection,1,1
2,5191,0,3,backdoor,normal,1,0
2,5192,3,3,normal,normal,0,0
2,5193,3,3,normal,normal,0,0
2,5194,0,2,backdoor,injection,1,1
2,5195,0,0,backdoor,backdoor,1,1
2,5196,3,3,normal,normal,0,0
2,5197,3,3,normal,normal,0,0
2,5198,4,4,password,password,1,1
2,5199,2,2,injection,injection,1,1
2,5200,3,3,normal,normal,0,0
2,5201,3,3,normal,normal,0,0
2,5202,3,3,normal,normal,0,0
2,5203,2,2,injection,injection,1,1
2,5204,3,3,normal,normal,0,0
2,5205,0,0,backdoor,backdoor,1,1
2,5206,3,3,normal,normal,0,0
2,5207,3,3,normal,normal,0,0
2,5208,3,3,normal,normal,0,0
2,5209,3,3,normal,normal,0,0
2,5210,3,3,normal,normal,0,0
2,5211,3,3,normal,normal,0,0
2,5212,3,3,normal,normal,0,0
2,5213,4,4,password,password,1,1
2,5214,2,2,injection,injection,1,1
2,5215,3,3,normal,normal,0,0
2,5216,3,3,normal,normal,0,0
2,5217,3,3,normal,normal,0,0
2,5218,4,4,password,password,1,1
2,5219,0,0,backdoor,backdoor,1,1
2,5220,2,2,injection,injection,1,1
2,5221,2,2,injection,injection,1,1
2,5222,4,4,password,password,1,1
2,5223,2,2,injection,injection,1,1
2,5224,3,3,normal,normal,0,0
2,5225,3,3,normal,normal,0,0
2,5226,3,3,normal,normal,0,0
2,5227,4,4,password,password,1,1
2,5228,4,4,password,password,1,1
2,5229,3,3,normal,normal,0,0
2,5230,4,4,password,password,1,1
2,5231,3,3,normal,normal,0,0
2,5232,3,3,normal,normal,0,0
2,5233,3,3,normal,normal,0,0
2,5234,3,3,normal,normal,0,0
2,5235,3,3,normal,normal,0,0
2,5236,3,3,normal,normal,0,0
2,5237,3,3,normal,normal,0,0
2,5238,0,0,backdoor,backdoor,1,1
2,5239,3,3,normal,normal,0,0
2,5240,4,4,password,password,1,1
2,5241,0,0,backdoor,backdoor,1,1
2,5242,0,0,backdoor,backdoor,1,1
2,5243,4,4,password,password,1,1
2,5244,4,4,password,password,1,1
2,5245,0,0,backdoor,backdoor,1,1
2,5246,3,3,normal,normal,0,0
2,5247,3,3,normal,normal,0,0
2,5248,3,3,normal,normal,0,0
2,5249,3,3,normal,normal,0,0
2,5250,2,2,injection,injection,1,1
2,5251,2,2,injection,injection,1,1
2,5252,2,2,injection,injection,1,1
2,5253,4,4,password,password,1,1
2,5254,0,0,backdoor,backdoor,1,1
2,5255,0,0,backdoor,backdoor,1,1
2,5256,4,4,password,password,1,1
2,5257,2,2,injection,injection,1,1
2,5258,0,0,backdoor,backdoor,1,1
2,5259,3,3,normal,normal,0,0
2,5260,4,4,password,password,1,1
2,5261,3,3,normal,normal,0,0
2,5262,3,3,normal,normal,0,0
2,5263,2,2,injection,injection,1,1
2,5264,3,3,normal,normal,0,0
2,5265,0,3,backdoor,normal,1,0
2,5266,3,3,normal,normal,0,0
2,5267,3,3,normal,normal,0,0
2,5268,3,3,normal,normal,0,0
2,5269,0,3,backdoor,normal,1,0
2,5270,0,0,backdoor,backdoor,1,1
2,5271,3,3,normal,normal,0,0
2,5272,3,3,normal,normal,0,0
2,5273,3,3,normal,normal,0,0
2,5274,3,3,normal,normal,0,0
2,5275,4,4,password,password,1,1
2,5276,3,3,normal,normal,0,0
2,5277,4,4,password,password,1,1
2,5278,4,4,password,password,1,1
2,5279,2,2,injection,injection,1,1
2,5280,3,3,normal,normal,0,0
2,5281,3,3,normal,normal,0,0
2,5282,4,4,password,password,1,1
2,5283,2,2,injection,injection,1,1
2,5284,2,2,injection,injection,1,1
2,5285,0,2,backdoor,injection,1,1
2,5286,2,2,injection,injection,1,1
2,5287,3,3,normal,normal,0,0
2,5288,0,0,backdoor,backdoor,1,1
2,5289,4,4,password,password,1,1
2,5290,0,0,backdoor,backdoor,1,1
2,5291,4,4,password,password,1,1
2,5292,3,3,normal,normal,0,0
2,5293,3,3,normal,normal,0,0
2,5294,3,3,normal,normal,0,0
2,5295,3,3,normal,normal,0,0
2,5296,2,2,injection,injection,1,1
2,5297,0,0,backdoor,backdoor,1,1
2,5298,0,0,backdoor,backdoor,1,1
2,5299,0,0,backdoor,backdoor,1,1
2,5300,4,4,password,password,1,1
2,5301,3,3,normal,normal,0,0
2,5302,2,2,injection,injection,1,1
2,5303,0,0,backdoor,backdoor,1,1
2,5304,2,2,injection,injection,1,1
2,5305,4,4,password,password,1,1
2,5306,4,4,password,password,1,1
2,5307,3,3,normal,normal,0,0
2,5308,3,3,normal,normal,0,0
2,5309,0,0,backdoor,backdoor,1,1
2,5310,4,4,password,password,1,1
2,5311,3,3,normal,normal,0,0
2,5312,3,3,normal,normal,0,0
2,5313,0,2,backdoor,injection,1,1
2,5314,0,0,backdoor,backdoor,1,1
2,5315,3,3,normal,normal,0,0
2,5316,2,2,injection,injection,1,1
2,5317,3,3,normal,normal,0,0
2,5318,4,4,password,password,1,1
2,5319,3,3,normal,normal,0,0
2,5320,3,3,normal,normal,0,0
2,5321,3,3,normal,normal,0,0
2,5322,2,2,injection,injection,1,1
2,5323,3,3,normal,normal,0,0
2,5324,3,3,normal,normal,0,0
2,5325,4,4,password,password,1,1
2,5326,3,3,normal,normal,0,0
2,5327,0,3,backdoor,normal,1,0
2,5328,4,4,password,password,1,1
2,5329,2,2,injection,injection,1,1
2,5330,2,2,injection,injection,1,1
2,5331,2,2,injection,injection,1,1
2,5332,3,3,normal,normal,0,0
2,5333,4,4,password,password,1,1
2,5334,4,4,password,password,1,1
2,5335,2,2,injection,injection,1,1
2,5336,3,3,normal,normal,0,0
2,5337,3,3,normal,normal,0,0
2,5338,4,4,password,password,1,1
2,5339,2,2,injection,injection,1,1
2,5340,3,3,normal,normal,0,0
2,5341,3,3,normal,normal,0,0
2,5342,2,2,injection,injection,1,1
2,5343,3,3,normal,normal,0,0
2,5344,3,3,normal,normal,0,0
2,5345,3,3,normal,normal,0,0
2,5346,3,3,normal,normal,0,0
2,5347,3,3,normal,normal,0,0
2,5348,0,0,backdoor,backdoor,1,1
2,5349,4,4,password,password,1,1
2,5350,4,4,password,password,1,1
2,5351,4,4,password,password,1,1
2,5352,2,2,injection,injection,1,1
2,5353,3,3,normal,normal,0,0
2,5354,2,2,injection,injection,1,1
2,5355,4,4,password,password,1,1
2,5356,3,3,normal,normal,0,0
2,5357,3,3,normal,normal,0,0
2,5358,3,3,normal,normal,0,0
2,5359,0,2,backdoor,injection,1,1
2,5360,2,2,injection,injection,1,1
2,5361,3,3,normal,normal,0,0
2,5362,3,3,normal,normal,0,0
2,5363,0,0,backdoor,backdoor,1,1
2,5364,3,3,normal,normal,0,0
2,5365,3,3,normal,normal,0,0
2,5366,2,2,injection,injection,1,1
2,5367,2,2,injection,injection,1,1
2,5368,2,2,injection,injection,1,1
2,5369,4,4,password,password,1,1
2,5370,4,4,password,password,1,1
2,5371,2,2,injection,injection,1,1
2,5372,2,2,injection,injection,1,1
2,5373,3,3,normal,normal,0,0
2,5374,3,3,normal,normal,0,0
2,5375,3,3,normal,normal,0,0
2,5376,4,4,password,password,1,1
2,5377,3,3,normal,normal,0,0
2,5378,3,3,normal,normal,0,0
2,5379,4,4,password,password,1,1
2,5380,2,2,injection,injection,1,1
2,5381,3,3,normal,normal,0,0
2,5382,3,3,normal,normal,0,0
2,5383,3,3,normal,normal,0,0
2,5384,4,4,password,password,1,1
2,5385,2,2,injection,injection,1,1
2,5386,4,4,password,password,1,1
2,5387,2,2,injection,injection,1,1
2,5388,0,0,backdoor,backdoor,1,1
2,5389,3,3,normal,normal,0,0
2,5390,4,4,password,password,1,1
2,5391,3,3,normal,normal,0,0
2,5392,2,2,injection,injection,1,1
2,5393,3,3,normal,normal,0,0
2,5394,4,4,password,password,1,1
2,5395,0,0,backdoor,backdoor,1,1
2,5396,3,3,normal,normal,0,0
2,5397,3,3,normal,normal,0,0
2,5398,3,3,normal,normal,0,0
2,5399,2,2,injection,injection,1,1
2,5400,2,2,injection,injection,1,1
2,5401,2,2,injection,injection,1,1
2,5402,3,3,normal,normal,0,0
2,5403,3,3,normal,normal,0,0
2,5404,3,3,normal,normal,0,0
2,5405,2,2,injection,injection,1,1
2,5406,0,0,backdoor,backdoor,1,1
2,5407,3,3,normal,normal,0,0
2,5408,3,3,normal,normal,0,0
2,5409,4,4,password,password,1,1
2,5410,2,2,injection,injection,1,1
2,5411,3,3,normal,normal,0,0
2,5412,2,2,injection,injection,1,1
2,5413,0,2,backdoor,injection,1,1
2,5414,2,2,injection,injection,1,1
2,5415,3,3,normal,normal,0,0
2,5416,0,2,backdoor,injection,1,1
2,5417,3,3,normal,normal,0,0
2,5418,2,2,injection,injection,1,1
2,5419,3,3,normal,normal,0,0
2,5420,4,4,password,password,1,1
2,5421,3,3,normal,normal,0,0
2,5422,3,3,normal,normal,0,0
2,5423,4,4,password,password,1,1
2,5424,3,3,normal,normal,0,0
2,5425,4,4,password,password,1,1
2,5426,3,3,normal,normal,0,0
2,5427,2,2,injection,injection,1,1
2,5428,3,3,normal,normal,0,0
2,5429,3,3,normal,normal,0,0
2,5430,0,0,backdoor,backdoor,1,1
2,5431,4,4,password,password,1,1
2,5432,3,3,normal,normal,0,0
2,5433,2,2,injection,injection,1,1
2,5434,3,3,normal,normal,0,0
2,5435,0,0,backdoor,backdoor,1,1
2,5436,2,2,injection,injection,1,1
2,5437,2,2,injection,injection,1,1
2,5438,4,4,password,password,1,1
2,5439,3,3,normal,normal,0,0
2,5440,3,3,normal,normal,0,0
2,5441,3,3,normal,normal,0,0
2,5442,3,3,normal,normal,0,0
2,5443,3,3,normal,normal,0,0
2,5444,3,3,normal,normal,0,0
2,5445,3,3,normal,normal,0,0
2,5446,3,3,normal,normal,0,0
2,5447,3,3,normal,normal,0,0
2,5448,3,3,normal,normal,0,0
2,5449,3,3,normal,normal,0,0
2,5450,4,4,password,password,1,1
2,5451,2,2,injection,injection,1,1
2,5452,3,3,normal,normal,0,0
2,5453,2,2,injection,injection,1,1
2,5454,3,3,normal,normal,0,0
2,5455,3,3,normal,normal,0,0
2,5456,3,3,normal,normal,0,0
2,5457,0,0,backdoor,backdoor,1,1
2,5458,0,0,backdoor,backdoor,1,1
2,5459,3,3,normal,normal,0,0
2,5460,4,4,password,password,1,1
2,5461,3,3,normal,normal,0,0
2,5462,0,2,backdoor,injection,1,1
2,5463,0,0,backdoor,backdoor,1,1
2,5464,3,3,normal,normal,0,0
2,5465,0,0,backdoor,backdoor,1,1
2,5466,3,3,normal,normal,0,0
2,5467,3,3,normal,normal,0,0
2,5468,3,3,normal,normal,0,0
2,5469,0,0,backdoor,backdoor,1,1
2,5470,3,3,normal,normal,0,0
2,5471,3,3,normal,normal,0,0
2,5472,3,3,normal,normal,0,0
2,5473,3,3,normal,normal,0,0
2,5474,3,3,normal,normal,0,0
2,5475,2,2,injection,injection,1,1
2,5476,3,3,normal,normal,0,0
2,5477,3,3,normal,normal,0,0
2,5478,4,4,password,password,1,1
2,5479,0,0,backdoor,backdoor,1,1
2,5480,2,2,injection,injection,1,1
2,5481,3,3,normal,normal,0,0
2,5482,3,3,normal,normal,0,0
2,5483,3,3,normal,normal,0,0
2,5484,2,2,injection,injection,1,1
2,5485,4,4,password,password,1,1
2,5486,2,2,injection,injection,1,1
2,5487,3,3,normal,normal,0,0
2,5488,3,3,normal,normal,0,0
2,5489,3,3,normal,normal,0,0
2,5490,3,3,normal,normal,0,0
2,5491,0,0,backdoor,backdoor,1,1
2,5492,3,3,normal,normal,0,0
2,5493,2,2,injection,injection,1,1
2,5494,0,0,backdoor,backdoor,1,1
2,5495,3,3,normal,normal,0,0
2,5496,4,4,password,password,1,1
2,5497,3,3,normal,normal,0,0
2,5498,4,4,password,password,1,1
2,5499,0,0,backdoor,backdoor,1,1
2,5500,0,2,backdoor,injection,1,1
2,5501,3,3,normal,normal,0,0
2,5502,0,0,backdoor,backdoor,1,1
2,5503,3,3,normal,normal,0,0
2,5504,3,3,normal,normal,0,0
2,5505,3,3,normal,normal,0,0
2,5506,0,2,backdoor,injection,1,1
2,5507,2,2,injection,injection,1,1
2,5508,4,4,password,password,1,1
2,5509,3,3,normal,normal,0,0
2,5510,0,2,backdoor,injection,1,1
2,5511,3,3,normal,normal,0,0
2,5512,4,4,password,password,1,1
2,5513,3,3,normal,normal,0,0
2,5514,2,2,injection,injection,1,1
2,5515,3,3,normal,normal,0,0
2,5516,3,3,normal,normal,0,0
2,5517,4,4,password,password,1,1
2,5518,3,3,normal,normal,0,0
2,5519,3,3,normal,normal,0,0
2,5520,3,3,normal,normal,0,0
2,5521,3,3,normal,normal,0,0
2,5522,4,4,password,password,1,1
2,5523,3,3,normal,normal,0,0
2,5524,3,3,normal,normal,0,0
2,5525,3,3,normal,normal,0,0
2,5526,3,3,normal,normal,0,0
2,5527,2,2,injection,injection,1,1
2,5528,3,3,normal,normal,0,0
2,5529,3,3,normal,normal,0,0
2,5530,2,2,injection,injection,1,1
2,5531,0,0,backdoor,backdoor,1,1
2,5532,3,3,normal,normal,0,0
2,5533,3,3,normal,normal,0,0
2,5534,2,2,injection,injection,1,1
2,5535,3,3,normal,normal,0,0
2,5536,3,3,normal,normal,0,0
2,5537,0,0,backdoor,backdoor,1,1
2,5538,3,3,normal,normal,0,0
2,5539,0,0,backdoor,backdoor,1,1
2,5540,2,2,injection,injection,1,1
2,5541,4,4,password,password,1,1
2,5542,3,3,normal,normal,0,0
2,5543,0,0,backdoor,backdoor,1,1
2,5544,2,2,injection,injection,1,1
2,5545,4,4,password,password,1,1
2,5546,0,0,backdoor,backdoor,1,1
2,5547,3,3,normal,normal,0,0
2,5548,4,4,password,password,1,1
2,5549,2,2,injection,injection,1,1
2,5550,3,3,normal,normal,0,0
2,5551,0,0,backdoor,backdoor,1,1
2,5552,0,2,backdoor,injection,1,1
2,5553,0,0,backdoor,backdoor,1,1
2,5554,3,3,normal,normal,0,0
2,5555,3,3,normal,normal,0,0
2,5556,3,3,normal,normal,0,0
2,5557,3,3,normal,normal,0,0
2,5558,3,3,normal,normal,0,0
2,5559,0,0,backdoor,backdoor,1,1
2,5560,4,4,password,password,1,1
2,5561,2,2,injection,injection,1,1
2,5562,3,3,normal,normal,0,0
2,5563,0,0,backdoor,backdoor,1,1
2,5564,0,2,backdoor,injection,1,1
2,5565,4,4,password,password,1,1
2,5566,4,4,password,password,1,1
2,5567,2,2,injection,injection,1,1
2,5568,3,3,normal,normal,0,0
2,5569,3,3,normal,normal,0,0
2,5570,3,3,normal,normal,0,0
2,5571,2,2,injection,injection,1,1
2,5572,2,2,injection,injection,1,1
2,5573,2,2,injection,injection,1,1
2,5574,4,4,password,password,1,1
2,5575,2,2,injection,injection,1,1
2,5576,3,3,normal,normal,0,0
2,5577,4,4,password,password,1,1
2,5578,2,2,injection,injection,1,1
2,5579,3,3,normal,normal,0,0
2,5580,3,3,normal,normal,0,0
2,5581,4,4,password,password,1,1
2,5582,0,0,backdoor,backdoor,1,1
2,5583,4,4,password,password,1,1
2,5584,2,2,injection,injection,1,1
2,5585,3,3,normal,normal,0,0
2,5586,3,3,normal,normal,0,0
2,5587,3,3,normal,normal,0,0
2,5588,3,3,normal,normal,0,0
2,5589,4,4,password,password,1,1
2,5590,3,3,normal,normal,0,0
2,5591,3,3,normal,normal,0,0
2,5592,3,3,normal,normal,0,0
2,5593,3,3,normal,normal,0,0
2,5594,3,3,normal,normal,0,0
2,5595,3,3,normal,normal,0,0
2,5596,0,0,backdoor,backdoor,1,1
2,5597,3,3,normal,normal,0,0
2,5598,3,3,normal,normal,0,0
2,5599,3,3,normal,normal,0,0
2,5600,4,4,password,password,1,1
2,5601,4,4,password,password,1,1
2,5602,4,4,password,password,1,1
2,5603,3,3,normal,normal,0,0
2,5604,4,4,password,password,1,1
2,5605,3,3,normal,normal,0,0
2,5606,0,0,backdoor,backdoor,1,1
2,5607,2,2,injection,injection,1,1
2,5608,3,3,normal,normal,0,0
2,5609,4,4,password,password,1,1
2,5610,3,3,normal,normal,0,0
2,5611,4,4,password,password,1,1
2,5612,2,2,injection,injection,1,1
2,5613,4,4,password,password,1,1
2,5614,2,2,injection,injection,1,1
2,5615,4,4,password,password,1,1
2,5616,3,3,normal,normal,0,0
2,5617,3,3,normal,normal,0,0
2,5618,0,0,backdoor,backdoor,1,1
2,5619,3,3,normal,normal,0,0
2,5620,3,3,normal,normal,0,0
2,5621,3,3,normal,normal,0,0
2,5622,3,3,normal,normal,0,0
2,5623,3,3,normal,normal,0,0
2,5624,4,4,password,password,1,1
2,5625,0,0,backdoor,backdoor,1,1
2,5626,3,3,normal,normal,0,0
2,5627,3,3,normal,normal,0,0
2,5628,0,0,backdoor,backdoor,1,1
2,5629,0,0,backdoor,backdoor,1,1
2,5630,3,3,normal,normal,0,0
2,5631,3,3,normal,normal,0,0
2,5632,2,2,injection,injection,1,1
2,5633,3,3,normal,normal,0,0
2,5634,3,3,normal,normal,0,0
2,5635,3,3,normal,normal,0,0
2,5636,3,3,normal,normal,0,0
2,5637,2,2,injection,injection,1,1
2,5638,4,4,password,password,1,1
2,5639,3,3,normal,normal,0,0
2,5640,3,3,normal,normal,0,0
2,5641,3,3,normal,normal,0,0
2,5642,3,3,normal,normal,0,0
2,5643,4,4,password,password,1,1
2,5644,2,2,injection,injection,1,1
2,5645,3,3,normal,normal,0,0
2,5646,3,3,normal,normal,0,0
2,5647,0,0,backdoor,backdoor,1,1
2,5648,0,0,backdoor,backdoor,1,1
2,5649,3,3,normal,normal,0,0
2,5650,4,4,password,password,1,1
2,5651,3,3,normal,normal,0,0
2,5652,3,3,normal,normal,0,0
2,5653,3,3,normal,normal,0,0
2,5654,3,3,normal,normal,0,0
2,5655,3,3,normal,normal,0,0
2,5656,3,3,normal,normal,0,0
2,5657,3,3,normal,normal,0,0
2,5658,3,3,normal,normal,0,0
2,5659,3,3,normal,normal,0,0
2,5660,3,3,normal,normal,0,0
2,5661,3,3,normal,normal,0,0
2,5662,2,2,injection,injection,1,1
2,5663,3,3,normal,normal,0,0
2,5664,4,4,password,password,1,1
2,5665,0,0,backdoor,backdoor,1,1
2,5666,3,3,normal,normal,0,0
2,5667,4,4,password,password,1,1
2,5668,3,3,normal,normal,0,0
2,5669,4,4,password,password,1,1
2,5670,4,4,password,password,1,1
2,5671,4,4,password,password,1,1
2,5672,3,3,normal,normal,0,0
2,5673,2,2,injection,injection,1,1
2,5674,0,2,backdoor,injection,1,1
2,5675,3,3,normal,normal,0,0
2,5676,2,2,injection,injection,1,1
2,5677,0,0,backdoor,backdoor,1,1
2,5678,3,3,normal,normal,0,0
2,5679,0,0,backdoor,backdoor,1,1
2,5680,3,3,normal,normal,0,0
2,5681,2,2,injection,injection,1,1
2,5682,0,0,backdoor,backdoor,1,1
2,5683,3,3,normal,normal,0,0
2,5684,3,3,normal,normal,0,0
2,5685,4,4,password,password,1,1
2,5686,3,3,normal,normal,0,0
2,5687,3,3,normal,normal,0,0
2,5688,4,4,password,password,1,1
2,5689,3,3,normal,normal,0,0
2,5690,3,3,normal,normal,0,0
2,5691,2,2,injection,injection,1,1
2,5692,4,4,password,password,1,1
2,5693,2,2,injection,injection,1,1
2,5694,2,2,injection,injection,1,1
2,5695,3,3,normal,normal,0,0
2,5696,3,3,normal,normal,0,0
2,5697,3,3,normal,normal,0,0
2,5698,3,3,normal,normal,0,0
2,5699,2,2,injection,injection,1,1
2,5700,2,2,injection,injection,1,1
2,5701,2,2,injection,injection,1,1
2,5702,4,4,password,password,1,1
2,5703,2,2,injection,injection,1,1
2,5704,0,0,backdoor,backdoor,1,1
2,5705,3,3,normal,normal,0,0
2,5706,3,3,normal,normal,0,0
2,5707,3,3,normal,normal,0,0
2,5708,3,3,normal,normal,0,0
2,5709,3,3,normal,normal,0,0
2,5710,0,0,backdoor,backdoor,1,1
2,5711,3,3,normal,normal,0,0
2,5712,3,3,normal,normal,0,0
2,5713,4,4,password,password,1,1
2,5714,4,4,password,password,1,1
2,5715,2,2,injection,injection,1,1
2,5716,3,3,normal,normal,0,0
2,5717,2,2,injection,injection,1,1
2,5718,0,0,backdoor,backdoor,1,1
2,5719,3,3,normal,normal,0,0
2,5720,3,3,normal,normal,0,0
2,5721,4,4,password,password,1,1
2,5722,4,4,password,password,1,1
2,5723,3,3,normal,normal,0,0
2,5724,3,3,normal,normal,0,0
2,5725,4,4,password,password,1,1
2,5726,3,3,normal,normal,0,0
2,5727,3,3,normal,normal,0,0
2,5728,0,0,backdoor,backdoor,1,1
2,5729,3,3,normal,normal,0,0
2,5730,4,4,password,password,1,1
2,5731,3,3,normal,normal,0,0
2,5732,3,3,normal,normal,0,0
2,5733,2,2,injection,injection,1,1
2,5734,2,2,injection,injection,1,1
2,5735,0,0,backdoor,backdoor,1,1
2,5736,3,3,normal,normal,0,0
2,5737,3,3,normal,normal,0,0
2,5738,0,0,backdoor,backdoor,1,1
2,5739,4,4,password,password,1,1
2,5740,4,4,password,password,1,1
2,5741,2,2,injection,injection,1,1
2,5742,3,3,normal,normal,0,0
2,5743,3,3,normal,normal,0,0
2,5744,4,4,password,password,1,1
2,5745,3,3,normal,normal,0,0
2,5746,3,3,normal,normal,0,0
2,5747,4,4,password,password,1,1
2,5748,0,0,backdoor,backdoor,1,1
2,5749,3,3,normal,normal,0,0
2,5750,3,3,normal,normal,0,0
2,5751,3,3,normal,normal,0,0
2,5752,3,3,normal,normal,0,0
2,5753,4,4,password,password,1,1
2,5754,3,3,normal,normal,0,0
2,5755,3,3,normal,normal,0,0
2,5756,3,3,normal,normal,0,0
2,5757,3,3,normal,normal,0,0
2,5758,0,0,backdoor,backdoor,1,1
2,5759,2,2,injection,injection,1,1
2,5760,0,0,backdoor,backdoor,1,1
2,5761,3,3,normal,normal,0,0
2,5762,4,4,password,password,1,1
2,5763,4,4,password,password,1,1
2,5764,3,3,normal,normal,0,0
2,5765,2,2,injection,injection,1,1
2,5766,3,3,normal,normal,0,0
2,5767,0,2,backdoor,injection,1,1
2,5768,3,3,normal,normal,0,0
2,5769,3,3,normal,normal,0,0
2,5770,4,4,password,password,1,1
2,5771,0,0,backdoor,backdoor,1,1
2,5772,2,2,injection,injection,1,1
2,5773,3,3,normal,normal,0,0
2,5774,3,3,normal,normal,0,0
2,5775,4,4,password,password,1,1
2,5776,3,3,normal,normal,0,0
2,5777,2,2,injection,injection,1,1
2,5778,3,3,normal,normal,0,0
2,5779,0,0,backdoor,backdoor,1,1
2,5780,3,3,normal,normal,0,0
2,5781,4,4,password,password,1,1
2,5782,3,3,normal,normal,0,0
2,5783,3,3,normal,normal,0,0
2,5784,3,3,normal,normal,0,0
2,5785,3,3,normal,normal,0,0
2,5786,3,3,normal,normal,0,0
2,5787,3,3,normal,normal,0,0
2,5788,3,3,normal,normal,0,0
2,5789,2,2,injection,injection,1,1
2,5790,3,3,normal,normal,0,0
2,5791,3,3,normal,normal,0,0
2,5792,3,3,normal,normal,0,0
2,5793,0,0,backdoor,backdoor,1,1
2,5794,3,3,normal,normal,0,0
2,5795,2,2,injection,injection,1,1
2,5796,4,4,password,password,1,1
2,5797,4,4,password,password,1,1
2,5798,3,3,normal,normal,0,0
2,5799,3,3,normal,normal,0,0
2,5800,0,0,backdoor,backdoor,1,1
2,5801,3,3,normal,normal,0,0
2,5802,3,3,normal,normal,0,0
2,5803,3,3,normal,normal,0,0
2,5804,3,3,normal,normal,0,0
2,5805,0,0,backdoor,backdoor,1,1
2,5806,3,3,normal,normal,0,0
2,5807,3,3,normal,normal,0,0
2,5808,3,3,normal,normal,0,0
2,5809,4,4,password,password,1,1
2,5810,3,3,normal,normal,0,0
2,5811,3,3,normal,normal,0,0
2,5812,0,0,backdoor,backdoor,1,1
2,5813,2,2,injection,injection,1,1
2,5814,2,2,injection,injection,1,1
2,5815,3,3,normal,normal,0,0
2,5816,2,2,injection,injection,1,1
2,5817,3,3,normal,normal,0,0
2,5818,2,2,injection,injection,1,1
2,5819,4,4,password,password,1,1
2,5820,2,2,injection,injection,1,1
2,5821,4,4,password,password,1,1
2,5822,3,3,normal,normal,0,0
2,5823,2,2,injection,injection,1,1
2,5824,3,3,normal,normal,0,0
2,5825,4,4,password,password,1,1
2,5826,2,2,injection,injection,1,1
2,5827,3,3,normal,normal,0,0
2,5828,3,3,normal,normal,0,0
2,5829,3,3,normal,normal,0,0
2,5830,3,3,normal,normal,0,0
2,5831,4,4,password,password,1,1
2,5832,3,3,normal,normal,0,0
2,5833,3,3,normal,normal,0,0
2,5834,0,2,backdoor,injection,1,1
2,5835,3,3,normal,normal,0,0
2,5836,3,3,normal,normal,0,0
2,5837,3,3,normal,normal,0,0
2,5838,4,4,password,password,1,1
2,5839,3,3,normal,normal,0,0
2,5840,3,3,normal,normal,0,0
2,5841,4,4,password,password,1,1
2,5842,3,3,normal,normal,0,0
2,5843,2,2,injection,injection,1,1
2,5844,0,0,backdoor,backdoor,1,1
2,5845,2,2,injection,injection,1,1
2,5846,4,4,password,password,1,1
2,5847,3,3,normal,normal,0,0
2,5848,3,3,normal,normal,0,0
2,5849,3,3,normal,normal,0,0
2,5850,4,4,password,password,1,1
2,5851,4,4,password,password,1,1
2,5852,3,3,normal,normal,0,0
2,5853,0,0,backdoor,backdoor,1,1
2,5854,3,3,normal,normal,0,0
2,5855,3,3,normal,normal,0,0
2,5856,3,3,normal,normal,0,0
2,5857,0,0,backdoor,backdoor,1,1
2,5858,3,3,normal,normal,0,0
2,5859,3,3,normal,normal,0,0
2,5860,3,3,normal,normal,0,0
2,5861,3,3,normal,normal,0,0
2,5862,3,3,normal,normal,0,0
2,5863,2,2,injection,injection,1,1
2,5864,3,3,normal,normal,0,0
2,5865,3,3,normal,normal,0,0
2,5866,3,3,normal,normal,0,0
2,5867,3,3,normal,normal,0,0
2,5868,4,4,password,password,1,1
2,5869,3,3,normal,normal,0,0
2,5870,2,2,injection,injection,1,1
2,5871,3,3,normal,normal,0,0
2,5872,3,3,normal,normal,0,0
2,5873,3,3,normal,normal,0,0
2,5874,2,2,injection,injection,1,1
2,5875,0,0,backdoor,backdoor,1,1
2,5876,2,2,injection,injection,1,1
2,5877,2,2,injection,injection,1,1
2,5878,3,3,normal,normal,0,0
2,5879,3,3,normal,normal,0,0
2,5880,4,4,password,password,1,1
2,5881,4,4,password,password,1,1
2,5882,0,2,backdoor,injection,1,1
2,5883,2,2,injection,injection,1,1
2,5884,2,2,injection,injection,1,1
2,5885,0,0,backdoor,backdoor,1,1
2,5886,2,2,injection,injection,1,1
2,5887,4,4,password,password,1,1
2,5888,3,3,normal,normal,0,0
2,5889,3,3,normal,normal,0,0
2,5890,3,3,normal,normal,0,0
2,5891,3,3,normal,normal,0,0
2,5892,2,2,injection,injection,1,1
2,5893,4,4,password,password,1,1
2,5894,0,0,backdoor,backdoor,1,1
2,5895,2,2,injection,injection,1,1
2,5896,2,2,injection,injection,1,1
2,5897,2,2,injection,injection,1,1
2,5898,3,3,normal,normal,0,0
2,5899,4,4,password,password,1,1
2,5900,3,3,normal,normal,0,0
2,5901,0,0,backdoor,backdoor,1,1
2,5902,3,3,normal,normal,0,0
2,5903,0,2,backdoor,injection,1,1
2,5904,3,3,normal,normal,0,0
2,5905,2,2,injection,injection,1,1
2,5906,3,3,normal,normal,0,0
2,5907,0,0,backdoor,backdoor,1,1
2,5908,3,3,normal,normal,0,0
2,5909,3,3,normal,normal,0,0
2,5910,0,2,backdoor,injection,1,1
2,5911,0,2,backdoor,injection,1,1
2,5912,3,3,normal,normal,0,0
2,5913,4,4,password,password,1,1
2,5914,3,3,normal,normal,0,0
2,5915,2,2,injection,injection,1,1
2,5916,4,4,password,password,1,1
2,5917,3,3,normal,normal,0,0
2,5918,3,3,normal,normal,0,0
2,5919,3,3,normal,normal,0,0
2,5920,2,2,injection,injection,1,1
2,5921,3,3,normal,normal,0,0
2,5922,3,3,normal,normal,0,0
2,5923,3,3,normal,normal,0,0
2,5924,3,3,normal,normal,0,0
2,5925,3,3,normal,normal,0,0
2,5926,3,3,normal,normal,0,0
2,5927,3,3,normal,normal,0,0
2,5928,4,4,password,password,1,1
2,5929,4,4,password,password,1,1
2,5930,4,4,password,password,1,1
2,5931,4,4,password,password,1,1
2,5932,0,0,backdoor,backdoor,1,1
2,5933,2,2,injection,injection,1,1
2,5934,3,3,normal,normal,0,0
2,5935,3,3,normal,normal,0,0
2,5936,2,2,injection,injection,1,1
2,5937,3,3,normal,normal,0,0
2,5938,0,0,backdoor,backdoor,1,1
2,5939,2,2,injection,injection,1,1
2,5940,0,0,backdoor,backdoor,1,1
2,5941,2,2,injection,injection,1,1
2,5942,3,3,normal,normal,0,0
2,5943,0,2,backdoor,injection,1,1
2,5944,0,2,backdoor,injection,1,1
2,5945,3,3,normal,normal,0,0
2,5946,3,3,normal,normal,0,0
2,5947,4,4,password,password,1,1
2,5948,0,0,backdoor,backdoor,1,1
2,5949,0,0,backdoor,backdoor,1,1
2,5950,0,0,backdoor,backdoor,1,1
2,5951,3,3,normal,normal,0,0
2,5952,3,3,normal,normal,0,0
2,5953,3,3,normal,normal,0,0
2,5954,2,2,injection,injection,1,1
2,5955,3,3,normal,normal,0,0
2,5956,3,3,normal,normal,0,0
2,5957,3,3,normal,normal,0,0
2,5958,3,3,normal,normal,0,0
2,5959,3,3,normal,normal,0,0
2,5960,3,3,normal,normal,0,0
2,5961,3,3,normal,normal,0,0
2,5962,4,4,password,password,1,1
2,5963,3,3,normal,normal,0,0
2,5964,3,3,normal,normal,0,0
2,5965,4,4,password,password,1,1
2,5966,3,3,normal,normal,0,0
2,5967,2,0,injection,backdoor,1,1
2,5968,3,3,normal,normal,0,0
2,5969,0,0,backdoor,backdoor,1,1
2,5970,3,3,normal,normal,0,0
2,5971,4,4,password,password,1,1
2,5972,3,3,normal,normal,0,0
2,5973,3,3,normal,normal,0,0
2,5974,0,0,backdoor,backdoor,1,1
2,5975,3,3,normal,normal,0,0
2,5976,4,4,password,password,1,1
2,5977,3,3,normal,normal,0,0
2,5978,3,3,normal,normal,0,0
2,5979,2,2,injection,injection,1,1
2,5980,3,3,normal,normal,0,0
2,5981,0,0,backdoor,backdoor,1,1
2,5982,3,3,normal,normal,0,0
2,5983,3,3,normal,normal,0,0
2,5984,3,3,normal,normal,0,0
2,5985,2,2,injection,injection,1,1
2,5986,3,3,normal,normal,0,0
2,5987,4,4,password,password,1,1
2,5988,3,3,normal,normal,0,0
2,5989,3,3,normal,normal,0,0
2,5990,4,4,password,password,1,1
2,5991,0,0,backdoor,backdoor,1,1
2,5992,0,0,backdoor,backdoor,1,1
2,5993,2,2,injection,injection,1,1
2,5994,3,3,normal,normal,0,0
2,5995,3,3,normal,normal,0,0
2,5996,0,0,backdoor,backdoor,1,1
2,5997,0,0,backdoor,backdoor,1,1
2,5998,4,4,password,password,1,1
2,5999,2,2,injection,injection,1,1
3,0,4,4,password,password,1,1
3,1,3,3,normal,normal,0,0
3,2,3,3,normal,normal,0,0
3,3,0,0,backdoor,backdoor,1,1
3,4,3,3,normal,normal,0,0
3,5,3,3,normal,normal,0,0
3,6,2,2,injection,injection,1,1
3,7,3,3,normal,normal,0,0
3,8,4,4,password,password,1,1
3,9,3,3,normal,normal,0,0
3,10,0,0,backdoor,backdoor,1,1
3,11,2,2,injection,injection,1,1
3,12,3,3,normal,normal,0,0
3,13,2,2,injection,injection,1,1
3,14,2,2,injection,injection,1,1
3,15,3,3,normal,normal,0,0
3,16,2,2,injection,injection,1,1
3,17,3,3,normal,normal,0,0
3,18,4,4,password,password,1,1
3,19,0,0,backdoor,backdoor,1,1
3,20,3,3,normal,normal,0,0
3,21,4,4,password,password,1,1
3,22,4,4,password,password,1,1
3,23,3,3,normal,normal,0,0
3,24,3,3,normal,normal,0,0
3,25,3,3,normal,normal,0,0
3,26,2,2,injection,injection,1,1
3,27,2,2,injection,injection,1,1
3,28,3,3,normal,normal,0,0
3,29,2,2,injection,injection,1,1
3,30,3,3,normal,normal,0,0
3,31,3,3,normal,normal,0,0
3,32,3,3,normal,normal,0,0
3,33,3,3,normal,normal,0,0
3,34,4,4,password,password,1,1
3,35,3,3,normal,normal,0,0
3,36,0,2,backdoor,injection,1,1
3,37,2,2,injection,injection,1,1
3,38,3,3,normal,normal,0,0
3,39,2,2,injection,injection,1,1
3,40,2,2,injection,injection,1,1
3,41,0,0,backdoor,backdoor,1,1
3,42,2,2,injection,injection,1,1
3,43,4,4,password,password,1,1
3,44,0,0,backdoor,backdoor,1,1
3,45,3,3,normal,normal,0,0
3,46,2,2,injection,injection,1,1
3,47,4,4,password,password,1,1
3,48,3,3,normal,normal,0,0
3,49,3,3,normal,normal,0,0
3,50,4,4,password,password,1,1
3,51,4,4,password,password,1,1
3,52,4,4,password,password,1,1
3,53,4,4,password,password,1,1
3,54,3,3,normal,normal,0,0
3,55,4,4,password,password,1,1
3,56,4,4,password,password,1,1
3,57,0,0,backdoor,backdoor,1,1
3,58,4,4,password,password,1,1
3,59,4,4,password,password,1,1
3,60,3,3,normal,normal,0,0
3,61,3,3,normal,normal,0,0
3,62,0,0,backdoor,backdoor,1,1
3,63,2,2,injection,injection,1,1
3,64,0,2,backdoor,injection,1,1
3,65,3,3,normal,normal,0,0
3,66,4,4,password,password,1,1
3,67,3,3,normal,normal,0,0
3,68,3,3,normal,normal,0,0
3,69,3,3,normal,normal,0,0
3,70,2,2,injection,injection,1,1
3,71,0,2,backdoor,injection,1,1
3,72,3,3,normal,normal,0,0
3,73,3,3,normal,normal,0,0
3,74,3,3,normal,normal,0,0
3,75,2,2,injection,injection,1,1
3,76,3,3,normal,normal,0,0
3,77,0,0,backdoor,backdoor,1,1
3,78,3,3,normal,normal,0,0
3,79,3,3,normal,normal,0,0
3,80,4,4,password,password,1,1
3,81,3,3,normal,normal,0,0
3,82,4,4,password,password,1,1
3,83,3,3,normal,normal,0,0
3,84,3,3,normal,normal,0,0
3,85,2,2,injection,injection,1,1
3,86,3,3,normal,normal,0,0
3,87,3,3,normal,normal,0,0
3,88,3,3,normal,normal,0,0
3,89,2,2,injection,injection,1,1
3,90,3,3,normal,normal,0,0
3,91,2,2,injection,injection,1,1
3,92,2,2,injection,injection,1,1
3,93,3,3,normal,normal,0,0
3,94,4,4,password,password,1,1
3,95,3,3,normal,normal,0,0
3,96,4,4,password,password,1,1
3,97,3,3,normal,normal,0,0
3,98,2,2,injection,injection,1,1
3,99,0,0,backdoor,backdoor,1,1
3,100,3,3,normal,normal,0,0
3,101,3,3,normal,normal,0,0
3,102,0,2,backdoor,injection,1,1
3,103,3,3,normal,normal,0,0
3,104,4,4,password,password,1,1
3,105,2,2,injection,injection,1,1
3,106,3,3,normal,normal,0,0
3,107,2,2,injection,injection,1,1
3,108,2,2,injection,injection,1,1
3,109,3,3,normal,normal,0,0
3,110,3,3,normal,normal,0,0
3,111,4,4,password,password,1,1
3,112,3,3,normal,normal,0,0
3,113,3,3,normal,normal,0,0
3,114,3,3,normal,normal,0,0
3,115,4,4,password,password,1,1
3,116,3,3,normal,normal,0,0
3,117,4,4,password,password,1,1
3,118,3,3,normal,normal,0,0
3,119,3,3,normal,normal,0,0
3,120,0,0,backdoor,backdoor,1,1
3,121,3,3,normal,normal,0,0
3,122,0,0,backdoor,backdoor,1,1
3,123,3,3,normal,normal,0,0
3,124,2,2,injection,injection,1,1
3,125,2,2,injection,injection,1,1
3,126,3,3,normal,normal,0,0
3,127,2,2,injection,injection,1,1
3,128,4,4,password,password,1,1
3,129,0,0,backdoor,backdoor,1,1
3,130,4,4,password,password,1,1
3,131,2,2,injection,injection,1,1
3,132,3,3,normal,normal,0,0
3,133,2,2,injection,injection,1,1
3,134,3,3,normal,normal,0,0
3,135,2,2,injection,injection,1,1
3,136,3,3,normal,normal,0,0
3,137,3,3,normal,normal,0,0
3,138,3,3,normal,normal,0,0
3,139,2,2,injection,injection,1,1
3,140,0,0,backdoor,backdoor,1,1
3,141,0,0,backdoor,backdoor,1,1
3,142,3,3,normal,normal,0,0
3,143,4,4,password,password,1,1
3,144,2,2,injection,injection,1,1
3,145,3,3,normal,normal,0,0
3,146,3,3,normal,normal,0,0
3,147,3,3,normal,normal,0,0
3,148,3,3,normal,normal,0,0
3,149,0,2,backdoor,injection,1,1
3,150,4,4,password,password,1,1
3,151,3,3,normal,normal,0,0
3,152,3,3,normal,normal,0,0
3,153,4,4,password,password,1,1
3,154,0,0,backdoor,backdoor,1,1
3,155,3,3,normal,normal,0,0
3,156,3,3,normal,normal,0,0
3,157,3,3,normal,normal,0,0
3,158,0,0,backdoor,backdoor,1,1
3,159,3,3,normal,normal,0,0
3,160,4,4,password,password,1,1
3,161,3,3,normal,normal,0,0
3,162,4,4,password,password,1,1
3,163,3,3,normal,normal,0,0
3,164,0,0,backdoor,backdoor,1,1
3,165,0,0,backdoor,backdoor,1,1
3,166,0,0,backdoor,backdoor,1,1
3,167,2,2,injection,injection,1,1
3,168,3,3,normal,normal,0,0
3,169,0,0,backdoor,backdoor,1,1
3,170,4,4,password,password,1,1
3,171,4,4,password,password,1,1
3,172,0,0,backdoor,backdoor,1,1
3,173,0,0,backdoor,backdoor,1,1
3,174,3,3,normal,normal,0,0
3,175,4,4,password,password,1,1
3,176,3,3,normal,normal,0,0
3,177,2,2,injection,injection,1,1
3,178,4,4,password,password,1,1
3,179,4,4,password,password,1,1
3,180,2,2,injection,injection,1,1
3,181,3,3,normal,normal,0,0
3,182,3,3,normal,normal,0,0
3,183,2,2,injection,injection,1,1
3,184,2,2,injection,injection,1,1
3,185,0,0,backdoor,backdoor,1,1
3,186,3,3,normal,normal,0,0
3,187,3,3,normal,normal,0,0
3,188,4,4,password,password,1,1
3,189,0,0,backdoor,backdoor,1,1
3,190,3,3,normal,normal,0,0
3,191,0,0,backdoor,backdoor,1,1
3,192,3,3,normal,normal,0,0
3,193,3,3,normal,normal,0,0
3,194,3,3,normal,normal,0,0
3,195,3,3,normal,normal,0,0
3,196,0,0,backdoor,backdoor,1,1
3,197,3,3,normal,normal,0,0
3,198,3,3,normal,normal,0,0
3,199,3,3,normal,normal,0,0
3,200,2,2,injection,injection,1,1
3,201,3,3,normal,normal,0,0
3,202,3,3,normal,normal,0,0
3,203,3,3,normal,normal,0,0
3,204,3,3,normal,normal,0,0
3,205,3,3,normal,normal,0,0
3,206,0,0,backdoor,backdoor,1,1
3,207,4,4,password,password,1,1
3,208,4,4,password,password,1,1
3,209,3,3,normal,normal,0,0
3,210,3,3,normal,normal,0,0
3,211,3,3,normal,normal,0,0
3,212,3,3,normal,normal,0,0
3,213,3,3,normal,normal,0,0
3,214,2,2,injection,injection,1,1
3,215,3,3,normal,normal,0,0
3,216,2,2,injection,injection,1,1
3,217,4,4,password,password,1,1
3,218,3,3,normal,normal,0,0
3,219,2,2,injection,injection,1,1
3,220,2,2,injection,injection,1,1
3,221,2,2,injection,injection,1,1
3,222,2,2,injection,injection,1,1
3,223,3,3,normal,normal,0,0
3,224,3,3,normal,normal,0,0
3,225,4,4,password,password,1,1
3,226,3,3,normal,normal,0,0
3,227,2,2,injection,injection,1,1
3,228,0,0,backdoor,backdoor,1,1
3,229,0,2,backdoor,injection,1,1
3,230,3,3,normal,normal,0,0
3,231,4,4,password,password,1,1
3,232,0,0,backdoor,backdoor,1,1
3,233,4,4,password,password,1,1
3,234,3,3,normal,normal,0,0
3,235,0,0,backdoor,backdoor,1,1
3,236,3,3,normal,normal,0,0
3,237,3,3,normal,normal,0,0
3,238,3,3,normal,normal,0,0
3,239,3,3,normal,normal,0,0
3,240,3,3,normal,normal,0,0
3,241,3,3,normal,normal,0,0
3,242,3,3,normal,normal,0,0
3,243,0,0,backdoor,backdoor,1,1
3,244,3,3,normal,normal,0,0
3,245,3,3,normal,normal,0,0
3,246,0,2,backdoor,injection,1,1
3,247,2,2,injection,injection,1,1
3,248,4,4,password,password,1,1
3,249,3,3,normal,normal,0,0
3,250,3,3,normal,normal,0,0
3,251,2,2,injection,injection,1,1
3,252,4,4,password,password,1,1
3,253,3,3,normal,normal,0,0
3,254,0,0,backdoor,backdoor,1,1
3,255,2,2,injection,injection,1,1
3,256,4,4,password,password,1,1
3,257,0,2,backdoor,injection,1,1
3,258,3,3,normal,normal,0,0
3,259,0,2,backdoor,injection,1,1
3,260,3,3,normal,normal,0,0
3,261,0,0,backdoor,backdoor,1,1
3,262,3,3,normal,normal,0,0
3,263,3,3,normal,normal,0,0
3,264,3,3,normal,normal,0,0
3,265,0,0,backdoor,backdoor,1,1
3,266,2,2,injection,injection,1,1
3,267,3,3,normal,normal,0,0
3,268,3,3,normal,normal,0,0
3,269,2,2,injection,injection,1,1
3,270,3,3,normal,normal,0,0
3,271,3,3,normal,normal,0,0
3,272,3,3,normal,normal,0,0
3,273,0,0,backdoor,backdoor,1,1
3,274,4,4,password,password,1,1
3,275,3,3,normal,normal,0,0
3,276,0,0,backdoor,backdoor,1,1
3,277,3,3,normal,normal,0,0
3,278,3,3,normal,normal,0,0
3,279,3,3,normal,normal,0,0
3,280,0,2,backdoor,injection,1,1
3,281,4,4,password,password,1,1
3,282,3,3,normal,normal,0,0
3,283,3,3,normal,normal,0,0
3,284,3,3,normal,normal,0,0
3,285,2,2,injection,injection,1,1
3,286,3,3,normal,normal,0,0
3,287,4,4,password,password,1,1
3,288,3,3,normal,normal,0,0
3,289,3,3,normal,normal,0,0
3,290,3,3,normal,normal,0,0
3,291,3,3,normal,normal,0,0
3,292,4,4,password,password,1,1
3,293,4,4,password,password,1,1
3,294,3,3,normal,normal,0,0
3,295,0,2,backdoor,injection,1,1
3,296,0,0,backdoor,backdoor,1,1
3,297,4,4,password,password,1,1
3,298,2,2,injection,injection,1,1
3,299,4,4,password,password,1,1
3,300,3,3,normal,normal,0,0
3,301,2,2,injection,injection,1,1
3,302,3,3,normal,normal,0,0
3,303,0,0,backdoor,backdoor,1,1
3,304,3,3,normal,normal,0,0
3,305,4,4,password,password,1,1
3,306,2,2,injection,injection,1,1
3,307,3,3,normal,normal,0,0
3,308,3,3,normal,normal,0,0
3,309,3,3,normal,normal,0,0
3,310,2,2,injection,injection,1,1
3,311,2,2,injection,injection,1,1
3,312,4,4,password,password,1,1
3,313,3,3,normal,normal,0,0
3,314,0,2,backdoor,injection,1,1
3,315,4,4,password,password,1,1
3,316,4,4,password,password,1,1
3,317,3,3,normal,normal,0,0
3,318,3,3,normal,normal,0,0
3,319,3,3,normal,normal,0,0
3,320,3,3,normal,normal,0,0
3,321,2,2,injection,injection,1,1
3,322,3,3,normal,normal,0,0
3,323,3,3,normal,normal,0,0
3,324,2,2,injection,injection,1,1
3,325,3,3,normal,normal,0,0
3,326,3,3,normal,normal,0,0
3,327,4,4,password,password,1,1
3,328,0,0,backdoor,backdoor,1,1
3,329,0,0,backdoor,backdoor,1,1
3,330,3,3,normal,normal,0,0
3,331,3,3,normal,normal,0,0
3,332,0,0,backdoor,backdoor,1,1
3,333,0,0,backdoor,backdoor,1,1
3,334,4,4,password,password,1,1
3,335,4,4,password,password,1,1
3,336,3,3,normal,normal,0,0
3,337,0,0,backdoor,backdoor,1,1
3,338,2,2,injection,injection,1,1
3,339,2,2,injection,injection,1,1
3,340,3,3,normal,normal,0,0
3,341,3,3,normal,normal,0,0
3,342,2,2,injection,injection,1,1
3,343,3,3,normal,normal,0,0
3,344,0,2,backdoor,injection,1,1
3,345,3,3,normal,normal,0,0
3,346,3,3,normal,normal,0,0
3,347,3,3,normal,normal,0,0
3,348,2,2,injection,injection,1,1
3,349,2,2,injection,injection,1,1
3,350,3,3,normal,normal,0,0
3,351,2,2,injection,injection,1,1
3,352,4,4,password,password,1,1
3,353,4,4,password,password,1,1
3,354,4,4,password,password,1,1
3,355,0,0,backdoor,backdoor,1,1
3,356,3,3,normal,normal,0,0
3,357,3,3,normal,normal,0,0
3,358,3,3,normal,normal,0,0
3,359,3,3,normal,normal,0,0
3,360,2,2,injection,injection,1,1
3,361,3,3,normal,normal,0,0
3,362,4,4,password,password,1,1
3,363,3,3,normal,normal,0,0
3,364,3,3,normal,normal,0,0
3,365,2,2,injection,injection,1,1
3,366,3,3,normal,normal,0,0
3,367,3,3,normal,normal,0,0
3,368,3,3,normal,normal,0,0
3,369,3,3,normal,normal,0,0
3,370,3,3,normal,normal,0,0
3,371,4,4,password,password,1,1
3,372,3,3,normal,normal,0,0
3,373,3,3,normal,normal,0,0
3,374,0,0,backdoor,backdoor,1,1
3,375,4,4,password,password,1,1
3,376,0,0,backdoor,backdoor,1,1
3,377,0,0,backdoor,backdoor,1,1
3,378,2,2,injection,injection,1,1
3,379,3,3,normal,normal,0,0
3,380,0,2,backdoor,injection,1,1
3,381,3,3,normal,normal,0,0
3,382,3,3,normal,normal,0,0
3,383,3,3,normal,normal,0,0
3,384,0,3,backdoor,normal,1,0
3,385,0,0,backdoor,backdoor,1,1
3,386,3,3,normal,normal,0,0
3,387,0,0,backdoor,backdoor,1,1
3,388,3,3,normal,normal,0,0
3,389,3,3,normal,normal,0,0
3,390,3,3,normal,normal,0,0
3,391,4,4,password,password,1,1
3,392,0,0,backdoor,backdoor,1,1
3,393,3,3,normal,normal,0,0
3,394,0,0,backdoor,backdoor,1,1
3,395,4,4,password,password,1,1
3,396,3,3,normal,normal,0,0
3,397,3,3,normal,normal,0,0
3,398,0,0,backdoor,backdoor,1,1
3,399,3,3,normal,normal,0,0
3,400,3,3,normal,normal,0,0
3,401,4,4,password,password,1,1
3,402,0,2,backdoor,injection,1,1
3,403,3,3,normal,normal,0,0
3,404,4,4,password,password,1,1
3,405,3,3,normal,normal,0,0
3,406,2,2,injection,injection,1,1
3,407,3,3,normal,normal,0,0
3,408,0,0,backdoor,backdoor,1,1
3,409,0,0,backdoor,backdoor,1,1
3,410,4,4,password,password,1,1
3,411,0,0,backdoor,backdoor,1,1
3,412,0,3,backdoor,normal,1,0
3,413,3,3,normal,normal,0,0
3,414,3,3,normal,normal,0,0
3,415,0,2,backdoor,injection,1,1
3,416,2,2,injection,injection,1,1
3,417,3,3,normal,normal,0,0
3,418,3,3,normal,normal,0,0
3,419,3,3,normal,normal,0,0
3,420,0,0,backdoor,backdoor,1,1
3,421,2,2,injection,injection,1,1
3,422,0,0,backdoor,backdoor,1,1
3,423,2,2,injection,injection,1,1
3,424,0,0,backdoor,backdoor,1,1
3,425,4,4,password,password,1,1
3,426,3,3,normal,normal,0,0
3,427,3,3,normal,normal,0,0
3,428,4,4,password,password,1,1
3,429,3,3,normal,normal,0,0
3,430,3,3,normal,normal,0,0
3,431,3,3,normal,normal,0,0
3,432,4,4,password,password,1,1
3,433,3,3,normal,normal,0,0
3,434,3,3,normal,normal,0,0
3,435,4,4,password,password,1,1
3,436,3,3,normal,normal,0,0
3,437,3,3,normal,normal,0,0
3,438,3,3,normal,normal,0,0
3,439,3,3,normal,normal,0,0
3,440,2,2,injection,injection,1,1
3,441,3,3,normal,normal,0,0
3,442,3,3,normal,normal,0,0
3,443,0,0,backdoor,backdoor,1,1
3,444,0,3,backdoor,normal,1,0
3,445,3,3,normal,normal,0,0
3,446,4,4,password,password,1,1
3,447,3,3,normal,normal,0,0
3,448,3,3,normal,normal,0,0
3,449,0,0,backdoor,backdoor,1,1
3,450,3,3,normal,normal,0,0
3,451,2,2,injection,injection,1,1
3,452,4,4,password,password,1,1
3,453,3,3,normal,normal,0,0
3,454,2,2,injection,injection,1,1
3,455,3,3,normal,normal,0,0
3,456,3,3,normal,normal,0,0
3,457,2,2,injection,injection,1,1
3,458,3,3,normal,normal,0,0
3,459,3,3,normal,normal,0,0
3,460,3,3,normal,normal,0,0
3,461,3,3,normal,normal,0,0
3,462,2,2,injection,injection,1,1
3,463,4,4,password,password,1,1
3,464,2,2,injection,injection,1,1
3,465,3,3,normal,normal,0,0
3,466,0,0,backdoor,backdoor,1,1
3,467,2,2,injection,injection,1,1
3,468,0,0,backdoor,backdoor,1,1
3,469,3,3,normal,normal,0,0
3,470,3,3,normal,normal,0,0
3,471,2,2,injection,injection,1,1
3,472,3,3,normal,normal,0,0
3,473,4,4,password,password,1,1
3,474,2,2,injection,injection,1,1
3,475,4,4,password,password,1,1
3,476,2,2,injection,injection,1,1
3,477,3,3,normal,normal,0,0
3,478,2,2,injection,injection,1,1
3,479,0,0,backdoor,backdoor,1,1
3,480,3,3,normal,normal,0,0
3,481,3,3,normal,normal,0,0
3,482,3,3,normal,normal,0,0
3,483,0,0,backdoor,backdoor,1,1
3,484,0,2,backdoor,injection,1,1
3,485,3,3,normal,normal,0,0
3,486,3,3,normal,normal,0,0
3,487,2,2,injection,injection,1,1
3,488,0,2,backdoor,injection,1,1
3,489,4,4,password,password,1,1
3,490,4,4,password,password,1,1
3,491,4,4,password,password,1,1
3,492,0,0,backdoor,backdoor,1,1
3,493,4,4,password,password,1,1
3,494,3,3,normal,normal,0,0
3,495,4,4,password,password,1,1
3,496,2,2,injection,injection,1,1
3,497,3,3,normal,normal,0,0
3,498,4,4,password,password,1,1
3,499,4,4,password,password,1,1
3,500,3,3,normal,normal,0,0
3,501,0,0,backdoor,backdoor,1,1
3,502,4,4,password,password,1,1
3,503,0,0,backdoor,backdoor,1,1
3,504,3,3,normal,normal,0,0
3,505,3,3,normal,normal,0,0
3,506,0,0,backdoor,backdoor,1,1
3,507,3,3,normal,normal,0,0
3,508,3,3,normal,normal,0,0
3,509,3,3,normal,normal,0,0
3,510,3,3,normal,normal,0,0
3,511,4,4,password,password,1,1
3,512,3,3,normal,normal,0,0
3,513,3,3,normal,normal,0,0
3,514,2,2,injection,injection,1,1
3,515,2,2,injection,injection,1,1
3,516,2,2,injection,injection,1,1
3,517,2,2,injection,injection,1,1
3,518,0,0,backdoor,backdoor,1,1
3,519,0,0,backdoor,backdoor,1,1
3,520,4,4,password,password,1,1
3,521,3,3,normal,normal,0,0
3,522,2,2,injection,injection,1,1
3,523,0,0,backdoor,backdoor,1,1
3,524,3,3,normal,normal,0,0
3,525,3,3,normal,normal,0,0
3,526,4,4,password,password,1,1
3,527,4,4,password,password,1,1
3,528,3,3,normal,normal,0,0
3,529,3,3,normal,normal,0,0
3,530,4,4,password,password,1,1
3,531,3,3,normal,normal,0,0
3,532,3,3,normal,normal,0,0
3,533,3,3,normal,normal,0,0
3,534,3,3,normal,normal,0,0
3,535,3,3,normal,normal,0,0
3,536,0,0,backdoor,backdoor,1,1
3,537,2,2,injection,injection,1,1
3,538,3,3,normal,normal,0,0
3,539,3,3,normal,normal,0,0
3,540,3,3,normal,normal,0,0
3,541,3,3,normal,normal,0,0
3,542,3,3,normal,normal,0,0
3,543,3,3,normal,normal,0,0
3,544,3,3,normal,normal,0,0
3,545,3,3,normal,normal,0,0
3,546,0,0,backdoor,backdoor,1,1
3,547,3,3,normal,normal,0,0
3,548,3,3,normal,normal,0,0
3,549,3,3,normal,normal,0,0
3,550,4,4,password,password,1,1
3,551,3,3,normal,normal,0,0
3,552,3,3,normal,normal,0,0
3,553,3,3,normal,normal,0,0
3,554,3,3,normal,normal,0,0
3,555,4,4,password,password,1,1
3,556,3,3,normal,normal,0,0
3,557,3,3,normal,normal,0,0
3,558,3,3,normal,normal,0,0
3,559,3,3,normal,normal,0,0
3,560,3,3,normal,normal,0,0
3,561,3,3,normal,normal,0,0
3,562,4,4,password,password,1,1
3,563,3,3,normal,normal,0,0
3,564,3,3,normal,normal,0,0
3,565,3,3,normal,normal,0,0
3,566,3,3,normal,normal,0,0
3,567,2,2,injection,injection,1,1
3,568,2,2,injection,injection,1,1
3,569,3,3,normal,normal,0,0
3,570,2,2,injection,injection,1,1
3,571,4,4,password,password,1,1
3,572,0,2,backdoor,injection,1,1
3,573,2,2,injection,injection,1,1
3,574,2,2,injection,injection,1,1
3,575,4,4,password,password,1,1
3,576,3,3,normal,normal,0,0
3,577,3,3,normal,normal,0,0
3,578,3,3,normal,normal,0,0
3,579,3,3,normal,normal,0,0
3,580,3,3,normal,normal,0,0
3,581,3,3,normal,normal,0,0
3,582,2,2,injection,injection,1,1
3,583,3,3,normal,normal,0,0
3,584,3,3,normal,normal,0,0
3,585,0,0,backdoor,backdoor,1,1
3,586,3,3,normal,normal,0,0
3,587,3,3,normal,normal,0,0
3,588,2,2,injection,injection,1,1
3,589,3,3,normal,normal,0,0
3,590,2,2,injection,injection,1,1
3,591,4,4,password,password,1,1
3,592,4,4,password,password,1,1
3,593,4,4,password,password,1,1
3,594,3,3,normal,normal,0,0
3,595,3,3,normal,normal,0,0
3,596,0,2,backdoor,injection,1,1
3,597,3,3,normal,normal,0,0
3,598,2,2,injection,injection,1,1
3,599,4,4,password,password,1,1
3,600,0,0,backdoor,backdoor,1,1
3,601,3,3,normal,normal,0,0
3,602,3,3,normal,normal,0,0
3,603,4,4,password,password,1,1
3,604,0,0,backdoor,backdoor,1,1
3,605,3,3,normal,normal,0,0
3,606,2,2,injection,injection,1,1
3,607,3,3,normal,normal,0,0
3,608,4,4,password,password,1,1
3,609,3,3,normal,normal,0,0
3,610,3,3,normal,normal,0,0
3,611,3,3,normal,normal,0,0
3,612,3,3,normal,normal,0,0
3,613,3,3,normal,normal,0,0
3,614,0,0,backdoor,backdoor,1,1
3,615,3,3,normal,normal,0,0
3,616,4,4,password,password,1,1
3,617,3,3,normal,normal,0,0
3,618,3,3,normal,normal,0,0
3,619,0,0,backdoor,backdoor,1,1
3,620,0,0,backdoor,backdoor,1,1
3,621,2,2,injection,injection,1,1
3,622,3,3,normal,normal,0,0
3,623,3,3,normal,normal,0,0
3,624,3,3,normal,normal,0,0
3,625,2,2,injection,injection,1,1
3,626,3,3,normal,normal,0,0
3,627,0,0,backdoor,backdoor,1,1
3,628,3,3,normal,normal,0,0
3,629,3,3,normal,normal,0,0
3,630,3,3,normal,normal,0,0
3,631,3,3,normal,normal,0,0
3,632,3,3,normal,normal,0,0
3,633,3,3,normal,normal,0,0
3,634,0,0,backdoor,backdoor,1,1
3,635,3,3,normal,normal,0,0
3,636,2,2,injection,injection,1,1
3,637,0,0,backdoor,backdoor,1,1
3,638,3,3,normal,normal,0,0
3,639,0,0,backdoor,backdoor,1,1
3,640,3,3,normal,normal,0,0
3,641,2,2,injection,injection,1,1
3,642,3,3,normal,normal,0,0
3,643,4,4,password,password,1,1
3,644,0,0,backdoor,backdoor,1,1
3,645,3,3,normal,normal,0,0
3,646,0,0,backdoor,backdoor,1,1
3,647,3,3,normal,normal,0,0
3,648,0,0,backdoor,backdoor,1,1
3,649,3,3,normal,normal,0,0
3,650,3,3,normal,normal,0,0
3,651,0,0,backdoor,backdoor,1,1
3,652,0,2,backdoor,injection,1,1
3,653,3,3,normal,normal,0,0
3,654,3,3,normal,normal,0,0
3,655,2,2,injection,injection,1,1
3,656,3,3,normal,normal,0,0
3,657,4,4,password,password,1,1
3,658,3,3,normal,normal,0,0
3,659,3,3,normal,normal,0,0
3,660,4,4,password,password,1,1
3,661,3,3,normal,normal,0,0
3,662,2,2,injection,injection,1,1
3,663,2,2,injection,injection,1,1
3,664,4,4,password,password,1,1
3,665,4,4,password,password,1,1
3,666,3,3,normal,normal,0,0
3,667,3,3,normal,normal,0,0
3,668,4,4,password,password,1,1
3,669,2,2,injection,injection,1,1
3,670,0,2,backdoor,injection,1,1
3,671,3,3,normal,normal,0,0
3,672,3,3,normal,normal,0,0
3,673,4,4,password,password,1,1
3,674,3,3,normal,normal,0,0
3,675,3,3,normal,normal,0,0
3,676,3,3,normal,normal,0,0
3,677,3,3,normal,normal,0,0
3,678,3,3,normal,normal,0,0
3,679,3,3,normal,normal,0,0
3,680,4,4,password,password,1,1
3,681,3,3,normal,normal,0,0
3,682,3,3,normal,normal,0,0
3,683,2,2,injection,injection,1,1
3,684,3,3,normal,normal,0,0
3,685,3,3,normal,normal,0,0
3,686,3,3,normal,normal,0,0
3,687,3,3,normal,normal,0,0
3,688,3,3,normal,normal,0,0
3,689,3,3,normal,normal,0,0
3,690,3,3,normal,normal,0,0
3,691,2,2,injection,injection,1,1
3,692,3,3,normal,normal,0,0
3,693,2,2,injection,injection,1,1
3,694,3,3,normal,normal,0,0
3,695,3,3,normal,normal,0,0
3,696,2,2,injection,injection,1,1
3,697,0,0,backdoor,backdoor,1,1
3,698,3,3,normal,normal,0,0
3,699,3,3,normal,normal,0,0
3,700,3,3,normal,normal,0,0
3,701,3,3,normal,normal,0,0
3,702,3,3,normal,normal,0,0
3,703,4,4,password,password,1,1
3,704,4,4,password,password,1,1
3,705,0,2,backdoor,injection,1,1
3,706,2,2,injection,injection,1,1
3,707,3,3,normal,normal,0,0
3,708,3,3,normal,normal,0,0
3,709,3,3,normal,normal,0,0
3,710,0,0,backdoor,backdoor,1,1
3,711,3,3,normal,normal,0,0
3,712,3,3,normal,normal,0,0
3,713,0,0,backdoor,backdoor,1,1
3,714,4,4,password,password,1,1
3,715,4,4,password,password,1,1
3,716,3,3,normal,normal,0,0
3,717,0,0,backdoor,backdoor,1,1
3,718,3,3,normal,normal,0,0
3,719,3,3,normal,normal,0,0
3,720,3,3,normal,normal,0,0
3,721,3,3,normal,normal,0,0
3,722,3,3,normal,normal,0,0
3,723,3,3,normal,normal,0,0
3,724,2,2,injection,injection,1,1
3,725,0,0,backdoor,backdoor,1,1
3,726,3,3,normal,normal,0,0
3,727,2,2,injection,injection,1,1
3,728,4,4,password,password,1,1
3,729,3,3,normal,normal,0,0
3,730,2,2,injection,injection,1,1
3,731,4,4,password,password,1,1
3,732,3,3,normal,normal,0,0
3,733,3,3,normal,normal,0,0
3,734,2,2,injection,injection,1,1
3,735,3,3,normal,normal,0,0
3,736,0,0,backdoor,backdoor,1,1
3,737,0,0,backdoor,backdoor,1,1
3,738,3,3,normal,normal,0,0
3,739,3,3,normal,normal,0,0
3,740,3,3,normal,normal,0,0
3,741,3,3,normal,normal,0,0
3,742,3,3,normal,normal,0,0
3,743,3,3,normal,normal,0,0
3,744,4,4,password,password,1,1
3,745,3,3,normal,normal,0,0
3,746,3,3,normal,normal,0,0
3,747,0,0,backdoor,backdoor,1,1
3,748,4,4,password,password,1,1
3,749,3,3,normal,normal,0,0
3,750,3,3,normal,normal,0,0
3,751,2,2,injection,injection,1,1
3,752,3,3,normal,normal,0,0
3,753,4,4,password,password,1,1
3,754,4,4,password,password,1,1
3,755,3,3,normal,normal,0,0
3,756,3,3,normal,normal,0,0
3,757,3,3,normal,normal,0,0
3,758,3,3,normal,normal,0,0
3,759,4,4,password,password,1,1
3,760,4,4,password,password,1,1
3,761,0,0,backdoor,backdoor,1,1
3,762,2,2,injection,injection,1,1
3,763,3,3,normal,normal,0,0
3,764,3,3,normal,normal,0,0
3,765,3,3,normal,normal,0,0
3,766,3,3,normal,normal,0,0
3,767,2,2,injection,injection,1,1
3,768,3,3,normal,normal,0,0
3,769,2,2,injection,injection,1,1
3,770,4,4,password,password,1,1
3,771,3,3,normal,normal,0,0
3,772,4,4,password,password,1,1
3,773,4,4,password,password,1,1
3,774,0,0,backdoor,backdoor,1,1
3,775,3,3,normal,normal,0,0
3,776,4,4,password,password,1,1
3,777,3,3,normal,normal,0,0
3,778,3,3,normal,normal,0,0
3,779,2,2,injection,injection,1,1
3,780,4,4,password,password,1,1
3,781,3,3,normal,normal,0,0
3,782,0,2,backdoor,injection,1,1
3,783,3,3,normal,normal,0,0
3,784,0,0,backdoor,backdoor,1,1
3,785,3,3,normal,normal,0,0
3,786,3,3,normal,normal,0,0
3,787,3,3,normal,normal,0,0
3,788,3,3,normal,normal,0,0
3,789,3,3,normal,normal,0,0
3,790,3,3,normal,normal,0,0
3,791,0,0,backdoor,backdoor,1,1
3,792,3,3,normal,normal,0,0
3,793,0,0,backdoor,backdoor,1,1
3,794,4,4,password,password,1,1
3,795,4,4,password,password,1,1
3,796,3,3,normal,normal,0,0
3,797,4,4,password,password,1,1
3,798,3,3,normal,normal,0,0
3,799,3,3,normal,normal,0,0
3,800,2,2,injection,injection,1,1
3,801,3,3,normal,normal,0,0
3,802,2,2,injection,injection,1,1
3,803,3,3,normal,normal,0,0
3,804,2,2,injection,injection,1,1
3,805,3,3,normal,normal,0,0
3,806,3,3,normal,normal,0,0
3,807,3,3,normal,normal,0,0
3,808,4,4,password,password,1,1
3,809,3,3,normal,normal,0,0
3,810,0,0,backdoor,backdoor,1,1
3,811,3,3,normal,normal,0,0
3,812,0,0,backdoor,backdoor,1,1
3,813,0,0,backdoor,backdoor,1,1
3,814,3,3,normal,normal,0,0
3,815,4,4,password,password,1,1
3,816,3,3,normal,normal,0,0
3,817,4,4,password,password,1,1
3,818,3,3,normal,normal,0,0
3,819,2,2,injection,injection,1,1
3,820,3,3,normal,normal,0,0
3,821,2,2,injection,injection,1,1
3,822,3,3,normal,normal,0,0
3,823,4,4,password,password,1,1
3,824,3,3,normal,normal,0,0
3,825,3,3,normal,normal,0,0
3,826,0,0,backdoor,backdoor,1,1
3,827,2,2,injection,injection,1,1
3,828,3,3,normal,normal,0,0
3,829,3,3,normal,normal,0,0
3,830,0,0,backdoor,backdoor,1,1
3,831,4,4,password,password,1,1
3,832,3,3,normal,normal,0,0
3,833,3,3,normal,normal,0,0
3,834,4,4,password,password,1,1
3,835,3,3,normal,normal,0,0
3,836,0,0,backdoor,backdoor,1,1
3,837,3,3,normal,normal,0,0
3,838,2,2,injection,injection,1,1
3,839,4,4,password,password,1,1
3,840,3,3,normal,normal,0,0
3,841,3,3,normal,normal,0,0
3,842,3,3,normal,normal,0,0
3,843,2,2,injection,injection,1,1
3,844,3,3,normal,normal,0,0
3,845,2,2,injection,injection,1,1
3,846,3,3,normal,normal,0,0
3,847,4,4,password,password,1,1
3,848,2,2,injection,injection,1,1
3,849,3,3,normal,normal,0,0
3,850,3,3,normal,normal,0,0
3,851,3,3,normal,normal,0,0
3,852,3,3,normal,normal,0,0
3,853,3,3,normal,normal,0,0
3,854,3,3,normal,normal,0,0
3,855,2,2,injection,injection,1,1
3,856,3,3,normal,normal,0,0
3,857,4,4,password,password,1,1
3,858,4,4,password,password,1,1
3,859,0,0,backdoor,backdoor,1,1
3,860,3,3,normal,normal,0,0
3,861,3,3,normal,normal,0,0
3,862,3,3,normal,normal,0,0
3,863,0,0,backdoor,backdoor,1,1
3,864,3,3,normal,normal,0,0
3,865,3,3,normal,normal,0,0
3,866,3,3,normal,normal,0,0
3,867,0,0,backdoor,backdoor,1,1
3,868,3,3,normal,normal,0,0
3,869,4,4,password,password,1,1
3,870,2,2,injection,injection,1,1
3,871,4,4,password,password,1,1
3,872,2,2,injection,injection,1,1
3,873,0,2,backdoor,injection,1,1
3,874,3,3,normal,normal,0,0
3,875,2,2,injection,injection,1,1
3,876,3,3,normal,normal,0,0
3,877,3,3,normal,normal,0,0
3,878,3,3,normal,normal,0,0
3,879,3,3,normal,normal,0,0
3,880,0,0,backdoor,backdoor,1,1
3,881,3,3,normal,normal,0,0
3,882,3,3,normal,normal,0,0
3,883,0,0,backdoor,backdoor,1,1
3,884,4,4,password,password,1,1
3,885,2,2,injection,injection,1,1
3,886,3,3,normal,normal,0,0
3,887,4,4,password,password,1,1
3,888,3,3,normal,normal,0,0
3,889,3,3,normal,normal,0,0
3,890,3,3,normal,normal,0,0
3,891,4,4,password,password,1,1
3,892,3,3,normal,normal,0,0
3,893,4,4,password,password,1,1
3,894,2,2,injection,injection,1,1
3,895,0,3,backdoor,normal,1,0
3,896,4,4,password,password,1,1
3,897,0,0,backdoor,backdoor,1,1
3,898,0,0,backdoor,backdoor,1,1
3,899,3,3,normal,normal,0,0
3,900,0,0,backdoor,backdoor,1,1
3,901,3,3,normal,normal,0,0
3,902,3,3,normal,normal,0,0
3,903,3,3,normal,normal,0,0
3,904,3,3,normal,normal,0,0
3,905,3,3,normal,normal,0,0
3,906,3,3,normal,normal,0,0
3,907,0,2,backdoor,injection,1,1
3,908,0,0,backdoor,backdoor,1,1
3,909,4,4,password,password,1,1
3,910,0,0,backdoor,backdoor,1,1
3,911,3,3,normal,normal,0,0
3,912,0,2,backdoor,injection,1,1
3,913,3,3,normal,normal,0,0
3,914,4,4,password,password,1,1
3,915,2,2,injection,injection,1,1
3,916,0,0,backdoor,backdoor,1,1
3,917,0,0,backdoor,backdoor,1,1
3,918,3,3,normal,normal,0,0
3,919,3,3,normal,normal,0,0
3,920,4,4,password,password,1,1
3,921,3,3,normal,normal,0,0
3,922,3,3,normal,normal,0,0
3,923,4,4,password,password,1,1
3,924,0,0,backdoor,backdoor,1,1
3,925,3,3,normal,normal,0,0
3,926,4,4,password,password,1,1
3,927,2,2,injection,injection,1,1
3,928,3,3,normal,normal,0,0
3,929,2,2,injection,injection,1,1
3,930,3,3,normal,normal,0,0
3,931,3,3,normal,normal,0,0
3,932,0,0,backdoor,backdoor,1,1
3,933,4,4,password,password,1,1
3,934,2,2,injection,injection,1,1
3,935,3,3,normal,normal,0,0
3,936,3,3,normal,normal,0,0
3,937,3,3,normal,normal,0,0
3,938,4,4,password,password,1,1
3,939,3,3,normal,normal,0,0
3,940,3,3,normal,normal,0,0
3,941,3,3,normal,normal,0,0
3,942,0,0,backdoor,backdoor,1,1
3,943,4,4,password,password,1,1
3,944,3,3,normal,normal,0,0
3,945,4,4,password,password,1,1
3,946,3,3,normal,normal,0,0
3,947,3,3,normal,normal,0,0
3,948,3,3,normal,normal,0,0
3,949,3,3,normal,normal,0,0
3,950,3,3,normal,normal,0,0
3,951,2,2,injection,injection,1,1
3,952,3,3,normal,normal,0,0
3,953,4,4,password,password,1,1
3,954,2,2,injection,injection,1,1
3,955,4,4,password,password,1,1
3,956,3,3,normal,normal,0,0
3,957,3,3,normal,normal,0,0
3,958,4,4,password,password,1,1
3,959,3,3,normal,normal,0,0
3,960,3,3,normal,normal,0,0
3,961,4,4,password,password,1,1
3,962,0,0,backdoor,backdoor,1,1
3,963,3,3,normal,normal,0,0
3,964,2,2,injection,injection,1,1
3,965,2,2,injection,injection,1,1
3,966,3,3,normal,normal,0,0
3,967,3,3,normal,normal,0,0
3,968,3,3,normal,normal,0,0
3,969,3,3,normal,normal,0,0
3,970,4,4,password,password,1,1
3,971,3,3,normal,normal,0,0
3,972,2,2,injection,injection,1,1
3,973,3,3,normal,normal,0,0
3,974,3,3,normal,normal,0,0
3,975,2,2,injection,injection,1,1
3,976,2,2,injection,injection,1,1
3,977,3,3,normal,normal,0,0
3,978,3,3,normal,normal,0,0
3,979,0,0,backdoor,backdoor,1,1
3,980,0,2,backdoor,injection,1,1
3,981,3,3,normal,normal,0,0
3,982,3,3,normal,normal,0,0
3,983,0,2,backdoor,injection,1,1
3,984,3,3,normal,normal,0,0
3,985,4,4,password,password,1,1
3,986,0,0,backdoor,backdoor,1,1
3,987,3,3,normal,normal,0,0
3,988,3,3,normal,normal,0,0
3,989,3,3,normal,normal,0,0
3,990,4,4,password,password,1,1
3,991,2,2,injection,injection,1,1
3,992,3,3,normal,normal,0,0
3,993,0,0,backdoor,backdoor,1,1
3,994,3,3,normal,normal,0,0
3,995,3,3,normal,normal,0,0
3,996,3,3,normal,normal,0,0
3,997,3,3,normal,normal,0,0
3,998,3,3,normal,normal,0,0
3,999,3,3,normal,normal,0,0
3,1000,3,3,normal,normal,0,0
3,1001,4,4,password,password,1,1
3,1002,3,3,normal,normal,0,0
3,1003,3,3,normal,normal,0,0
3,1004,3,3,normal,normal,0,0
3,1005,4,4,password,password,1,1
3,1006,3,3,normal,normal,0,0
3,1007,0,3,backdoor,normal,1,0
3,1008,4,4,password,password,1,1
3,1009,2,2,injection,injection,1,1
3,1010,3,3,normal,normal,0,0
3,1011,3,3,normal,normal,0,0
3,1012,2,2,injection,injection,1,1
3,1013,2,2,injection,injection,1,1
3,1014,3,3,normal,normal,0,0
3,1015,4,4,password,password,1,1
3,1016,3,3,normal,normal,0,0
3,1017,4,4,password,password,1,1
3,1018,3,3,normal,normal,0,0
3,1019,0,0,backdoor,backdoor,1,1
3,1020,3,3,normal,normal,0,0
3,1021,0,2,backdoor,injection,1,1
3,1022,2,2,injection,injection,1,1
3,1023,3,3,normal,normal,0,0
3,1024,3,3,normal,normal,0,0
3,1025,3,3,normal,normal,0,0
3,1026,3,3,normal,normal,0,0
3,1027,4,4,password,password,1,1
3,1028,3,3,normal,normal,0,0
3,1029,3,3,normal,normal,0,0
3,1030,4,4,password,password,1,1
3,1031,0,0,backdoor,backdoor,1,1
3,1032,4,4,password,password,1,1
3,1033,3,3,normal,normal,0,0
3,1034,2,2,injection,injection,1,1
3,1035,3,3,normal,normal,0,0
3,1036,4,4,password,password,1,1
3,1037,0,0,backdoor,backdoor,1,1
3,1038,3,3,normal,normal,0,0
3,1039,3,3,normal,normal,0,0
3,1040,3,3,normal,normal,0,0
3,1041,4,4,password,password,1,1
3,1042,3,3,normal,normal,0,0
3,1043,0,0,backdoor,backdoor,1,1
3,1044,2,2,injection,injection,1,1
3,1045,0,0,backdoor,backdoor,1,1
3,1046,2,2,injection,injection,1,1
3,1047,3,3,normal,normal,0,0
3,1048,2,2,injection,injection,1,1
3,1049,4,4,password,password,1,1
3,1050,4,4,password,password,1,1
3,1051,2,2,injection,injection,1,1
3,1052,3,3,normal,normal,0,0
3,1053,3,3,normal,normal,0,0
3,1054,0,0,backdoor,backdoor,1,1
3,1055,2,2,injection,injection,1,1
3,1056,0,0,backdoor,backdoor,1,1
3,1057,3,3,normal,normal,0,0
3,1058,0,0,backdoor,backdoor,1,1
3,1059,0,0,backdoor,backdoor,1,1
3,1060,0,0,backdoor,backdoor,1,1
3,1061,3,3,normal,normal,0,0
3,1062,0,0,backdoor,backdoor,1,1
3,1063,0,0,backdoor,backdoor,1,1
3,1064,3,3,normal,normal,0,0
3,1065,3,3,normal,normal,0,0
3,1066,4,4,password,password,1,1
3,1067,3,3,normal,normal,0,0
3,1068,3,3,normal,normal,0,0
3,1069,0,2,backdoor,injection,1,1
3,1070,2,2,injection,injection,1,1
3,1071,3,3,normal,normal,0,0
3,1072,0,0,backdoor,backdoor,1,1
3,1073,0,0,backdoor,backdoor,1,1
3,1074,3,3,normal,normal,0,0
3,1075,0,2,backdoor,injection,1,1
3,1076,0,0,backdoor,backdoor,1,1
3,1077,0,0,backdoor,backdoor,1,1
3,1078,3,3,normal,normal,0,0
3,1079,0,2,backdoor,injection,1,1
3,1080,3,3,normal,normal,0,0
3,1081,3,3,normal,normal,0,0
3,1082,2,2,injection,injection,1,1
3,1083,0,0,backdoor,backdoor,1,1
3,1084,3,3,normal,normal,0,0
3,1085,2,2,injection,injection,1,1
3,1086,3,3,normal,normal,0,0
3,1087,3,3,normal,normal,0,0
3,1088,3,3,normal,normal,0,0
3,1089,3,3,normal,normal,0,0
3,1090,2,2,injection,injection,1,1
3,1091,3,3,normal,normal,0,0
3,1092,3,3,normal,normal,0,0
3,1093,2,2,injection,injection,1,1
3,1094,3,3,normal,normal,0,0
3,1095,4,4,password,password,1,1
3,1096,3,3,normal,normal,0,0
3,1097,4,4,password,password,1,1
3,1098,4,4,password,password,1,1
3,1099,2,2,injection,injection,1,1
3,1100,0,0,backdoor,backdoor,1,1
3,1101,3,3,normal,normal,0,0
3,1102,3,3,normal,normal,0,0
3,1103,0,0,backdoor,backdoor,1,1
3,1104,4,4,password,password,1,1
3,1105,4,4,password,password,1,1
3,1106,2,2,injection,injection,1,1
3,1107,2,2,injection,injection,1,1
3,1108,4,4,password,password,1,1
3,1109,3,3,normal,normal,0,0
3,1110,3,3,normal,normal,0,0
3,1111,0,3,backdoor,normal,1,0
3,1112,3,3,normal,normal,0,0
3,1113,3,3,normal,normal,0,0
3,1114,3,3,normal,normal,0,0
3,1115,4,4,password,password,1,1
3,1116,2,2,injection,injection,1,1
3,1117,3,3,normal,normal,0,0
3,1118,3,3,normal,normal,0,0
3,1119,4,4,password,password,1,1
3,1120,2,2,injection,injection,1,1
3,1121,3,3,normal,normal,0,0
3,1122,3,3,normal,normal,0,0
3,1123,2,2,injection,injection,1,1
3,1124,2,2,injection,injection,1,1
3,1125,3,3,normal,normal,0,0
3,1126,3,3,normal,normal,0,0
3,1127,0,0,backdoor,backdoor,1,1
3,1128,0,0,backdoor,backdoor,1,1
3,1129,4,4,password,password,1,1
3,1130,2,2,injection,injection,1,1
3,1131,3,3,normal,normal,0,0
3,1132,4,4,password,password,1,1
3,1133,2,2,injection,injection,1,1
3,1134,3,3,normal,normal,0,0
3,1135,3,3,normal,normal,0,0
3,1136,3,3,normal,normal,0,0
3,1137,3,3,normal,normal,0,0
3,1138,0,0,backdoor,backdoor,1,1
3,1139,2,2,injection,injection,1,1
3,1140,3,3,normal,normal,0,0
3,1141,2,2,injection,injection,1,1
3,1142,3,3,normal,normal,0,0
3,1143,3,3,normal,normal,0,0
3,1144,3,3,normal,normal,0,0
3,1145,3,3,normal,normal,0,0
3,1146,3,3,normal,normal,0,0
3,1147,3,3,normal,normal,0,0
3,1148,3,3,normal,normal,0,0
3,1149,3,3,normal,normal,0,0
3,1150,0,0,backdoor,backdoor,1,1
3,1151,4,4,password,password,1,1
3,1152,3,3,normal,normal,0,0
3,1153,3,3,normal,normal,0,0
3,1154,2,2,injection,injection,1,1
3,1155,0,0,backdoor,backdoor,1,1
3,1156,0,0,backdoor,backdoor,1,1
3,1157,4,4,password,password,1,1
3,1158,0,0,backdoor,backdoor,1,1
3,1159,4,4,password,password,1,1
3,1160,0,0,backdoor,backdoor,1,1
3,1161,4,4,password,password,1,1
3,1162,0,0,backdoor,backdoor,1,1
3,1163,3,3,normal,normal,0,0
3,1164,3,3,normal,normal,0,0
3,1165,3,3,normal,normal,0,0
3,1166,0,0,backdoor,backdoor,1,1
3,1167,3,3,normal,normal,0,0
3,1168,0,0,backdoor,backdoor,1,1
3,1169,4,4,password,password,1,1
3,1170,4,4,password,password,1,1
3,1171,3,3,normal,normal,0,0
3,1172,3,3,normal,normal,0,0
3,1173,4,4,password,password,1,1
3,1174,3,3,normal,normal,0,0
3,1175,0,0,backdoor,backdoor,1,1
3,1176,4,4,password,password,1,1
3,1177,3,3,normal,normal,0,0
3,1178,4,4,password,password,1,1
3,1179,2,2,injection,injection,1,1
3,1180,3,3,normal,normal,0,0
3,1181,0,0,backdoor,backdoor,1,1
3,1182,2,2,injection,injection,1,1
3,1183,4,4,password,password,1,1
3,1184,4,4,password,password,1,1
3,1185,0,0,backdoor,backdoor,1,1
3,1186,2,2,injection,injection,1,1
3,1187,4,4,password,password,1,1
3,1188,2,2,injection,injection,1,1
3,1189,3,3,normal,normal,0,0
3,1190,2,2,injection,injection,1,1
3,1191,3,3,normal,normal,0,0
3,1192,4,4,password,password,1,1
3,1193,3,3,normal,normal,0,0
3,1194,4,4,password,password,1,1
3,1195,3,3,normal,normal,0,0
3,1196,2,2,injection,injection,1,1
3,1197,0,0,backdoor,backdoor,1,1
3,1198,4,4,password,password,1,1
3,1199,4,4,password,password,1,1
3,1200,4,4,password,password,1,1
3,1201,4,4,password,password,1,1
3,1202,3,3,normal,normal,0,0
3,1203,3,3,normal,normal,0,0
3,1204,3,3,normal,normal,0,0
3,1205,2,2,injection,injection,1,1
3,1206,3,3,normal,normal,0,0
3,1207,4,4,password,password,1,1
3,1208,2,2,injection,injection,1,1
3,1209,3,3,normal,normal,0,0
3,1210,3,3,normal,normal,0,0
3,1211,3,3,normal,normal,0,0
3,1212,2,2,injection,injection,1,1
3,1213,3,3,normal,normal,0,0
3,1214,3,3,normal,normal,0,0
3,1215,0,2,backdoor,injection,1,1
3,1216,0,0,backdoor,backdoor,1,1
3,1217,3,3,normal,normal,0,0
3,1218,2,2,injection,injection,1,1
3,1219,2,2,injection,injection,1,1
3,1220,0,0,backdoor,backdoor,1,1
3,1221,3,3,normal,normal,0,0
3,1222,4,4,password,password,1,1
3,1223,3,3,normal,normal,0,0
3,1224,0,0,backdoor,backdoor,1,1
3,1225,3,3,normal,normal,0,0
3,1226,2,2,injection,injection,1,1
3,1227,0,0,backdoor,backdoor,1,1
3,1228,3,3,normal,normal,0,0
3,1229,2,2,injection,injection,1,1
3,1230,0,0,backdoor,backdoor,1,1
3,1231,2,2,injection,injection,1,1
3,1232,4,4,password,password,1,1
3,1233,4,4,password,password,1,1
3,1234,2,2,injection,injection,1,1
3,1235,3,3,normal,normal,0,0
3,1236,2,2,injection,injection,1,1
3,1237,4,4,password,password,1,1
3,1238,3,3,normal,normal,0,0
3,1239,0,0,backdoor,backdoor,1,1
3,1240,4,4,password,password,1,1
3,1241,0,3,backdoor,normal,1,0
3,1242,3,3,normal,normal,0,0
3,1243,3,3,normal,normal,0,0
3,1244,3,3,normal,normal,0,0
3,1245,4,4,password,password,1,1
3,1246,3,3,normal,normal,0,0
3,1247,3,3,normal,normal,0,0
3,1248,3,3,normal,normal,0,0
3,1249,0,0,backdoor,backdoor,1,1
3,1250,3,3,normal,normal,0,0
3,1251,3,3,normal,normal,0,0
3,1252,2,2,injection,injection,1,1
3,1253,3,3,normal,normal,0,0
3,1254,2,2,injection,injection,1,1
3,1255,2,2,injection,injection,1,1
3,1256,3,3,normal,normal,0,0
3,1257,4,4,password,password,1,1
3,1258,3,3,normal,normal,0,0
3,1259,4,4,password,password,1,1
3,1260,3,3,normal,normal,0,0
3,1261,0,0,backdoor,backdoor,1,1
3,1262,2,2,injection,injection,1,1
3,1263,0,0,backdoor,backdoor,1,1
3,1264,0,2,backdoor,injection,1,1
3,1265,4,4,password,password,1,1
3,1266,0,0,backdoor,backdoor,1,1
3,1267,0,0,backdoor,backdoor,1,1
3,1268,3,3,normal,normal,0,0
3,1269,2,2,injection,injection,1,1
3,1270,4,4,password,password,1,1
3,1271,3,3,normal,normal,0,0
3,1272,3,3,normal,normal,0,0
3,1273,4,4,password,password,1,1
3,1274,3,3,normal,normal,0,0
3,1275,3,3,normal,normal,0,0
3,1276,3,3,normal,normal,0,0
3,1277,3,3,normal,normal,0,0
3,1278,3,3,normal,normal,0,0
3,1279,3,3,normal,normal,0,0
3,1280,3,3,normal,normal,0,0
3,1281,4,4,password,password,1,1
3,1282,3,3,normal,normal,0,0
3,1283,0,0,backdoor,backdoor,1,1
3,1284,4,4,password,password,1,1
3,1285,3,3,normal,normal,0,0
3,1286,3,3,normal,normal,0,0
3,1287,4,4,password,password,1,1
3,1288,3,3,normal,normal,0,0
3,1289,3,3,normal,normal,0,0
3,1290,2,2,injection,injection,1,1
3,1291,3,3,normal,normal,0,0
3,1292,3,3,normal,normal,0,0
3,1293,4,4,password,password,1,1
3,1294,3,3,normal,normal,0,0
3,1295,3,3,normal,normal,0,0
3,1296,2,2,injection,injection,1,1
3,1297,2,2,injection,injection,1,1
3,1298,3,3,normal,normal,0,0
3,1299,3,3,normal,normal,0,0
3,1300,3,3,normal,normal,0,0
3,1301,3,3,normal,normal,0,0
3,1302,4,4,password,password,1,1
3,1303,3,3,normal,normal,0,0
3,1304,0,0,backdoor,backdoor,1,1
3,1305,0,0,backdoor,backdoor,1,1
3,1306,4,4,password,password,1,1
3,1307,3,3,normal,normal,0,0
3,1308,0,0,backdoor,backdoor,1,1
3,1309,3,3,normal,normal,0,0
3,1310,3,3,normal,normal,0,0
3,1311,0,0,backdoor,backdoor,1,1
3,1312,3,3,normal,normal,0,0
3,1313,4,4,password,password,1,1
3,1314,4,4,password,password,1,1
3,1315,2,2,injection,injection,1,1
3,1316,2,2,injection,injection,1,1
3,1317,3,3,normal,normal,0,0
3,1318,2,2,injection,injection,1,1
3,1319,2,2,injection,injection,1,1
3,1320,3,3,normal,normal,0,0
3,1321,2,2,injection,injection,1,1
3,1322,0,0,backdoor,backdoor,1,1
3,1323,0,0,backdoor,backdoor,1,1
3,1324,4,4,password,password,1,1
3,1325,3,3,normal,normal,0,0
3,1326,3,3,normal,normal,0,0
3,1327,3,3,normal,normal,0,0
3,1328,0,0,backdoor,backdoor,1,1
3,1329,4,4,password,password,1,1
3,1330,4,4,password,password,1,1
3,1331,2,2,injection,injection,1,1
3,1332,0,0,backdoor,backdoor,1,1
3,1333,3,3,normal,normal,0,0
3,1334,2,2,injection,injection,1,1
3,1335,0,0,backdoor,backdoor,1,1
3,1336,3,3,normal,normal,0,0
3,1337,3,3,normal,normal,0,0
3,1338,2,2,injection,injection,1,1
3,1339,3,3,normal,normal,0,0
3,1340,3,3,normal,normal,0,0
3,1341,2,2,injection,injection,1,1
3,1342,0,0,backdoor,backdoor,1,1
3,1343,3,3,normal,normal,0,0
3,1344,3,3,normal,normal,0,0
3,1345,4,4,password,password,1,1
3,1346,3,3,normal,normal,0,0
3,1347,4,4,password,password,1,1
3,1348,0,0,backdoor,backdoor,1,1
3,1349,3,3,normal,normal,0,0
3,1350,0,2,backdoor,injection,1,1
3,1351,3,3,normal,normal,0,0
3,1352,3,3,normal,normal,0,0
3,1353,3,3,normal,normal,0,0
3,1354,3,3,normal,normal,0,0
3,1355,3,3,normal,normal,0,0
3,1356,4,4,password,password,1,1
3,1357,3,3,normal,normal,0,0
3,1358,3,3,normal,normal,0,0
3,1359,4,4,password,password,1,1
3,1360,0,0,backdoor,backdoor,1,1
3,1361,3,3,normal,normal,0,0
3,1362,4,4,password,password,1,1
3,1363,3,3,normal,normal,0,0
3,1364,0,0,backdoor,backdoor,1,1
3,1365,3,3,normal,normal,0,0
3,1366,0,0,backdoor,backdoor,1,1
3,1367,3,3,normal,normal,0,0
3,1368,3,3,normal,normal,0,0
3,1369,3,3,normal,normal,0,0
3,1370,2,2,injection,injection,1,1
3,1371,3,3,normal,normal,0,0
3,1372,3,3,normal,normal,0,0
3,1373,4,4,password,password,1,1
3,1374,3,3,normal,normal,0,0
3,1375,0,0,backdoor,backdoor,1,1
3,1376,2,2,injection,injection,1,1
3,1377,3,3,normal,normal,0,0
3,1378,4,4,password,password,1,1
3,1379,2,2,injection,injection,1,1
3,1380,4,4,password,password,1,1
3,1381,3,3,normal,normal,0,0
3,1382,0,0,backdoor,backdoor,1,1
3,1383,3,3,normal,normal,0,0
3,1384,4,4,password,password,1,1
3,1385,2,2,injection,injection,1,1
3,1386,0,0,backdoor,backdoor,1,1
3,1387,3,3,normal,normal,0,0
3,1388,3,3,normal,normal,0,0
3,1389,0,0,backdoor,backdoor,1,1
3,1390,2,2,injection,injection,1,1
3,1391,0,0,backdoor,backdoor,1,1
3,1392,4,4,password,password,1,1
3,1393,2,2,injection,injection,1,1
3,1394,2,2,injection,injection,1,1
3,1395,3,3,normal,normal,0,0
3,1396,3,3,normal,normal,0,0
3,1397,2,2,injection,injection,1,1
3,1398,4,4,password,password,1,1
3,1399,4,4,password,password,1,1
3,1400,2,2,injection,injection,1,1
3,1401,3,3,normal,normal,0,0
3,1402,3,3,normal,normal,0,0
3,1403,3,3,normal,normal,0,0
3,1404,3,3,normal,normal,0,0
3,1405,2,2,injection,injection,1,1
3,1406,3,3,normal,normal,0,0
3,1407,2,2,injection,injection,1,1
3,1408,2,2,injection,injection,1,1
3,1409,4,4,password,password,1,1
3,1410,4,4,password,password,1,1
3,1411,3,3,normal,normal,0,0
3,1412,2,2,injection,injection,1,1
3,1413,4,4,password,password,1,1
3,1414,2,2,injection,injection,1,1
3,1415,4,4,password,password,1,1
3,1416,3,3,normal,normal,0,0
3,1417,3,3,normal,normal,0,0
3,1418,2,2,injection,injection,1,1
3,1419,2,2,injection,injection,1,1
3,1420,3,3,normal,normal,0,0
3,1421,3,3,normal,normal,0,0
3,1422,3,3,normal,normal,0,0
3,1423,3,3,normal,normal,0,0
3,1424,3,3,normal,normal,0,0
3,1425,3,3,normal,normal,0,0
3,1426,3,3,normal,normal,0,0
3,1427,3,3,normal,normal,0,0
3,1428,3,3,normal,normal,0,0
3,1429,4,4,password,password,1,1
3,1430,3,3,normal,normal,0,0
3,1431,3,3,normal,normal,0,0
3,1432,3,3,normal,normal,0,0
3,1433,0,0,backdoor,backdoor,1,1
3,1434,0,2,backdoor,injection,1,1
3,1435,2,2,injection,injection,1,1
3,1436,4,4,password,password,1,1
3,1437,4,4,password,password,1,1
3,1438,0,0,backdoor,backdoor,1,1
3,1439,2,2,injection,injection,1,1
3,1440,0,0,backdoor,backdoor,1,1
3,1441,4,4,password,password,1,1
3,1442,4,4,password,password,1,1
3,1443,4,4,password,password,1,1
3,1444,3,3,normal,normal,0,0
3,1445,4,4,password,password,1,1
3,1446,4,4,password,password,1,1
3,1447,2,2,injection,injection,1,1
3,1448,3,3,normal,normal,0,0
3,1449,2,2,injection,injection,1,1
3,1450,2,2,injection,injection,1,1
3,1451,4,4,password,password,1,1
3,1452,2,2,injection,injection,1,1
3,1453,3,3,normal,normal,0,0
3,1454,3,3,normal,normal,0,0
3,1455,3,3,normal,normal,0,0
3,1456,2,2,injection,injection,1,1
3,1457,3,3,normal,normal,0,0
3,1458,4,4,password,password,1,1
3,1459,3,3,normal,normal,0,0
3,1460,3,3,normal,normal,0,0
3,1461,0,0,backdoor,backdoor,1,1
3,1462,3,3,normal,normal,0,0
3,1463,4,4,password,password,1,1
3,1464,3,3,normal,normal,0,0
3,1465,3,3,normal,normal,0,0
3,1466,3,3,normal,normal,0,0
3,1467,0,0,backdoor,backdoor,1,1
3,1468,4,4,password,password,1,1
3,1469,3,3,normal,normal,0,0
3,1470,3,3,normal,normal,0,0
3,1471,2,2,injection,injection,1,1
3,1472,2,2,injection,injection,1,1
3,1473,3,3,normal,normal,0,0
3,1474,0,0,backdoor,backdoor,1,1
3,1475,0,2,backdoor,injection,1,1
3,1476,2,2,injection,injection,1,1
3,1477,2,2,injection,injection,1,1
3,1478,0,0,backdoor,backdoor,1,1
3,1479,3,3,normal,normal,0,0
3,1480,0,0,backdoor,backdoor,1,1
3,1481,3,3,normal,normal,0,0
3,1482,3,3,normal,normal,0,0
3,1483,3,3,normal,normal,0,0
3,1484,4,4,password,password,1,1
3,1485,3,3,normal,normal,0,0
3,1486,0,0,backdoor,backdoor,1,1
3,1487,4,4,password,password,1,1
3,1488,3,3,normal,normal,0,0
3,1489,3,3,normal,normal,0,0
3,1490,0,0,backdoor,backdoor,1,1
3,1491,3,3,normal,normal,0,0
3,1492,3,3,normal,normal,0,0
3,1493,4,4,password,password,1,1
3,1494,3,3,normal,normal,0,0
3,1495,0,0,backdoor,backdoor,1,1
3,1496,3,3,normal,normal,0,0
3,1497,2,2,injection,injection,1,1
3,1498,3,3,normal,normal,0,0
3,1499,3,3,normal,normal,0,0
3,1500,0,0,backdoor,backdoor,1,1
3,1501,3,3,normal,normal,0,0
3,1502,3,3,normal,normal,0,0
3,1503,3,3,normal,normal,0,0
3,1504,3,3,normal,normal,0,0
3,1505,3,3,normal,normal,0,0
3,1506,2,2,injection,injection,1,1
3,1507,2,2,injection,injection,1,1
3,1508,3,3,normal,normal,0,0
3,1509,3,3,normal,normal,0,0
3,1510,3,3,normal,normal,0,0
3,1511,3,3,normal,normal,0,0
3,1512,3,3,normal,normal,0,0
3,1513,2,2,injection,injection,1,1
3,1514,3,3,normal,normal,0,0
3,1515,3,3,normal,normal,0,0
3,1516,3,3,normal,normal,0,0
3,1517,3,3,normal,normal,0,0
3,1518,3,3,normal,normal,0,0
3,1519,0,0,backdoor,backdoor,1,1
3,1520,2,2,injection,injection,1,1
3,1521,3,3,normal,normal,0,0
3,1522,3,3,normal,normal,0,0
3,1523,0,0,backdoor,backdoor,1,1
3,1524,2,2,injection,injection,1,1
3,1525,2,2,injection,injection,1,1
3,1526,0,0,backdoor,backdoor,1,1
3,1527,4,4,password,password,1,1
3,1528,3,3,normal,normal,0,0
3,1529,2,2,injection,injection,1,1
3,1530,3,3,normal,normal,0,0
3,1531,3,3,normal,normal,0,0
3,1532,0,0,backdoor,backdoor,1,1
3,1533,3,3,normal,normal,0,0
3,1534,3,3,normal,normal,0,0
3,1535,4,4,password,password,1,1
3,1536,2,2,injection,injection,1,1
3,1537,0,2,backdoor,injection,1,1
3,1538,0,0,backdoor,backdoor,1,1
3,1539,0,0,backdoor,backdoor,1,1
3,1540,3,3,normal,normal,0,0
3,1541,4,4,password,password,1,1
3,1542,3,3,normal,normal,0,0
3,1543,4,4,password,password,1,1
3,1544,2,2,injection,injection,1,1
3,1545,2,2,injection,injection,1,1
3,1546,4,4,password,password,1,1
3,1547,0,0,backdoor,backdoor,1,1
3,1548,4,4,password,password,1,1
3,1549,3,3,normal,normal,0,0
3,1550,3,3,normal,normal,0,0
3,1551,3,3,normal,normal,0,0
3,1552,4,4,password,password,1,1
3,1553,2,2,injection,injection,1,1
3,1554,4,4,password,password,1,1
3,1555,3,3,normal,normal,0,0
3,1556,3,3,normal,normal,0,0
3,1557,4,4,password,password,1,1
3,1558,2,2,injection,injection,1,1
3,1559,0,0,backdoor,backdoor,1,1
3,1560,3,3,normal,normal,0,0
3,1561,3,3,normal,normal,0,0
3,1562,4,4,password,password,1,1
3,1563,0,2,backdoor,injection,1,1
3,1564,3,3,normal,normal,0,0
3,1565,2,2,injection,injection,1,1
3,1566,2,2,injection,injection,1,1
3,1567,0,0,backdoor,backdoor,1,1
3,1568,4,4,password,password,1,1
3,1569,3,3,normal,normal,0,0
3,1570,4,4,password,password,1,1
3,1571,0,0,backdoor,backdoor,1,1
3,1572,4,4,password,password,1,1
3,1573,3,3,normal,normal,0,0
3,1574,3,3,normal,normal,0,0
3,1575,3,3,normal,normal,0,0
3,1576,4,4,password,password,1,1
3,1577,3,3,normal,normal,0,0
3,1578,4,4,password,password,1,1
3,1579,4,4,password,password,1,1
3,1580,3,3,normal,normal,0,0
3,1581,3,3,normal,normal,0,0
3,1582,2,2,injection,injection,1,1
3,1583,3,3,normal,normal,0,0
3,1584,2,2,injection,injection,1,1
3,1585,4,4,password,password,1,1
3,1586,3,3,normal,normal,0,0
3,1587,3,3,normal,normal,0,0
3,1588,3,3,normal,normal,0,0
3,1589,4,4,password,password,1,1
3,1590,3,3,normal,normal,0,0
3,1591,3,3,normal,normal,0,0
3,1592,4,4,password,password,1,1
3,1593,3,3,normal,normal,0,0
3,1594,0,0,backdoor,backdoor,1,1
3,1595,3,3,normal,normal,0,0
3,1596,3,3,normal,normal,0,0
3,1597,3,3,normal,normal,0,0
3,1598,3,3,normal,normal,0,0
3,1599,4,4,password,password,1,1
3,1600,3,3,normal,normal,0,0
3,1601,2,2,injection,injection,1,1
3,1602,3,3,normal,normal,0,0
3,1603,3,3,normal,normal,0,0
3,1604,3,3,normal,normal,0,0
3,1605,0,0,backdoor,backdoor,1,1
3,1606,3,3,normal,normal,0,0
3,1607,3,3,normal,normal,0,0
3,1608,3,3,normal,normal,0,0
3,1609,2,2,injection,injection,1,1
3,1610,3,3,normal,normal,0,0
3,1611,0,2,backdoor,injection,1,1
3,1612,3,3,normal,normal,0,0
3,1613,4,4,password,password,1,1
3,1614,4,4,password,password,1,1
3,1615,4,4,password,password,1,1
3,1616,2,2,injection,injection,1,1
3,1617,3,3,normal,normal,0,0
3,1618,2,2,injection,injection,1,1
3,1619,3,3,normal,normal,0,0
3,1620,3,3,normal,normal,0,0
3,1621,4,4,password,password,1,1
3,1622,4,4,password,password,1,1
3,1623,3,3,normal,normal,0,0
3,1624,2,2,injection,injection,1,1
3,1625,3,3,normal,normal,0,0
3,1626,4,4,password,password,1,1
3,1627,2,2,injection,injection,1,1
3,1628,4,4,password,password,1,1
3,1629,0,2,backdoor,injection,1,1
3,1630,3,3,normal,normal,0,0
3,1631,3,3,normal,normal,0,0
3,1632,0,2,backdoor,injection,1,1
3,1633,4,4,password,password,1,1
3,1634,3,3,normal,normal,0,0
3,1635,3,3,normal,normal,0,0
3,1636,0,0,backdoor,backdoor,1,1
3,1637,3,3,normal,normal,0,0
3,1638,0,0,backdoor,backdoor,1,1
3,1639,3,3,normal,normal,0,0
3,1640,0,0,backdoor,backdoor,1,1
3,1641,3,3,normal,normal,0,0
3,1642,3,3,normal,normal,0,0
3,1643,3,3,normal,normal,0,0
3,1644,4,4,password,password,1,1
3,1645,4,4,password,password,1,1
3,1646,3,3,normal,normal,0,0
3,1647,3,3,normal,normal,0,0
3,1648,0,0,backdoor,backdoor,1,1
3,1649,3,3,normal,normal,0,0
3,1650,3,3,normal,normal,0,0
3,1651,0,0,backdoor,backdoor,1,1
3,1652,3,3,normal,normal,0,0
3,1653,3,3,normal,normal,0,0
3,1654,3,3,normal,normal,0,0
3,1655,3,3,normal,normal,0,0
3,1656,0,0,backdoor,backdoor,1,1
3,1657,2,2,injection,injection,1,1
3,1658,3,3,normal,normal,0,0
3,1659,3,3,normal,normal,0,0
3,1660,0,0,backdoor,backdoor,1,1
3,1661,3,3,normal,normal,0,0
3,1662,4,4,password,password,1,1
3,1663,3,3,normal,normal,0,0
3,1664,4,4,password,password,1,1
3,1665,2,2,injection,injection,1,1
3,1666,3,3,normal,normal,0,0
3,1667,2,2,injection,injection,1,1
3,1668,0,0,backdoor,backdoor,1,1
3,1669,3,3,normal,normal,0,0
3,1670,0,0,backdoor,backdoor,1,1
3,1671,4,4,password,password,1,1
3,1672,3,3,normal,normal,0,0
3,1673,2,2,injection,injection,1,1
3,1674,3,3,normal,normal,0,0
3,1675,2,2,injection,injection,1,1
3,1676,3,3,normal,normal,0,0
3,1677,0,2,backdoor,injection,1,1
3,1678,2,2,injection,injection,1,1
3,1679,4,4,password,password,1,1
3,1680,3,3,normal,normal,0,0
3,1681,3,3,normal,normal,0,0
3,1682,3,3,normal,normal,0,0
3,1683,3,3,normal,normal,0,0
3,1684,0,0,backdoor,backdoor,1,1
3,1685,0,2,backdoor,injection,1,1
3,1686,2,2,injection,injection,1,1
3,1687,3,3,normal,normal,0,0
3,1688,3,3,normal,normal,0,0
3,1689,3,3,normal,normal,0,0
3,1690,3,3,normal,normal,0,0
3,1691,4,4,password,password,1,1
3,1692,4,4,password,password,1,1
3,1693,3,3,normal,normal,0,0
3,1694,3,3,normal,normal,0,0
3,1695,2,2,injection,injection,1,1
3,1696,0,0,backdoor,backdoor,1,1
3,1697,3,3,normal,normal,0,0
3,1698,2,2,injection,injection,1,1
3,1699,0,0,backdoor,backdoor,1,1
3,1700,3,3,normal,normal,0,0
3,1701,3,3,normal,normal,0,0
3,1702,2,2,injection,injection,1,1
3,1703,3,3,normal,normal,0,0
3,1704,2,2,injection,injection,1,1
3,1705,2,2,injection,injection,1,1
3,1706,3,3,normal,normal,0,0
3,1707,3,3,normal,normal,0,0
3,1708,3,3,normal,normal,0,0
3,1709,2,2,injection,injection,1,1
3,1710,3,3,normal,normal,0,0
3,1711,2,2,injection,injection,1,1
3,1712,3,3,normal,normal,0,0
3,1713,3,3,normal,normal,0,0
3,1714,2,2,injection,injection,1,1
3,1715,0,0,backdoor,backdoor,1,1
3,1716,3,3,normal,normal,0,0
3,1717,2,2,injection,injection,1,1
3,1718,3,3,normal,normal,0,0
3,1719,4,4,password,password,1,1
3,1720,4,4,password,password,1,1
3,1721,3,3,normal,normal,0,0
3,1722,0,0,backdoor,backdoor,1,1
3,1723,3,3,normal,normal,0,0
3,1724,3,3,normal,normal,0,0
3,1725,2,2,injection,injection,1,1
3,1726,2,2,injection,injection,1,1
3,1727,3,3,normal,normal,0,0
3,1728,3,3,normal,normal,0,0
3,1729,2,2,injection,injection,1,1
3,1730,0,2,backdoor,injection,1,1
3,1731,2,2,injection,injection,1,1
3,1732,2,2,injection,injection,1,1
3,1733,3,3,normal,normal,0,0
3,1734,3,3,normal,normal,0,0
3,1735,2,2,injection,injection,1,1
3,1736,3,3,normal,normal,0,0
3,1737,4,4,password,password,1,1
3,1738,0,0,backdoor,backdoor,1,1
3,1739,0,2,backdoor,injection,1,1
3,1740,0,0,backdoor,backdoor,1,1
3,1741,2,2,injection,injection,1,1
3,1742,3,3,normal,normal,0,0
3,1743,2,2,injection,injection,1,1
3,1744,4,4,password,password,1,1
3,1745,0,0,backdoor,backdoor,1,1
3,1746,3,3,normal,normal,0,0
3,1747,3,3,normal,normal,0,0
3,1748,3,3,normal,normal,0,0
3,1749,3,3,normal,normal,0,0
3,1750,0,0,backdoor,backdoor,1,1
3,1751,4,4,password,password,1,1
3,1752,0,0,backdoor,backdoor,1,1
3,1753,2,2,injection,injection,1,1
3,1754,3,3,normal,normal,0,0
3,1755,3,3,normal,normal,0,0
3,1756,3,3,normal,normal,0,0
3,1757,2,2,injection,injection,1,1
3,1758,0,0,backdoor,backdoor,1,1
3,1759,4,4,password,password,1,1
3,1760,2,2,injection,injection,1,1
3,1761,3,3,normal,normal,0,0
3,1762,4,4,password,password,1,1
3,1763,0,0,backdoor,backdoor,1,1
3,1764,3,3,normal,normal,0,0
3,1765,2,2,injection,injection,1,1
3,1766,4,4,password,password,1,1
3,1767,3,3,normal,normal,0,0
3,1768,2,2,injection,injection,1,1
3,1769,3,3,normal,normal,0,0
3,1770,4,4,password,password,1,1
3,1771,0,0,backdoor,backdoor,1,1
3,1772,3,3,normal,normal,0,0
3,1773,0,2,backdoor,injection,1,1
3,1774,4,4,password,password,1,1
3,1775,3,3,normal,normal,0,0
3,1776,3,3,normal,normal,0,0
3,1777,4,4,password,password,1,1
3,1778,0,0,backdoor,backdoor,1,1
3,1779,0,0,backdoor,backdoor,1,1
3,1780,3,3,normal,normal,0,0
3,1781,0,0,backdoor,backdoor,1,1
3,1782,0,2,backdoor,injection,1,1
3,1783,3,3,normal,normal,0,0
3,1784,0,0,backdoor,backdoor,1,1
3,1785,0,0,backdoor,backdoor,1,1
3,1786,3,3,normal,normal,0,0
3,1787,2,2,injection,injection,1,1
3,1788,2,2,injection,injection,1,1
3,1789,3,3,normal,normal,0,0
3,1790,2,2,injection,injection,1,1
3,1791,2,2,injection,injection,1,1
3,1792,2,2,injection,injection,1,1
3,1793,3,3,normal,normal,0,0
3,1794,4,4,password,password,1,1
3,1795,3,3,normal,normal,0,0
3,1796,4,4,password,password,1,1
3,1797,2,2,injection,injection,1,1
3,1798,3,3,normal,normal,0,0
3,1799,2,2,injection,injection,1,1
3,1800,3,3,normal,normal,0,0
3,1801,3,3,normal,normal,0,0
3,1802,2,2,injection,injection,1,1
3,1803,2,2,injection,injection,1,1
3,1804,4,4,password,password,1,1
3,1805,4,4,password,password,1,1
3,1806,3,3,normal,normal,0,0
3,1807,3,3,normal,normal,0,0
3,1808,3,3,normal,normal,0,0
3,1809,0,0,backdoor,backdoor,1,1
3,1810,4,4,password,password,1,1
3,1811,0,0,backdoor,backdoor,1,1
3,1812,0,2,backdoor,injection,1,1
3,1813,4,4,password,password,1,1
3,1814,0,0,backdoor,backdoor,1,1
3,1815,4,4,password,password,1,1
3,1816,3,3,normal,normal,0,0
3,1817,3,3,normal,normal,0,0
3,1818,4,4,password,password,1,1
3,1819,4,4,password,password,1,1
3,1820,4,4,password,password,1,1
3,1821,3,3,normal,normal,0,0
3,1822,4,4,password,password,1,1
3,1823,3,3,normal,normal,0,0
3,1824,4,4,password,password,1,1
3,1825,3,3,normal,normal,0,0
3,1826,3,3,normal,normal,0,0
3,1827,0,0,backdoor,backdoor,1,1
3,1828,2,2,injection,injection,1,1
3,1829,3,3,normal,normal,0,0
3,1830,3,3,normal,normal,0,0
3,1831,0,0,backdoor,backdoor,1,1
3,1832,0,2,backdoor,injection,1,1
3,1833,3,3,normal,normal,0,0
3,1834,3,3,normal,normal,0,0
3,1835,0,0,backdoor,backdoor,1,1
3,1836,3,3,normal,normal,0,0
3,1837,2,2,injection,injection,1,1
3,1838,0,2,backdoor,injection,1,1
3,1839,3,3,normal,normal,0,0
3,1840,3,3,normal,normal,0,0
3,1841,0,2,backdoor,injection,1,1
3,1842,2,2,injection,injection,1,1
3,1843,3,3,normal,normal,0,0
3,1844,3,3,normal,normal,0,0
3,1845,3,3,normal,normal,0,0
3,1846,2,2,injection,injection,1,1
3,1847,3,3,normal,normal,0,0
3,1848,4,4,password,password,1,1
3,1849,0,0,backdoor,backdoor,1,1
3,1850,3,3,normal,normal,0,0
3,1851,4,4,password,password,1,1
3,1852,2,2,injection,injection,1,1
3,1853,2,2,injection,injection,1,1
3,1854,3,3,normal,normal,0,0
3,1855,3,3,normal,normal,0,0
3,1856,0,0,backdoor,backdoor,1,1
3,1857,0,0,backdoor,backdoor,1,1
3,1858,2,2,injection,injection,1,1
3,1859,3,3,normal,normal,0,0
3,1860,2,2,injection,injection,1,1
3,1861,2,2,injection,injection,1,1
3,1862,0,2,backdoor,injection,1,1
3,1863,3,3,normal,normal,0,0
3,1864,0,0,backdoor,backdoor,1,1
3,1865,3,3,normal,normal,0,0
3,1866,4,4,password,password,1,1
3,1867,2,2,injection,injection,1,1
3,1868,2,2,injection,injection,1,1
3,1869,2,2,injection,injection,1,1
3,1870,3,3,normal,normal,0,0
3,1871,0,0,backdoor,backdoor,1,1
3,1872,2,2,injection,injection,1,1
3,1873,3,3,normal,normal,0,0
3,1874,2,2,injection,injection,1,1
3,1875,4,4,password,password,1,1
3,1876,3,3,normal,normal,0,0
3,1877,3,3,normal,normal,0,0
3,1878,3,3,normal,normal,0,0
3,1879,3,3,normal,normal,0,0
3,1880,3,3,normal,normal,0,0
3,1881,0,0,backdoor,backdoor,1,1
3,1882,3,3,normal,normal,0,0
3,1883,3,3,normal,normal,0,0
3,1884,0,2,backdoor,injection,1,1
3,1885,2,2,injection,injection,1,1
3,1886,0,0,backdoor,backdoor,1,1
3,1887,3,3,normal,normal,0,0
3,1888,4,4,password,password,1,1
3,1889,3,3,normal,normal,0,0
3,1890,0,0,backdoor,backdoor,1,1
3,1891,3,3,normal,normal,0,0
3,1892,3,3,normal,normal,0,0
3,1893,3,3,normal,normal,0,0
3,1894,3,3,normal,normal,0,0
3,1895,3,3,normal,normal,0,0
3,1896,3,3,normal,normal,0,0
3,1897,2,2,injection,injection,1,1
3,1898,0,0,backdoor,backdoor,1,1
3,1899,4,4,password,password,1,1
3,1900,4,4,password,password,1,1
3,1901,3,3,normal,normal,0,0
3,1902,2,2,injection,injection,1,1
3,1903,4,4,password,password,1,1
3,1904,0,0,backdoor,backdoor,1,1
3,1905,3,3,normal,normal,0,0
3,1906,3,3,normal,normal,0,0
3,1907,3,3,normal,normal,0,0
3,1908,3,3,normal,normal,0,0
3,1909,3,3,normal,normal,0,0
3,1910,2,2,injection,injection,1,1
3,1911,3,3,normal,normal,0,0
3,1912,4,4,password,password,1,1
3,1913,0,0,backdoor,backdoor,1,1
3,1914,4,4,password,password,1,1
3,1915,4,4,password,password,1,1
3,1916,0,0,backdoor,backdoor,1,1
3,1917,4,4,password,password,1,1
3,1918,0,0,backdoor,backdoor,1,1
3,1919,2,2,injection,injection,1,1
3,1920,0,0,backdoor,backdoor,1,1
3,1921,3,3,normal,normal,0,0
3,1922,0,0,backdoor,backdoor,1,1
3,1923,2,2,injection,injection,1,1
3,1924,3,3,normal,normal,0,0
3,1925,3,3,normal,normal,0,0
3,1926,3,3,normal,normal,0,0
3,1927,3,3,normal,normal,0,0
3,1928,2,2,injection,injection,1,1
3,1929,4,4,password,password,1,1
3,1930,3,3,normal,normal,0,0
3,1931,3,3,normal,normal,0,0
3,1932,0,0,backdoor,backdoor,1,1
3,1933,2,2,injection,injection,1,1
3,1934,3,3,normal,normal,0,0
3,1935,3,3,normal,normal,0,0
3,1936,2,2,injection,injection,1,1
3,1937,0,0,backdoor,backdoor,1,1
3,1938,3,3,normal,normal,0,0
3,1939,2,2,injection,injection,1,1
3,1940,3,3,normal,normal,0,0
3,1941,3,3,normal,normal,0,0
3,1942,4,4,password,password,1,1
3,1943,3,3,normal,normal,0,0
3,1944,0,0,backdoor,backdoor,1,1
3,1945,3,3,normal,normal,0,0
3,1946,2,2,injection,injection,1,1
3,1947,3,3,normal,normal,0,0
3,1948,2,2,injection,injection,1,1
3,1949,2,2,injection,injection,1,1
3,1950,3,3,normal,normal,0,0
3,1951,3,3,normal,normal,0,0
3,1952,3,3,normal,normal,0,0
3,1953,3,3,normal,normal,0,0
3,1954,2,2,injection,injection,1,1
3,1955,0,0,backdoor,backdoor,1,1
3,1956,0,0,backdoor,backdoor,1,1
3,1957,4,4,password,password,1,1
3,1958,3,3,normal,normal,0,0
3,1959,2,2,injection,injection,1,1
3,1960,0,0,backdoor,backdoor,1,1
3,1961,3,3,normal,normal,0,0
3,1962,3,3,normal,normal,0,0
3,1963,3,3,normal,normal,0,0
3,1964,2,2,injection,injection,1,1
3,1965,0,0,backdoor,backdoor,1,1
3,1966,2,2,injection,injection,1,1
3,1967,3,3,normal,normal,0,0
3,1968,3,3,normal,normal,0,0
3,1969,3,3,normal,normal,0,0
3,1970,4,4,password,password,1,1
3,1971,2,2,injection,injection,1,1
3,1972,2,2,injection,injection,1,1
3,1973,0,2,backdoor,injection,1,1
3,1974,2,2,injection,injection,1,1
3,1975,2,2,injection,injection,1,1
3,1976,3,3,normal,normal,0,0
3,1977,2,2,injection,injection,1,1
3,1978,3,3,normal,normal,0,0
3,1979,3,3,normal,normal,0,0
3,1980,3,3,normal,normal,0,0
3,1981,3,3,normal,normal,0,0
3,1982,0,0,backdoor,backdoor,1,1
3,1983,3,3,normal,normal,0,0
3,1984,4,4,password,password,1,1
3,1985,3,3,normal,normal,0,0
3,1986,3,3,normal,normal,0,0
3,1987,3,3,normal,normal,0,0
3,1988,0,0,backdoor,backdoor,1,1
3,1989,3,3,normal,normal,0,0
3,1990,2,2,injection,injection,1,1
3,1991,3,3,normal,normal,0,0
3,1992,3,3,normal,normal,0,0
3,1993,4,4,password,password,1,1
3,1994,4,4,password,password,1,1
3,1995,0,0,backdoor,backdoor,1,1
3,1996,3,3,normal,normal,0,0
3,1997,3,3,normal,normal,0,0
3,1998,3,3,normal,normal,0,0
3,1999,0,0,backdoor,backdoor,1,1
3,2000,4,4,password,password,1,1
3,2001,0,0,backdoor,backdoor,1,1
3,2002,3,3,normal,normal,0,0
3,2003,2,2,injection,injection,1,1
3,2004,3,3,normal,normal,0,0
3,2005,2,2,injection,injection,1,1
3,2006,3,3,normal,normal,0,0
3,2007,3,3,normal,normal,0,0
3,2008,3,3,normal,normal,0,0
3,2009,3,3,normal,normal,0,0
3,2010,3,3,normal,normal,0,0
3,2011,3,3,normal,normal,0,0
3,2012,3,3,normal,normal,0,0
3,2013,3,3,normal,normal,0,0
3,2014,3,3,normal,normal,0,0
3,2015,3,3,normal,normal,0,0
3,2016,2,2,injection,injection,1,1
3,2017,0,0,backdoor,backdoor,1,1
3,2018,4,4,password,password,1,1
3,2019,0,0,backdoor,backdoor,1,1
3,2020,3,3,normal,normal,0,0
3,2021,3,3,normal,normal,0,0
3,2022,4,4,password,password,1,1
3,2023,2,2,injection,injection,1,1
3,2024,3,3,normal,normal,0,0
3,2025,2,2,injection,injection,1,1
3,2026,4,4,password,password,1,1
3,2027,3,3,normal,normal,0,0
3,2028,2,2,injection,injection,1,1
3,2029,0,0,backdoor,backdoor,1,1
3,2030,3,3,normal,normal,0,0
3,2031,3,3,normal,normal,0,0
3,2032,4,4,password,password,1,1
3,2033,3,3,normal,normal,0,0
3,2034,3,3,normal,normal,0,0
3,2035,0,0,backdoor,backdoor,1,1
3,2036,3,3,normal,normal,0,0
3,2037,3,3,normal,normal,0,0
3,2038,0,0,backdoor,backdoor,1,1
3,2039,2,2,injection,injection,1,1
3,2040,4,4,password,password,1,1
3,2041,3,3,normal,normal,0,0
3,2042,2,2,injection,injection,1,1
3,2043,3,3,normal,normal,0,0
3,2044,3,3,normal,normal,0,0
3,2045,3,3,normal,normal,0,0
3,2046,3,3,normal,normal,0,0
3,2047,2,2,injection,injection,1,1
3,2048,0,0,backdoor,backdoor,1,1
3,2049,3,3,normal,normal,0,0
3,2050,0,0,backdoor,backdoor,1,1
3,2051,2,2,injection,injection,1,1
3,2052,3,3,normal,normal,0,0
3,2053,3,3,normal,normal,0,0
3,2054,3,3,normal,normal,0,0
3,2055,3,3,normal,normal,0,0
3,2056,3,3,normal,normal,0,0
3,2057,4,4,password,password,1,1
3,2058,4,4,password,password,1,1
3,2059,4,4,password,password,1,1
3,2060,0,0,backdoor,backdoor,1,1
3,2061,3,3,normal,normal,0,0
3,2062,3,3,normal,normal,0,0
3,2063,3,3,normal,normal,0,0
3,2064,4,4,password,password,1,1
3,2065,3,3,normal,normal,0,0
3,2066,4,4,password,password,1,1
3,2067,3,3,normal,normal,0,0
3,2068,4,4,password,password,1,1
3,2069,3,3,normal,normal,0,0
3,2070,3,3,normal,normal,0,0
3,2071,2,2,injection,injection,1,1
3,2072,0,0,backdoor,backdoor,1,1
3,2073,2,2,injection,injection,1,1
3,2074,3,3,normal,normal,0,0
3,2075,3,3,normal,normal,0,0
3,2076,3,3,normal,normal,0,0
3,2077,3,3,normal,normal,0,0
3,2078,4,4,password,password,1,1
3,2079,3,3,normal,normal,0,0
3,2080,4,4,password,password,1,1
3,2081,3,3,normal,normal,0,0
3,2082,3,3,normal,normal,0,0
3,2083,2,0,injection,backdoor,1,1
3,2084,3,3,normal,normal,0,0
3,2085,2,2,injection,injection,1,1
3,2086,4,4,password,password,1,1
3,2087,2,2,injection,injection,1,1
3,2088,3,3,normal,normal,0,0
3,2089,3,3,normal,normal,0,0
3,2090,4,4,password,password,1,1
3,2091,0,0,backdoor,backdoor,1,1
3,2092,3,3,normal,normal,0,0
3,2093,0,0,backdoor,backdoor,1,1
3,2094,3,3,normal,normal,0,0
3,2095,0,0,backdoor,backdoor,1,1
3,2096,2,2,injection,injection,1,1
3,2097,3,3,normal,normal,0,0
3,2098,3,3,normal,normal,0,0
3,2099,0,0,backdoor,backdoor,1,1
3,2100,4,4,password,password,1,1
3,2101,2,2,injection,injection,1,1
3,2102,3,3,normal,normal,0,0
3,2103,3,3,normal,normal,0,0
3,2104,3,3,normal,normal,0,0
3,2105,2,2,injection,injection,1,1
3,2106,2,2,injection,injection,1,1
3,2107,4,4,password,password,1,1
3,2108,2,2,injection,injection,1,1
3,2109,3,3,normal,normal,0,0
3,2110,3,3,normal,normal,0,0
3,2111,0,0,backdoor,backdoor,1,1
3,2112,3,3,normal,normal,0,0
3,2113,0,0,backdoor,backdoor,1,1
3,2114,3,3,normal,normal,0,0
3,2115,4,4,password,password,1,1
3,2116,3,3,normal,normal,0,0
3,2117,3,3,normal,normal,0,0
3,2118,3,3,normal,normal,0,0
3,2119,2,2,injection,injection,1,1
3,2120,2,2,injection,injection,1,1
3,2121,3,3,normal,normal,0,0
3,2122,3,3,normal,normal,0,0
3,2123,2,2,injection,injection,1,1
3,2124,0,0,backdoor,backdoor,1,1
3,2125,2,2,injection,injection,1,1
3,2126,0,2,backdoor,injection,1,1
3,2127,2,2,injection,injection,1,1
3,2128,2,2,injection,injection,1,1
3,2129,4,4,password,password,1,1
3,2130,4,4,password,password,1,1
3,2131,4,4,password,password,1,1
3,2132,3,3,normal,normal,0,0
3,2133,0,2,backdoor,injection,1,1
3,2134,2,2,injection,injection,1,1
3,2135,3,3,normal,normal,0,0
3,2136,3,3,normal,normal,0,0
3,2137,3,3,normal,normal,0,0
3,2138,2,2,injection,injection,1,1
3,2139,2,2,injection,injection,1,1
3,2140,4,4,password,password,1,1
3,2141,4,4,password,password,1,1
3,2142,0,0,backdoor,backdoor,1,1
3,2143,0,0,backdoor,backdoor,1,1
3,2144,3,3,normal,normal,0,0
3,2145,3,3,normal,normal,0,0
3,2146,2,2,injection,injection,1,1
3,2147,3,3,normal,normal,0,0
3,2148,3,3,normal,normal,0,0
3,2149,3,3,normal,normal,0,0
3,2150,0,0,backdoor,backdoor,1,1
3,2151,0,0,backdoor,backdoor,1,1
3,2152,0,0,backdoor,backdoor,1,1
3,2153,3,3,normal,normal,0,0
3,2154,4,4,password,password,1,1
3,2155,0,0,backdoor,backdoor,1,1
3,2156,3,3,normal,normal,0,0
3,2157,3,3,normal,normal,0,0
3,2158,3,3,normal,normal,0,0
3,2159,0,2,backdoor,injection,1,1
3,2160,3,3,normal,normal,0,0
3,2161,2,2,injection,injection,1,1
3,2162,4,4,password,password,1,1
3,2163,3,3,normal,normal,0,0
3,2164,3,3,normal,normal,0,0
3,2165,4,4,password,password,1,1
3,2166,2,2,injection,injection,1,1
3,2167,3,3,normal,normal,0,0
3,2168,4,4,password,password,1,1
3,2169,3,3,normal,normal,0,0
3,2170,3,3,normal,normal,0,0
3,2171,4,4,password,password,1,1
3,2172,2,2,injection,injection,1,1
3,2173,4,4,password,password,1,1
3,2174,3,3,normal,normal,0,0
3,2175,3,3,normal,normal,0,0
3,2176,3,3,normal,normal,0,0
3,2177,0,0,backdoor,backdoor,1,1
3,2178,0,0,backdoor,backdoor,1,1
3,2179,2,2,injection,injection,1,1
3,2180,2,2,injection,injection,1,1
3,2181,0,0,backdoor,backdoor,1,1
3,2182,3,3,normal,normal,0,0
3,2183,3,3,normal,normal,0,0
3,2184,4,4,password,password,1,1
3,2185,3,3,normal,normal,0,0
3,2186,2,2,injection,injection,1,1
3,2187,0,0,backdoor,backdoor,1,1
3,2188,4,4,password,password,1,1
3,2189,4,4,password,password,1,1
3,2190,3,3,normal,normal,0,0
3,2191,3,3,normal,normal,0,0
3,2192,0,0,backdoor,backdoor,1,1
3,2193,4,4,password,password,1,1
3,2194,2,2,injection,injection,1,1
3,2195,0,0,backdoor,backdoor,1,1
3,2196,2,2,injection,injection,1,1
3,2197,4,4,password,password,1,1
3,2198,4,4,password,password,1,1
3,2199,3,3,normal,normal,0,0
3,2200,0,0,backdoor,backdoor,1,1
3,2201,3,3,normal,normal,0,0
3,2202,3,3,normal,normal,0,0
3,2203,0,0,backdoor,backdoor,1,1
3,2204,3,3,normal,normal,0,0
3,2205,4,4,password,password,1,1
3,2206,3,3,normal,normal,0,0
3,2207,3,3,normal,normal,0,0
3,2208,3,3,normal,normal,0,0
3,2209,3,3,normal,normal,0,0
3,2210,3,3,normal,normal,0,0
3,2211,3,3,normal,normal,0,0
3,2212,0,0,backdoor,backdoor,1,1
3,2213,3,3,normal,normal,0,0
3,2214,3,3,normal,normal,0,0
3,2215,3,3,normal,normal,0,0
3,2216,0,2,backdoor,injection,1,1
3,2217,0,2,backdoor,injection,1,1
3,2218,0,0,backdoor,backdoor,1,1
3,2219,4,4,password,password,1,1
3,2220,2,2,injection,injection,1,1
3,2221,4,4,password,password,1,1
3,2222,0,0,backdoor,backdoor,1,1
3,2223,3,3,normal,normal,0,0
3,2224,4,4,password,password,1,1
3,2225,2,2,injection,injection,1,1
3,2226,4,4,password,password,1,1
3,2227,3,3,normal,normal,0,0
3,2228,3,3,normal,normal,0,0
3,2229,4,4,password,password,1,1
3,2230,0,0,backdoor,backdoor,1,1
3,2231,3,3,normal,normal,0,0
3,2232,2,2,injection,injection,1,1
3,2233,0,0,backdoor,backdoor,1,1
3,2234,2,2,injection,injection,1,1
3,2235,0,0,backdoor,backdoor,1,1
3,2236,0,0,backdoor,backdoor,1,1
3,2237,2,2,injection,injection,1,1
3,2238,0,2,backdoor,injection,1,1
3,2239,2,2,injection,injection,1,1
3,2240,2,2,injection,injection,1,1
3,2241,3,3,normal,normal,0,0
3,2242,3,3,normal,normal,0,0
3,2243,0,0,backdoor,backdoor,1,1
3,2244,4,4,password,password,1,1
3,2245,3,3,normal,normal,0,0
3,2246,3,3,normal,normal,0,0
3,2247,3,3,normal,normal,0,0
3,2248,3,3,normal,normal,0,0
3,2249,3,3,normal,normal,0,0
3,2250,3,3,normal,normal,0,0
3,2251,4,4,password,password,1,1
3,2252,4,4,password,password,1,1
3,2253,3,3,normal,normal,0,0
3,2254,2,2,injection,injection,1,1
3,2255,4,4,password,password,1,1
3,2256,3,3,normal,normal,0,0
3,2257,3,3,normal,normal,0,0
3,2258,3,3,normal,normal,0,0
3,2259,2,2,injection,injection,1,1
3,2260,2,2,injection,injection,1,1
3,2261,3,3,normal,normal,0,0
3,2262,2,2,injection,injection,1,1
3,2263,3,3,normal,normal,0,0
3,2264,3,3,normal,normal,0,0
3,2265,0,0,backdoor,backdoor,1,1
3,2266,2,2,injection,injection,1,1
3,2267,3,3,normal,normal,0,0
3,2268,3,3,normal,normal,0,0
3,2269,0,0,backdoor,backdoor,1,1
3,2270,2,2,injection,injection,1,1
3,2271,0,0,backdoor,backdoor,1,1
3,2272,2,2,injection,injection,1,1
3,2273,0,2,backdoor,injection,1,1
3,2274,2,2,injection,injection,1,1
3,2275,2,2,injection,injection,1,1
3,2276,2,2,injection,injection,1,1
3,2277,0,0,backdoor,backdoor,1,1
3,2278,3,3,normal,normal,0,0
3,2279,3,3,normal,normal,0,0
3,2280,4,4,password,password,1,1
3,2281,2,2,injection,injection,1,1
3,2282,2,2,injection,injection,1,1
3,2283,3,3,normal,normal,0,0
3,2284,4,4,password,password,1,1
3,2285,3,3,normal,normal,0,0
3,2286,4,4,password,password,1,1
3,2287,3,3,normal,normal,0,0
3,2288,3,3,normal,normal,0,0
3,2289,0,2,backdoor,injection,1,1
3,2290,4,4,password,password,1,1
3,2291,3,3,normal,normal,0,0
3,2292,3,3,normal,normal,0,0
3,2293,3,3,normal,normal,0,0
3,2294,4,4,password,password,1,1
3,2295,3,3,normal,normal,0,0
3,2296,4,4,password,password,1,1
3,2297,3,3,normal,normal,0,0
3,2298,3,3,normal,normal,0,0
3,2299,3,3,normal,normal,0,0
3,2300,2,2,injection,injection,1,1
3,2301,0,0,backdoor,backdoor,1,1
3,2302,4,4,password,password,1,1
3,2303,3,3,normal,normal,0,0
3,2304,2,2,injection,injection,1,1
3,2305,4,4,password,password,1,1
3,2306,0,0,backdoor,backdoor,1,1
3,2307,3,3,normal,normal,0,0
3,2308,0,0,backdoor,backdoor,1,1
3,2309,0,0,backdoor,backdoor,1,1
3,2310,0,0,backdoor,backdoor,1,1
3,2311,3,3,normal,normal,0,0
3,2312,3,3,normal,normal,0,0
3,2313,3,3,normal,normal,0,0
3,2314,3,3,normal,normal,0,0
3,2315,3,3,normal,normal,0,0
3,2316,3,3,normal,normal,0,0
3,2317,3,3,normal,normal,0,0
3,2318,0,0,backdoor,backdoor,1,1
3,2319,3,3,normal,normal,0,0
3,2320,4,4,password,password,1,1
3,2321,3,3,normal,normal,0,0
3,2322,3,3,normal,normal,0,0
3,2323,2,2,injection,injection,1,1
3,2324,3,3,normal,normal,0,0
3,2325,3,3,normal,normal,0,0
3,2326,2,2,injection,injection,1,1
3,2327,3,3,normal,normal,0,0
3,2328,3,3,normal,normal,0,0
3,2329,0,0,backdoor,backdoor,1,1
3,2330,3,3,normal,normal,0,0
3,2331,2,2,injection,injection,1,1
3,2332,3,3,normal,normal,0,0
3,2333,3,3,normal,normal,0,0
3,2334,3,3,normal,normal,0,0
3,2335,3,3,normal,normal,0,0
3,2336,4,4,password,password,1,1
3,2337,3,3,normal,normal,0,0
3,2338,3,3,normal,normal,0,0
3,2339,3,3,normal,normal,0,0
3,2340,0,0,backdoor,backdoor,1,1
3,2341,3,3,normal,normal,0,0
3,2342,3,3,normal,normal,0,0
3,2343,4,4,password,password,1,1
3,2344,3,3,normal,normal,0,0
3,2345,0,0,backdoor,backdoor,1,1
3,2346,3,3,normal,normal,0,0
3,2347,3,3,normal,normal,0,0
3,2348,4,4,password,password,1,1
3,2349,3,3,normal,normal,0,0
3,2350,3,3,normal,normal,0,0
3,2351,3,3,normal,normal,0,0
3,2352,4,4,password,password,1,1
3,2353,0,0,backdoor,backdoor,1,1
3,2354,3,3,normal,normal,0,0
3,2355,0,2,backdoor,injection,1,1
3,2356,3,3,normal,normal,0,0
3,2357,3,3,normal,normal,0,0
3,2358,0,0,backdoor,backdoor,1,1
3,2359,0,0,backdoor,backdoor,1,1
3,2360,2,2,injection,injection,1,1
3,2361,4,4,password,password,1,1
3,2362,4,4,password,password,1,1
3,2363,3,3,normal,normal,0,0
3,2364,3,3,normal,normal,0,0
3,2365,3,3,normal,normal,0,0
3,2366,3,3,normal,normal,0,0
3,2367,4,4,password,password,1,1
3,2368,3,3,normal,normal,0,0
3,2369,2,2,injection,injection,1,1
3,2370,2,2,injection,injection,1,1
3,2371,4,4,password,password,1,1
3,2372,3,3,normal,normal,0,0
3,2373,2,2,injection,injection,1,1
3,2374,3,3,normal,normal,0,0
3,2375,3,3,normal,normal,0,0
3,2376,0,0,backdoor,backdoor,1,1
3,2377,4,4,password,password,1,1
3,2378,3,3,normal,normal,0,0
3,2379,3,3,normal,normal,0,0
3,2380,2,2,injection,injection,1,1
3,2381,3,3,normal,normal,0,0
3,2382,0,0,backdoor,backdoor,1,1
3,2383,3,3,normal,normal,0,0
3,2384,0,0,backdoor,backdoor,1,1
3,2385,4,4,password,password,1,1
3,2386,3,3,normal,normal,0,0
3,2387,0,0,backdoor,backdoor,1,1
3,2388,3,3,normal,normal,0,0
3,2389,3,3,normal,normal,0,0
3,2390,4,4,password,password,1,1
3,2391,4,4,password,password,1,1
3,2392,2,2,injection,injection,1,1
3,2393,0,2,backdoor,injection,1,1
3,2394,3,3,normal,normal,0,0
3,2395,2,2,injection,injection,1,1
3,2396,3,3,normal,normal,0,0
3,2397,2,2,injection,injection,1,1
3,2398,3,3,normal,normal,0,0
3,2399,2,2,injection,injection,1,1
3,2400,3,3,normal,normal,0,0
3,2401,3,3,normal,normal,0,0
3,2402,4,4,password,password,1,1
3,2403,3,3,normal,normal,0,0
3,2404,3,3,normal,normal,0,0
3,2405,3,3,normal,normal,0,0
3,2406,0,2,backdoor,injection,1,1
3,2407,3,3,normal,normal,0,0
3,2408,3,3,normal,normal,0,0
3,2409,3,3,normal,normal,0,0
3,2410,2,2,injection,injection,1,1
3,2411,3,3,normal,normal,0,0
3,2412,0,0,backdoor,backdoor,1,1
3,2413,2,2,injection,injection,1,1
3,2414,4,4,password,password,1,1
3,2415,3,3,normal,normal,0,0
3,2416,3,3,normal,normal,0,0
3,2417,3,3,normal,normal,0,0
3,2418,4,4,password,password,1,1
3,2419,3,3,normal,normal,0,0
3,2420,0,2,backdoor,injection,1,1
3,2421,4,4,password,password,1,1
3,2422,0,2,backdoor,injection,1,1
3,2423,3,3,normal,normal,0,0
3,2424,3,3,normal,normal,0,0
3,2425,2,2,injection,injection,1,1
3,2426,3,3,normal,normal,0,0
3,2427,0,0,backdoor,backdoor,1,1
3,2428,0,0,backdoor,backdoor,1,1
3,2429,3,3,normal,normal,0,0
3,2430,4,4,password,password,1,1
3,2431,0,0,backdoor,backdoor,1,1
3,2432,3,3,normal,normal,0,0
3,2433,0,0,backdoor,backdoor,1,1
3,2434,2,2,injection,injection,1,1
3,2435,2,2,injection,injection,1,1
3,2436,3,3,normal,normal,0,0
3,2437,3,3,normal,normal,0,0
3,2438,3,3,normal,normal,0,0
3,2439,0,0,backdoor,backdoor,1,1
3,2440,4,4,password,password,1,1
3,2441,3,3,normal,normal,0,0
3,2442,2,2,injection,injection,1,1
3,2443,3,3,normal,normal,0,0
3,2444,4,4,password,password,1,1
3,2445,3,3,normal,normal,0,0
3,2446,4,4,password,password,1,1
3,2447,3,3,normal,normal,0,0
3,2448,2,2,injection,injection,1,1
3,2449,0,0,backdoor,backdoor,1,1
3,2450,0,0,backdoor,backdoor,1,1
3,2451,2,2,injection,injection,1,1
3,2452,4,4,password,password,1,1
3,2453,3,3,normal,normal,0,0
3,2454,0,0,backdoor,backdoor,1,1
3,2455,3,3,normal,normal,0,0
3,2456,3,3,normal,normal,0,0
3,2457,3,3,normal,normal,0,0
3,2458,2,2,injection,injection,1,1
3,2459,4,4,password,password,1,1
3,2460,2,2,injection,injection,1,1
3,2461,3,3,normal,normal,0,0
3,2462,3,3,normal,normal,0,0
3,2463,3,3,normal,normal,0,0
3,2464,3,3,normal,normal,0,0
3,2465,0,0,backdoor,backdoor,1,1
3,2466,4,4,password,password,1,1
3,2467,3,3,normal,normal,0,0
3,2468,3,3,normal,normal,0,0
3,2469,3,3,normal,normal,0,0
3,2470,4,4,password,password,1,1
3,2471,3,3,normal,normal,0,0
3,2472,4,4,password,password,1,1
3,2473,3,3,normal,normal,0,0
3,2474,3,3,normal,normal,0,0
3,2475,4,4,password,password,1,1
3,2476,0,0,backdoor,backdoor,1,1
3,2477,3,3,normal,normal,0,0
3,2478,2,2,injection,injection,1,1
3,2479,0,0,backdoor,backdoor,1,1
3,2480,2,2,injection,injection,1,1
3,2481,2,2,injection,injection,1,1
3,2482,3,3,normal,normal,0,0
3,2483,3,3,normal,normal,0,0
3,2484,3,3,normal,normal,0,0
3,2485,3,3,normal,normal,0,0
3,2486,0,2,backdoor,injection,1,1
3,2487,4,4,password,password,1,1
3,2488,3,3,normal,normal,0,0
3,2489,3,3,normal,normal,0,0
3,2490,0,0,backdoor,backdoor,1,1
3,2491,3,3,normal,normal,0,0
3,2492,2,2,injection,injection,1,1
3,2493,3,3,normal,normal,0,0
3,2494,4,4,password,password,1,1
3,2495,2,2,injection,injection,1,1
3,2496,3,3,normal,normal,0,0
3,2497,3,3,normal,normal,0,0
3,2498,3,3,normal,normal,0,0
3,2499,3,3,normal,normal,0,0
3,2500,3,3,normal,normal,0,0
3,2501,3,3,normal,normal,0,0
3,2502,3,3,normal,normal,0,0
3,2503,3,3,normal,normal,0,0
3,2504,3,3,normal,normal,0,0
3,2505,3,3,normal,normal,0,0
3,2506,3,3,normal,normal,0,0
3,2507,3,3,normal,normal,0,0
3,2508,4,4,password,password,1,1
3,2509,4,4,password,password,1,1
3,2510,3,3,normal,normal,0,0
3,2511,4,4,password,password,1,1
3,2512,0,2,backdoor,injection,1,1
3,2513,3,3,normal,normal,0,0
3,2514,3,3,normal,normal,0,0
3,2515,2,2,injection,injection,1,1
3,2516,3,3,normal,normal,0,0
3,2517,0,0,backdoor,backdoor,1,1
3,2518,3,3,normal,normal,0,0
3,2519,2,2,injection,injection,1,1
3,2520,3,3,normal,normal,0,0
3,2521,0,0,backdoor,backdoor,1,1
3,2522,0,0,backdoor,backdoor,1,1
3,2523,4,4,password,password,1,1
3,2524,3,3,normal,normal,0,0
3,2525,2,2,injection,injection,1,1
3,2526,0,2,backdoor,injection,1,1
3,2527,3,3,normal,normal,0,0
3,2528,3,3,normal,normal,0,0
3,2529,2,2,injection,injection,1,1
3,2530,3,3,normal,normal,0,0
3,2531,3,3,normal,normal,0,0
3,2532,3,3,normal,normal,0,0
3,2533,0,0,backdoor,backdoor,1,1
3,2534,0,0,backdoor,backdoor,1,1
3,2535,0,0,backdoor,backdoor,1,1
3,2536,2,2,injection,injection,1,1
3,2537,0,0,backdoor,backdoor,1,1
3,2538,2,2,injection,injection,1,1
3,2539,3,3,normal,normal,0,0
3,2540,4,4,password,password,1,1
3,2541,4,4,password,password,1,1
3,2542,3,3,normal,normal,0,0
3,2543,2,2,injection,injection,1,1
3,2544,0,0,backdoor,backdoor,1,1
3,2545,3,3,normal,normal,0,0
3,2546,0,0,backdoor,backdoor,1,1
3,2547,0,0,backdoor,backdoor,1,1
3,2548,4,4,password,password,1,1
3,2549,3,3,normal,normal,0,0
3,2550,0,0,backdoor,backdoor,1,1
3,2551,2,2,injection,injection,1,1
3,2552,3,3,normal,normal,0,0
3,2553,3,3,normal,normal,0,0
3,2554,3,3,normal,normal,0,0
3,2555,4,4,password,password,1,1
3,2556,3,3,normal,normal,0,0
3,2557,3,3,normal,normal,0,0
3,2558,3,3,normal,normal,0,0
3,2559,3,3,normal,normal,0,0
3,2560,3,3,normal,normal,0,0
3,2561,0,0,backdoor,backdoor,1,1
3,2562,3,3,normal,normal,0,0
3,2563,3,3,normal,normal,0,0
3,2564,0,0,backdoor,backdoor,1,1
3,2565,3,3,normal,normal,0,0
3,2566,4,4,password,password,1,1
3,2567,3,3,normal,normal,0,0
3,2568,0,0,backdoor,backdoor,1,1
3,2569,2,2,injection,injection,1,1
3,2570,0,0,backdoor,backdoor,1,1
3,2571,3,3,normal,normal,0,0
3,2572,3,3,normal,normal,0,0
3,2573,3,3,normal,normal,0,0
3,2574,2,2,injection,injection,1,1
3,2575,3,3,normal,normal,0,0
3,2576,2,2,injection,injection,1,1
3,2577,2,2,injection,injection,1,1
3,2578,2,2,injection,injection,1,1
3,2579,3,3,normal,normal,0,0
3,2580,3,3,normal,normal,0,0
3,2581,3,3,normal,normal,0,0
3,2582,0,2,backdoor,injection,1,1
3,2583,3,3,normal,normal,0,0
3,2584,4,4,password,password,1,1
3,2585,3,3,normal,normal,0,0
3,2586,3,3,normal,normal,0,0
3,2587,3,3,normal,normal,0,0
3,2588,4,4,password,password,1,1
3,2589,3,3,normal,normal,0,0
3,2590,3,3,normal,normal,0,0
3,2591,4,4,password,password,1,1
3,2592,3,3,normal,normal,0,0
3,2593,2,2,injection,injection,1,1
3,2594,3,3,normal,normal,0,0
3,2595,3,3,normal,normal,0,0
3,2596,2,2,injection,injection,1,1
3,2597,3,3,normal,normal,0,0
3,2598,3,3,normal,normal,0,0
3,2599,2,2,injection,injection,1,1
3,2600,0,0,backdoor,backdoor,1,1
3,2601,3,3,normal,normal,0,0
3,2602,2,2,injection,injection,1,1
3,2603,2,2,injection,injection,1,1
3,2604,0,0,backdoor,backdoor,1,1
3,2605,3,3,normal,normal,0,0
3,2606,0,0,backdoor,backdoor,1,1
3,2607,3,3,normal,normal,0,0
3,2608,4,4,password,password,1,1
3,2609,4,4,password,password,1,1
3,2610,2,2,injection,injection,1,1
3,2611,2,2,injection,injection,1,1
3,2612,4,4,password,password,1,1
3,2613,3,3,normal,normal,0,0
3,2614,3,3,normal,normal,0,0
3,2615,4,4,password,password,1,1
3,2616,2,2,injection,injection,1,1
3,2617,0,2,backdoor,injection,1,1
3,2618,3,3,normal,normal,0,0
3,2619,3,3,normal,normal,0,0
3,2620,2,2,injection,injection,1,1
3,2621,3,3,normal,normal,0,0
3,2622,3,3,normal,normal,0,0
3,2623,2,2,injection,injection,1,1
3,2624,4,4,password,password,1,1
3,2625,3,3,normal,normal,0,0
3,2626,3,3,normal,normal,0,0
3,2627,4,4,password,password,1,1
3,2628,2,2,injection,injection,1,1
3,2629,3,3,normal,normal,0,0
3,2630,3,3,normal,normal,0,0
3,2631,4,4,password,password,1,1
3,2632,3,3,normal,normal,0,0
3,2633,3,3,normal,normal,0,0
3,2634,3,3,normal,normal,0,0
3,2635,3,3,normal,normal,0,0
3,2636,4,4,password,password,1,1
3,2637,2,2,injection,injection,1,1
3,2638,3,3,normal,normal,0,0
3,2639,0,2,backdoor,injection,1,1
3,2640,4,4,password,password,1,1
3,2641,0,0,backdoor,backdoor,1,1
3,2642,0,0,backdoor,backdoor,1,1
3,2643,2,0,injection,backdoor,1,1
3,2644,3,3,normal,normal,0,0
3,2645,3,3,normal,normal,0,0
3,2646,4,4,password,password,1,1
3,2647,2,2,injection,injection,1,1
3,2648,4,4,password,password,1,1
3,2649,3,3,normal,normal,0,0
3,2650,4,4,password,password,1,1
3,2651,0,2,backdoor,injection,1,1
3,2652,2,2,injection,injection,1,1
3,2653,4,4,password,password,1,1
3,2654,3,3,normal,normal,0,0
3,2655,3,3,normal,normal,0,0
3,2656,3,3,normal,normal,0,0
3,2657,2,2,injection,injection,1,1
3,2658,3,3,normal,normal,0,0
3,2659,3,3,normal,normal,0,0
3,2660,2,2,injection,injection,1,1
3,2661,0,0,backdoor,backdoor,1,1
3,2662,0,0,backdoor,backdoor,1,1
3,2663,3,3,normal,normal,0,0
3,2664,3,3,normal,normal,0,0
3,2665,3,3,normal,normal,0,0
3,2666,3,3,normal,normal,0,0
3,2667,0,0,backdoor,backdoor,1,1
3,2668,3,3,normal,normal,0,0
3,2669,3,3,normal,normal,0,0
3,2670,3,3,normal,normal,0,0
3,2671,0,0,backdoor,backdoor,1,1
3,2672,2,2,injection,injection,1,1
3,2673,4,4,password,password,1,1
3,2674,0,2,backdoor,injection,1,1
3,2675,3,3,normal,normal,0,0
3,2676,3,3,normal,normal,0,0
3,2677,3,3,normal,normal,0,0
3,2678,2,2,injection,injection,1,1
3,2679,3,3,normal,normal,0,0
3,2680,4,4,password,password,1,1
3,2681,4,4,password,password,1,1
3,2682,3,3,normal,normal,0,0
3,2683,3,3,normal,normal,0,0
3,2684,4,4,password,password,1,1
3,2685,0,0,backdoor,backdoor,1,1
3,2686,0,0,backdoor,backdoor,1,1
3,2687,2,2,injection,injection,1,1
3,2688,0,2,backdoor,injection,1,1
3,2689,4,4,password,password,1,1
3,2690,3,3,normal,normal,0,0
3,2691,2,2,injection,injection,1,1
3,2692,4,4,password,password,1,1
3,2693,4,4,password,password,1,1
3,2694,4,4,password,password,1,1
3,2695,2,2,injection,injection,1,1
3,2696,4,4,password,password,1,1
3,2697,3,3,normal,normal,0,0
3,2698,0,0,backdoor,backdoor,1,1
3,2699,3,3,normal,normal,0,0
3,2700,2,2,injection,injection,1,1
3,2701,3,3,normal,normal,0,0
3,2702,3,3,normal,normal,0,0
3,2703,3,3,normal,normal,0,0
3,2704,4,4,password,password,1,1
3,2705,2,2,injection,injection,1,1
3,2706,0,0,backdoor,backdoor,1,1
3,2707,4,4,password,password,1,1
3,2708,2,2,injection,injection,1,1
3,2709,3,3,normal,normal,0,0
3,2710,2,2,injection,injection,1,1
3,2711,3,3,normal,normal,0,0
3,2712,3,3,normal,normal,0,0
3,2713,2,2,injection,injection,1,1
3,2714,3,3,normal,normal,0,0
3,2715,3,3,normal,normal,0,0
3,2716,3,3,normal,normal,0,0
3,2717,0,0,backdoor,backdoor,1,1
3,2718,0,0,backdoor,backdoor,1,1
3,2719,0,0,backdoor,backdoor,1,1
3,2720,0,0,backdoor,backdoor,1,1
3,2721,0,0,backdoor,backdoor,1,1
3,2722,4,4,password,password,1,1
3,2723,3,3,normal,normal,0,0
3,2724,3,3,normal,normal,0,0
3,2725,3,3,normal,normal,0,0
3,2726,3,3,normal,normal,0,0
3,2727,4,4,password,password,1,1
3,2728,4,4,password,password,1,1
3,2729,0,0,backdoor,backdoor,1,1
3,2730,4,4,password,password,1,1
3,2731,3,3,normal,normal,0,0
3,2732,4,4,password,password,1,1
3,2733,2,2,injection,injection,1,1
3,2734,4,4,password,password,1,1
3,2735,3,3,normal,normal,0,0
3,2736,3,3,normal,normal,0,0
3,2737,3,3,normal,normal,0,0
3,2738,3,3,normal,normal,0,0
3,2739,3,3,normal,normal,0,0
3,2740,4,4,password,password,1,1
3,2741,3,3,normal,normal,0,0
3,2742,0,2,backdoor,injection,1,1
3,2743,3,3,normal,normal,0,0
3,2744,0,0,backdoor,backdoor,1,1
3,2745,2,2,injection,injection,1,1
3,2746,0,0,backdoor,backdoor,1,1
3,2747,0,0,backdoor,backdoor,1,1
3,2748,4,4,password,password,1,1
3,2749,3,3,normal,normal,0,0
3,2750,4,4,password,password,1,1
3,2751,3,3,normal,normal,0,0
3,2752,2,2,injection,injection,1,1
3,2753,3,3,normal,normal,0,0
3,2754,3,3,normal,normal,0,0
3,2755,3,3,normal,normal,0,0
3,2756,4,4,password,password,1,1
3,2757,4,4,password,password,1,1
3,2758,3,3,normal,normal,0,0
3,2759,0,0,backdoor,backdoor,1,1
3,2760,4,4,password,password,1,1
3,2761,3,3,normal,normal,0,0
3,2762,3,3,normal,normal,0,0
3,2763,0,0,backdoor,backdoor,1,1
3,2764,3,3,normal,normal,0,0
3,2765,3,3,normal,normal,0,0
3,2766,2,2,injection,injection,1,1
3,2767,3,3,normal,normal,0,0
3,2768,3,3,normal,normal,0,0
3,2769,3,3,normal,normal,0,0
3,2770,0,0,backdoor,backdoor,1,1
3,2771,3,3,normal,normal,0,0
3,2772,3,3,normal,normal,0,0
3,2773,3,3,normal,normal,0,0
3,2774,3,3,normal,normal,0,0
3,2775,3,3,normal,normal,0,0
3,2776,4,4,password,password,1,1
3,2777,3,3,normal,normal,0,0
3,2778,3,3,normal,normal,0,0
3,2779,3,3,normal,normal,0,0
3,2780,3,3,normal,normal,0,0
3,2781,4,4,password,password,1,1
3,2782,2,2,injection,injection,1,1
3,2783,3,3,normal,normal,0,0
3,2784,2,2,injection,injection,1,1
3,2785,4,4,password,password,1,1
3,2786,4,4,password,password,1,1
3,2787,3,3,normal,normal,0,0
3,2788,3,3,normal,normal,0,0
3,2789,0,0,backdoor,backdoor,1,1
3,2790,3,3,normal,normal,0,0
3,2791,0,0,backdoor,backdoor,1,1
3,2792,3,3,normal,normal,0,0
3,2793,3,3,normal,normal,0,0
3,2794,4,4,password,password,1,1
3,2795,3,3,normal,normal,0,0
3,2796,3,3,normal,normal,0,0
3,2797,2,2,injection,injection,1,1
3,2798,2,2,injection,injection,1,1
3,2799,0,2,backdoor,injection,1,1
3,2800,3,3,normal,normal,0,0
3,2801,3,3,normal,normal,0,0
3,2802,0,0,backdoor,backdoor,1,1
3,2803,3,3,normal,normal,0,0
3,2804,3,3,normal,normal,0,0
3,2805,3,3,normal,normal,0,0
3,2806,0,0,backdoor,backdoor,1,1
3,2807,3,3,normal,normal,0,0
3,2808,2,2,injection,injection,1,1
3,2809,3,3,normal,normal,0,0
3,2810,3,3,normal,normal,0,0
3,2811,3,3,normal,normal,0,0
3,2812,0,0,backdoor,backdoor,1,1
3,2813,0,0,backdoor,backdoor,1,1
3,2814,3,3,normal,normal,0,0
3,2815,4,4,password,password,1,1
3,2816,3,3,normal,normal,0,0
3,2817,3,3,normal,normal,0,0
3,2818,2,2,injection,injection,1,1
3,2819,2,2,injection,injection,1,1
3,2820,3,3,normal,normal,0,0
3,2821,4,4,password,password,1,1
3,2822,3,3,normal,normal,0,0
3,2823,3,3,normal,normal,0,0
3,2824,2,2,injection,injection,1,1
3,2825,4,4,password,password,1,1
3,2826,0,0,backdoor,backdoor,1,1
3,2827,2,2,injection,injection,1,1
3,2828,3,3,normal,normal,0,0
3,2829,3,3,normal,normal,0,0
3,2830,4,4,password,password,1,1
3,2831,3,3,normal,normal,0,0
3,2832,3,3,normal,normal,0,0
3,2833,3,3,normal,normal,0,0
3,2834,0,0,backdoor,backdoor,1,1
3,2835,2,2,injection,injection,1,1
3,2836,2,2,injection,injection,1,1
3,2837,3,3,normal,normal,0,0
3,2838,3,3,normal,normal,0,0
3,2839,4,4,password,password,1,1
3,2840,3,3,normal,normal,0,0
3,2841,0,0,backdoor,backdoor,1,1
3,2842,3,3,normal,normal,0,0
3,2843,0,0,backdoor,backdoor,1,1
3,2844,2,2,injection,injection,1,1
3,2845,3,3,normal,normal,0,0
3,2846,4,4,password,password,1,1
3,2847,0,0,backdoor,backdoor,1,1
3,2848,3,3,normal,normal,0,0
3,2849,3,3,normal,normal,0,0
3,2850,3,3,normal,normal,0,0
3,2851,3,3,normal,normal,0,0
3,2852,2,2,injection,injection,1,1
3,2853,3,3,normal,normal,0,0
3,2854,3,3,normal,normal,0,0
3,2855,0,0,backdoor,backdoor,1,1
3,2856,4,4,password,password,1,1
3,2857,3,3,normal,normal,0,0
3,2858,4,4,password,password,1,1
3,2859,2,2,injection,injection,1,1
3,2860,4,4,password,password,1,1
3,2861,3,3,normal,normal,0,0
3,2862,3,3,normal,normal,0,0
3,2863,2,2,injection,injection,1,1
3,2864,3,3,normal,normal,0,0
3,2865,3,3,normal,normal,0,0
3,2866,2,2,injection,injection,1,1
3,2867,3,3,normal,normal,0,0
3,2868,3,3,normal,normal,0,0
3,2869,0,0,backdoor,backdoor,1,1
3,2870,3,3,normal,normal,0,0
3,2871,3,3,normal,normal,0,0
3,2872,3,3,normal,normal,0,0
3,2873,3,3,normal,normal,0,0
3,2874,3,3,normal,normal,0,0
3,2875,0,2,backdoor,injection,1,1
3,2876,3,3,normal,normal,0,0
3,2877,3,3,normal,normal,0,0
3,2878,0,0,backdoor,backdoor,1,1
3,2879,3,3,normal,normal,0,0
3,2880,0,0,backdoor,backdoor,1,1
3,2881,0,0,backdoor,backdoor,1,1
3,2882,2,2,injection,injection,1,1
3,2883,2,2,injection,injection,1,1
3,2884,3,3,normal,normal,0,0
3,2885,4,4,password,password,1,1
3,2886,3,3,normal,normal,0,0
3,2887,3,3,normal,normal,0,0
3,2888,3,3,normal,normal,0,0
3,2889,4,4,password,password,1,1
3,2890,4,4,password,password,1,1
3,2891,2,2,injection,injection,1,1
3,2892,0,0,backdoor,backdoor,1,1
3,2893,3,3,normal,normal,0,0
3,2894,2,2,injection,injection,1,1
3,2895,4,4,password,password,1,1
3,2896,2,2,injection,injection,1,1
3,2897,2,2,injection,injection,1,1
3,2898,0,0,backdoor,backdoor,1,1
3,2899,0,0,backdoor,backdoor,1,1
3,2900,3,3,normal,normal,0,0
3,2901,3,3,normal,normal,0,0
3,2902,3,3,normal,normal,0,0
3,2903,3,3,normal,normal,0,0
3,2904,0,0,backdoor,backdoor,1,1
3,2905,0,0,backdoor,backdoor,1,1
3,2906,0,2,backdoor,injection,1,1
3,2907,2,2,injection,injection,1,1
3,2908,3,3,normal,normal,0,0
3,2909,2,2,injection,injection,1,1
3,2910,3,3,normal,normal,0,0
3,2911,2,2,injection,injection,1,1
3,2912,3,3,normal,normal,0,0
3,2913,4,4,password,password,1,1
3,2914,3,3,normal,normal,0,0
3,2915,4,4,password,password,1,1
3,2916,4,4,password,password,1,1
3,2917,3,3,normal,normal,0,0
3,2918,3,3,normal,normal,0,0
3,2919,3,3,normal,normal,0,0
3,2920,4,4,password,password,1,1
3,2921,3,3,normal,normal,0,0
3,2922,3,3,normal,normal,0,0
3,2923,2,2,injection,injection,1,1
3,2924,0,0,backdoor,backdoor,1,1
3,2925,4,4,password,password,1,1
3,2926,4,4,password,password,1,1
3,2927,3,3,normal,normal,0,0
3,2928,0,0,backdoor,backdoor,1,1
3,2929,3,3,normal,normal,0,0
3,2930,2,2,injection,injection,1,1
3,2931,3,3,normal,normal,0,0
3,2932,0,0,backdoor,backdoor,1,1
3,2933,4,4,password,password,1,1
3,2934,0,0,backdoor,backdoor,1,1
3,2935,3,3,normal,normal,0,0
3,2936,2,2,injection,injection,1,1
3,2937,2,2,injection,injection,1,1
3,2938,3,3,normal,normal,0,0
3,2939,0,0,backdoor,backdoor,1,1
3,2940,3,3,normal,normal,0,0
3,2941,0,0,backdoor,backdoor,1,1
3,2942,0,0,backdoor,backdoor,1,1
3,2943,3,3,normal,normal,0,0
3,2944,2,2,injection,injection,1,1
3,2945,4,4,password,password,1,1
3,2946,3,3,normal,normal,0,0
3,2947,3,3,normal,normal,0,0
3,2948,3,3,normal,normal,0,0
3,2949,3,3,normal,normal,0,0
3,2950,4,4,password,password,1,1
3,2951,2,2,injection,injection,1,1
3,2952,0,0,backdoor,backdoor,1,1
3,2953,4,4,password,password,1,1
3,2954,0,0,backdoor,backdoor,1,1
3,2955,3,3,normal,normal,0,0
3,2956,0,0,backdoor,backdoor,1,1
3,2957,0,2,backdoor,injection,1,1
3,2958,3,3,normal,normal,0,0
3,2959,3,3,normal,normal,0,0
3,2960,0,0,backdoor,backdoor,1,1
3,2961,3,3,normal,normal,0,0
3,2962,4,4,password,password,1,1
3,2963,2,2,injection,injection,1,1
3,2964,3,3,normal,normal,0,0
3,2965,2,2,injection,injection,1,1
3,2966,3,3,normal,normal,0,0
3,2967,0,0,backdoor,backdoor,1,1
3,2968,2,2,injection,injection,1,1
3,2969,3,3,normal,normal,0,0
3,2970,3,3,normal,normal,0,0
3,2971,3,3,normal,normal,0,0
3,2972,4,4,password,password,1,1
3,2973,3,3,normal,normal,0,0
3,2974,3,3,normal,normal,0,0
3,2975,0,0,backdoor,backdoor,1,1
3,2976,3,3,normal,normal,0,0
3,2977,2,2,injection,injection,1,1
3,2978,2,2,injection,injection,1,1
3,2979,0,2,backdoor,injection,1,1
3,2980,3,3,normal,normal,0,0
3,2981,2,2,injection,injection,1,1
3,2982,2,2,injection,injection,1,1
3,2983,3,3,normal,normal,0,0
3,2984,3,3,normal,normal,0,0
3,2985,0,0,backdoor,backdoor,1,1
3,2986,0,0,backdoor,backdoor,1,1
3,2987,3,3,normal,normal,0,0
3,2988,3,3,normal,normal,0,0
3,2989,2,2,injection,injection,1,1
3,2990,3,3,normal,normal,0,0
3,2991,3,3,normal,normal,0,0
3,2992,0,2,backdoor,injection,1,1
3,2993,4,4,password,password,1,1
3,2994,3,3,normal,normal,0,0
3,2995,2,2,injection,injection,1,1
3,2996,3,3,normal,normal,0,0
3,2997,3,3,normal,normal,0,0
3,2998,4,4,password,password,1,1
3,2999,4,4,password,password,1,1
3,3000,3,3,normal,normal,0,0
3,3001,3,3,normal,normal,0,0
3,3002,3,3,normal,normal,0,0
3,3003,3,3,normal,normal,0,0
3,3004,3,3,normal,normal,0,0
3,3005,3,3,normal,normal,0,0
3,3006,3,3,normal,normal,0,0
3,3007,0,0,backdoor,backdoor,1,1
3,3008,3,3,normal,normal,0,0
3,3009,2,2,injection,injection,1,1
3,3010,3,3,normal,normal,0,0
3,3011,2,2,injection,injection,1,1
3,3012,3,3,normal,normal,0,0
3,3013,3,3,normal,normal,0,0
3,3014,0,0,backdoor,backdoor,1,1
3,3015,3,3,normal,normal,0,0
3,3016,3,3,normal,normal,0,0
3,3017,3,3,normal,normal,0,0
3,3018,3,3,normal,normal,0,0
3,3019,2,2,injection,injection,1,1
3,3020,3,3,normal,normal,0,0
3,3021,3,3,normal,normal,0,0
3,3022,3,3,normal,normal,0,0
3,3023,3,3,normal,normal,0,0
3,3024,0,0,backdoor,backdoor,1,1
3,3025,0,0,backdoor,backdoor,1,1
3,3026,3,3,normal,normal,0,0
3,3027,2,2,injection,injection,1,1
3,3028,2,2,injection,injection,1,1
3,3029,3,3,normal,normal,0,0
3,3030,3,3,normal,normal,0,0
3,3031,2,2,injection,injection,1,1
3,3032,2,2,injection,injection,1,1
3,3033,3,3,normal,normal,0,0
3,3034,3,3,normal,normal,0,0
3,3035,2,2,injection,injection,1,1
3,3036,2,2,injection,injection,1,1
3,3037,4,4,password,password,1,1
3,3038,3,3,normal,normal,0,0
3,3039,0,0,backdoor,backdoor,1,1
3,3040,2,0,injection,backdoor,1,1
3,3041,3,3,normal,normal,0,0
3,3042,3,3,normal,normal,0,0
3,3043,3,3,normal,normal,0,0
3,3044,4,4,password,password,1,1
3,3045,3,3,normal,normal,0,0
3,3046,3,3,normal,normal,0,0
3,3047,4,4,password,password,1,1
3,3048,3,3,normal,normal,0,0
3,3049,3,3,normal,normal,0,0
3,3050,3,3,normal,normal,0,0
3,3051,4,4,password,password,1,1
3,3052,0,0,backdoor,backdoor,1,1
3,3053,2,2,injection,injection,1,1
3,3054,3,3,normal,normal,0,0
3,3055,0,0,backdoor,backdoor,1,1
3,3056,0,0,backdoor,backdoor,1,1
3,3057,3,3,normal,normal,0,0
3,3058,2,2,injection,injection,1,1
3,3059,3,3,normal,normal,0,0
3,3060,3,3,normal,normal,0,0
3,3061,4,4,password,password,1,1
3,3062,0,0,backdoor,backdoor,1,1
3,3063,4,4,password,password,1,1
3,3064,3,3,normal,normal,0,0
3,3065,3,3,normal,normal,0,0
3,3066,2,2,injection,injection,1,1
3,3067,3,3,normal,normal,0,0
3,3068,4,4,password,password,1,1
3,3069,4,4,password,password,1,1
3,3070,0,0,backdoor,backdoor,1,1
3,3071,3,3,normal,normal,0,0
3,3072,3,3,normal,normal,0,0
3,3073,3,3,normal,normal,0,0
3,3074,0,0,backdoor,backdoor,1,1
3,3075,0,0,backdoor,backdoor,1,1
3,3076,2,2,injection,injection,1,1
3,3077,4,4,password,password,1,1
3,3078,3,3,normal,normal,0,0
3,3079,3,3,normal,normal,0,0
3,3080,2,2,injection,injection,1,1
3,3081,0,0,backdoor,backdoor,1,1
3,3082,2,2,injection,injection,1,1
3,3083,3,3,normal,normal,0,0
3,3084,0,0,backdoor,backdoor,1,1
3,3085,0,2,backdoor,injection,1,1
3,3086,3,3,normal,normal,0,0
3,3087,3,3,normal,normal,0,0
3,3088,3,3,normal,normal,0,0
3,3089,3,3,normal,normal,0,0
3,3090,3,3,normal,normal,0,0
3,3091,3,3,normal,normal,0,0
3,3092,3,3,normal,normal,0,0
3,3093,4,4,password,password,1,1
3,3094,3,3,normal,normal,0,0
3,3095,2,2,injection,injection,1,1
3,3096,2,0,injection,backdoor,1,1
3,3097,4,4,password,password,1,1
3,3098,3,3,normal,normal,0,0
3,3099,2,2,injection,injection,1,1
3,3100,4,4,password,password,1,1
3,3101,2,2,injection,injection,1,1
3,3102,2,2,injection,injection,1,1
3,3103,3,3,normal,normal,0,0
3,3104,3,3,normal,normal,0,0
3,3105,3,3,normal,normal,0,0
3,3106,2,2,injection,injection,1,1
3,3107,0,0,backdoor,backdoor,1,1
3,3108,0,0,backdoor,backdoor,1,1
3,3109,4,4,password,password,1,1
3,3110,3,3,normal,normal,0,0
3,3111,2,2,injection,injection,1,1
3,3112,0,0,backdoor,backdoor,1,1
3,3113,3,3,normal,normal,0,0
3,3114,3,3,normal,normal,0,0
3,3115,2,2,injection,injection,1,1
3,3116,2,2,injection,injection,1,1
3,3117,2,2,injection,injection,1,1
3,3118,2,2,injection,injection,1,1
3,3119,4,4,password,password,1,1
3,3120,3,3,normal,normal,0,0
3,3121,2,2,injection,injection,1,1
3,3122,3,3,normal,normal,0,0
3,3123,4,4,password,password,1,1
3,3124,4,4,password,password,1,1
3,3125,3,3,normal,normal,0,0
3,3126,3,3,normal,normal,0,0
3,3127,4,4,password,password,1,1
3,3128,4,4,password,password,1,1
3,3129,2,2,injection,injection,1,1
3,3130,2,2,injection,injection,1,1
3,3131,3,3,normal,normal,0,0
3,3132,3,3,normal,normal,0,0
3,3133,3,3,normal,normal,0,0
3,3134,3,3,normal,normal,0,0
3,3135,3,3,normal,normal,0,0
3,3136,0,0,backdoor,backdoor,1,1
3,3137,4,4,password,password,1,1
3,3138,3,3,normal,normal,0,0
3,3139,3,3,normal,normal,0,0
3,3140,3,3,normal,normal,0,0
3,3141,0,0,backdoor,backdoor,1,1
3,3142,3,3,normal,normal,0,0
3,3143,0,0,backdoor,backdoor,1,1
3,3144,2,2,injection,injection,1,1
3,3145,0,0,backdoor,backdoor,1,1
3,3146,0,0,backdoor,backdoor,1,1
3,3147,3,3,normal,normal,0,0
3,3148,4,4,password,password,1,1
3,3149,4,4,password,password,1,1
3,3150,3,3,normal,normal,0,0
3,3151,3,3,normal,normal,0,0
3,3152,2,2,injection,injection,1,1
3,3153,3,3,normal,normal,0,0
3,3154,3,3,normal,normal,0,0
3,3155,3,3,normal,normal,0,0
3,3156,4,4,password,password,1,1
3,3157,3,3,normal,normal,0,0
3,3158,2,2,injection,injection,1,1
3,3159,3,3,normal,normal,0,0
3,3160,3,3,normal,normal,0,0
3,3161,3,3,normal,normal,0,0
3,3162,4,4,password,password,1,1
3,3163,2,2,injection,injection,1,1
3,3164,0,2,backdoor,injection,1,1
3,3165,3,3,normal,normal,0,0
3,3166,0,0,backdoor,backdoor,1,1
3,3167,3,3,normal,normal,0,0
3,3168,3,3,normal,normal,0,0
3,3169,2,2,injection,injection,1,1
3,3170,0,2,backdoor,injection,1,1
3,3171,3,3,normal,normal,0,0
3,3172,4,4,password,password,1,1
3,3173,2,2,injection,injection,1,1
3,3174,3,3,normal,normal,0,0
3,3175,0,0,backdoor,backdoor,1,1
3,3176,3,3,normal,normal,0,0
3,3177,3,3,normal,normal,0,0
3,3178,3,3,normal,normal,0,0
3,3179,0,2,backdoor,injection,1,1
3,3180,2,2,injection,injection,1,1
3,3181,0,0,backdoor,backdoor,1,1
3,3182,4,4,password,password,1,1
3,3183,3,3,normal,normal,0,0
3,3184,4,4,password,password,1,1
3,3185,4,4,password,password,1,1
3,3186,3,3,normal,normal,0,0
3,3187,0,0,backdoor,backdoor,1,1
3,3188,2,2,injection,injection,1,1
3,3189,3,3,normal,normal,0,0
3,3190,3,3,normal,normal,0,0
3,3191,0,0,backdoor,backdoor,1,1
3,3192,2,2,injection,injection,1,1
3,3193,3,3,normal,normal,0,0
3,3194,2,2,injection,injection,1,1
3,3195,2,2,injection,injection,1,1
3,3196,3,3,normal,normal,0,0
3,3197,0,0,backdoor,backdoor,1,1
3,3198,3,3,normal,normal,0,0
3,3199,0,0,backdoor,backdoor,1,1
3,3200,3,3,normal,normal,0,0
3,3201,4,4,password,password,1,1
3,3202,2,2,injection,injection,1,1
3,3203,0,0,backdoor,backdoor,1,1
3,3204,4,4,password,password,1,1
3,3205,0,2,backdoor,injection,1,1
3,3206,3,3,normal,normal,0,0
3,3207,3,3,normal,normal,0,0
3,3208,3,3,normal,normal,0,0
3,3209,4,4,password,password,1,1
3,3210,0,0,backdoor,backdoor,1,1
3,3211,4,4,password,password,1,1
3,3212,2,2,injection,injection,1,1
3,3213,3,3,normal,normal,0,0
3,3214,3,3,normal,normal,0,0
3,3215,3,3,normal,normal,0,0
3,3216,3,3,normal,normal,0,0
3,3217,0,0,backdoor,backdoor,1,1
3,3218,3,3,normal,normal,0,0
3,3219,3,3,normal,normal,0,0
3,3220,3,3,normal,normal,0,0
3,3221,3,3,normal,normal,0,0
3,3222,4,4,password,password,1,1
3,3223,3,3,normal,normal,0,0
3,3224,3,3,normal,normal,0,0
3,3225,2,2,injection,injection,1,1
3,3226,4,4,password,password,1,1
3,3227,0,0,backdoor,backdoor,1,1
3,3228,2,2,injection,injection,1,1
3,3229,3,3,normal,normal,0,0
3,3230,3,3,normal,normal,0,0
3,3231,3,3,normal,normal,0,0
3,3232,3,3,normal,normal,0,0
3,3233,3,3,normal,normal,0,0
3,3234,3,3,normal,normal,0,0
3,3235,2,2,injection,injection,1,1
3,3236,3,3,normal,normal,0,0
3,3237,0,0,backdoor,backdoor,1,1
3,3238,2,2,injection,injection,1,1
3,3239,3,3,normal,normal,0,0
3,3240,4,4,password,password,1,1
3,3241,4,4,password,password,1,1
3,3242,0,0,backdoor,backdoor,1,1
3,3243,3,3,normal,normal,0,0
3,3244,3,3,normal,normal,0,0
3,3245,0,0,backdoor,backdoor,1,1
3,3246,4,4,password,password,1,1
3,3247,3,3,normal,normal,0,0
3,3248,0,2,backdoor,injection,1,1
3,3249,4,4,password,password,1,1
3,3250,0,0,backdoor,backdoor,1,1
3,3251,4,4,password,password,1,1
3,3252,3,3,normal,normal,0,0
3,3253,3,3,normal,normal,0,0
3,3254,3,3,normal,normal,0,0
3,3255,4,4,password,password,1,1
3,3256,2,2,injection,injection,1,1
3,3257,3,3,normal,normal,0,0
3,3258,3,3,normal,normal,0,0
3,3259,3,3,normal,normal,0,0
3,3260,0,0,backdoor,backdoor,1,1
3,3261,3,3,normal,normal,0,0
3,3262,4,4,password,password,1,1
3,3263,3,3,normal,normal,0,0
3,3264,0,0,backdoor,backdoor,1,1
3,3265,2,2,injection,injection,1,1
3,3266,2,2,injection,injection,1,1
3,3267,3,3,normal,normal,0,0
3,3268,0,0,backdoor,backdoor,1,1
3,3269,3,3,normal,normal,0,0
3,3270,3,3,normal,normal,0,0
3,3271,0,0,backdoor,backdoor,1,1
3,3272,3,3,normal,normal,0,0
3,3273,2,2,injection,injection,1,1
3,3274,3,3,normal,normal,0,0
3,3275,2,2,injection,injection,1,1
3,3276,3,3,normal,normal,0,0
3,3277,2,2,injection,injection,1,1
3,3278,2,2,injection,injection,1,1
3,3279,3,3,normal,normal,0,0
3,3280,3,3,normal,normal,0,0
3,3281,2,2,injection,injection,1,1
3,3282,0,0,backdoor,backdoor,1,1
3,3283,3,3,normal,normal,0,0
3,3284,4,4,password,password,1,1
3,3285,3,3,normal,normal,0,0
3,3286,3,3,normal,normal,0,0
3,3287,4,4,password,password,1,1
3,3288,3,3,normal,normal,0,0
3,3289,3,3,normal,normal,0,0
3,3290,3,3,normal,normal,0,0
3,3291,3,3,normal,normal,0,0
3,3292,3,3,normal,normal,0,0
3,3293,3,3,normal,normal,0,0
3,3294,4,4,password,password,1,1
3,3295,0,2,backdoor,injection,1,1
3,3296,3,3,normal,normal,0,0
3,3297,4,4,password,password,1,1
3,3298,3,3,normal,normal,0,0
3,3299,2,2,injection,injection,1,1
3,3300,3,3,normal,normal,0,0
3,3301,2,2,injection,injection,1,1
3,3302,4,4,password,password,1,1
3,3303,3,3,normal,normal,0,0
3,3304,3,3,normal,normal,0,0
3,3305,3,3,normal,normal,0,0
3,3306,2,2,injection,injection,1,1
3,3307,3,3,normal,normal,0,0
3,3308,3,3,normal,normal,0,0
3,3309,3,3,normal,normal,0,0
3,3310,2,2,injection,injection,1,1
3,3311,3,3,normal,normal,0,0
3,3312,3,3,normal,normal,0,0
3,3313,4,4,password,password,1,1
3,3314,4,4,password,password,1,1
3,3315,3,3,normal,normal,0,0
3,3316,2,2,injection,injection,1,1
3,3317,0,0,backdoor,backdoor,1,1
3,3318,0,0,backdoor,backdoor,1,1
3,3319,4,4,password,password,1,1
3,3320,2,2,injection,injection,1,1
3,3321,3,3,normal,normal,0,0
3,3322,3,3,normal,normal,0,0
3,3323,3,3,normal,normal,0,0
3,3324,3,3,normal,normal,0,0
3,3325,3,3,normal,normal,0,0
3,3326,0,0,backdoor,backdoor,1,1
3,3327,3,3,normal,normal,0,0
3,3328,0,0,backdoor,backdoor,1,1
3,3329,3,3,normal,normal,0,0
3,3330,2,2,injection,injection,1,1
3,3331,4,4,password,password,1,1
3,3332,4,4,password,password,1,1
3,3333,3,3,normal,normal,0,0
3,3334,3,3,normal,normal,0,0
3,3335,4,4,password,password,1,1
3,3336,0,2,backdoor,injection,1,1
3,3337,2,2,injection,injection,1,1
3,3338,3,3,normal,normal,0,0
3,3339,4,4,password,password,1,1
3,3340,0,0,backdoor,backdoor,1,1
3,3341,3,3,normal,normal,0,0
3,3342,3,3,normal,normal,0,0
3,3343,3,3,normal,normal,0,0
3,3344,3,3,normal,normal,0,0
3,3345,2,2,injection,injection,1,1
3,3346,3,3,normal,normal,0,0
3,3347,3,3,normal,normal,0,0
3,3348,2,2,injection,injection,1,1
3,3349,2,2,injection,injection,1,1
3,3350,0,0,backdoor,backdoor,1,1
3,3351,2,2,injection,injection,1,1
3,3352,2,2,injection,injection,1,1
3,3353,2,2,injection,injection,1,1
3,3354,2,2,injection,injection,1,1
3,3355,3,3,normal,normal,0,0
3,3356,3,3,normal,normal,0,0
3,3357,2,2,injection,injection,1,1
3,3358,3,3,normal,normal,0,0
3,3359,3,3,normal,normal,0,0
3,3360,0,0,backdoor,backdoor,1,1
3,3361,3,3,normal,normal,0,0
3,3362,3,3,normal,normal,0,0
3,3363,4,4,password,password,1,1
3,3364,4,4,password,password,1,1
3,3365,3,3,normal,normal,0,0
3,3366,0,0,backdoor,backdoor,1,1
3,3367,3,3,normal,normal,0,0
3,3368,3,3,normal,normal,0,0
3,3369,3,3,normal,normal,0,0
3,3370,3,3,normal,normal,0,0
3,3371,3,3,normal,normal,0,0
3,3372,0,0,backdoor,backdoor,1,1
3,3373,4,4,password,password,1,1
3,3374,3,3,normal,normal,0,0
3,3375,3,3,normal,normal,0,0
3,3376,0,2,backdoor,injection,1,1
3,3377,2,2,injection,injection,1,1
3,3378,3,3,normal,normal,0,0
3,3379,2,2,injection,injection,1,1
3,3380,3,3,normal,normal,0,0
3,3381,4,4,password,password,1,1
3,3382,3,3,normal,normal,0,0
3,3383,2,2,injection,injection,1,1
3,3384,3,3,normal,normal,0,0
3,3385,3,3,normal,normal,0,0
3,3386,3,3,normal,normal,0,0
3,3387,3,3,normal,normal,0,0
3,3388,3,3,normal,normal,0,0
3,3389,3,3,normal,normal,0,0
3,3390,2,2,injection,injection,1,1
3,3391,3,3,normal,normal,0,0
3,3392,3,3,normal,normal,0,0
3,3393,3,3,normal,normal,0,0
3,3394,3,3,normal,normal,0,0
3,3395,3,3,normal,normal,0,0
3,3396,3,3,normal,normal,0,0
3,3397,0,0,backdoor,backdoor,1,1
3,3398,3,3,normal,normal,0,0
3,3399,4,4,password,password,1,1
3,3400,4,4,password,password,1,1
3,3401,2,2,injection,injection,1,1
3,3402,3,3,normal,normal,0,0
3,3403,0,0,backdoor,backdoor,1,1
3,3404,3,3,normal,normal,0,0
3,3405,4,4,password,password,1,1
3,3406,4,4,password,password,1,1
3,3407,3,3,normal,normal,0,0
3,3408,4,4,password,password,1,1
3,3409,0,0,backdoor,backdoor,1,1
3,3410,0,0,backdoor,backdoor,1,1
3,3411,3,3,normal,normal,0,0
3,3412,3,3,normal,normal,0,0
3,3413,3,3,normal,normal,0,0
3,3414,3,3,normal,normal,0,0
3,3415,3,3,normal,normal,0,0
3,3416,0,0,backdoor,backdoor,1,1
3,3417,3,3,normal,normal,0,0
3,3418,4,4,password,password,1,1
3,3419,3,3,normal,normal,0,0
3,3420,0,0,backdoor,backdoor,1,1
3,3421,4,4,password,password,1,1
3,3422,3,3,normal,normal,0,0
3,3423,0,2,backdoor,injection,1,1
3,3424,2,2,injection,injection,1,1
3,3425,0,2,backdoor,injection,1,1
3,3426,2,2,injection,injection,1,1
3,3427,0,2,backdoor,injection,1,1
3,3428,3,3,normal,normal,0,0
3,3429,3,3,normal,normal,0,0
3,3430,4,4,password,password,1,1
3,3431,3,3,normal,normal,0,0
3,3432,2,2,injection,injection,1,1
3,3433,3,3,normal,normal,0,0
3,3434,3,3,normal,normal,0,0
3,3435,4,4,password,password,1,1
3,3436,4,4,password,password,1,1
3,3437,4,4,password,password,1,1
3,3438,3,3,normal,normal,0,0
3,3439,3,3,normal,normal,0,0
3,3440,4,4,password,password,1,1
3,3441,2,2,injection,injection,1,1
3,3442,3,3,normal,normal,0,0
3,3443,3,3,normal,normal,0,0
3,3444,0,0,backdoor,backdoor,1,1
3,3445,3,3,normal,normal,0,0
3,3446,4,4,password,password,1,1
3,3447,2,2,injection,injection,1,1
3,3448,0,0,backdoor,backdoor,1,1
3,3449,3,3,normal,normal,0,0
3,3450,3,3,normal,normal,0,0
3,3451,2,2,injection,injection,1,1
3,3452,2,2,injection,injection,1,1
3,3453,3,3,normal,normal,0,0
3,3454,4,4,password,password,1,1
3,3455,3,3,normal,normal,0,0
3,3456,4,4,password,password,1,1
3,3457,2,2,injection,injection,1,1
3,3458,2,2,injection,injection,1,1
3,3459,4,4,password,password,1,1
3,3460,3,3,normal,normal,0,0
3,3461,2,2,injection,injection,1,1
3,3462,0,0,backdoor,backdoor,1,1
3,3463,3,3,normal,normal,0,0
3,3464,0,0,backdoor,backdoor,1,1
3,3465,3,3,normal,normal,0,0
3,3466,0,0,backdoor,backdoor,1,1
3,3467,3,3,normal,normal,0,0
3,3468,4,4,password,password,1,1
3,3469,2,2,injection,injection,1,1
3,3470,2,2,injection,injection,1,1
3,3471,3,3,normal,normal,0,0
3,3472,3,3,normal,normal,0,0
3,3473,3,3,normal,normal,0,0
3,3474,4,4,password,password,1,1
3,3475,3,3,normal,normal,0,0
3,3476,3,3,normal,normal,0,0
3,3477,0,0,backdoor,backdoor,1,1
3,3478,3,3,normal,normal,0,0
3,3479,3,3,normal,normal,0,0
3,3480,0,0,backdoor,backdoor,1,1
3,3481,3,3,normal,normal,0,0
3,3482,3,3,normal,normal,0,0
3,3483,0,0,backdoor,backdoor,1,1
3,3484,3,3,normal,normal,0,0
3,3485,3,3,normal,normal,0,0
3,3486,3,3,normal,normal,0,0
3,3487,3,3,normal,normal,0,0
3,3488,3,3,normal,normal,0,0
3,3489,0,0,backdoor,backdoor,1,1
3,3490,3,3,normal,normal,0,0
3,3491,2,2,injection,injection,1,1
3,3492,4,4,password,password,1,1
3,3493,3,3,normal,normal,0,0
3,3494,3,3,normal,normal,0,0
3,3495,0,3,backdoor,normal,1,0
3,3496,0,0,backdoor,backdoor,1,1
3,3497,3,3,normal,normal,0,0
3,3498,0,0,backdoor,backdoor,1,1
3,3499,3,3,normal,normal,0,0
3,3500,4,4,password,password,1,1
3,3501,2,2,injection,injection,1,1
3,3502,0,0,backdoor,backdoor,1,1
3,3503,0,2,backdoor,injection,1,1
3,3504,0,0,backdoor,backdoor,1,1
3,3505,2,2,injection,injection,1,1
3,3506,4,4,password,password,1,1
3,3507,4,4,password,password,1,1
3,3508,4,4,password,password,1,1
3,3509,3,3,normal,normal,0,0
3,3510,3,3,normal,normal,0,0
3,3511,3,3,normal,normal,0,0
3,3512,3,3,normal,normal,0,0
3,3513,2,2,injection,injection,1,1
3,3514,3,3,normal,normal,0,0
3,3515,0,0,backdoor,backdoor,1,1
3,3516,2,2,injection,injection,1,1
3,3517,3,3,normal,normal,0,0
3,3518,3,3,normal,normal,0,0
3,3519,3,3,normal,normal,0,0
3,3520,3,3,normal,normal,0,0
3,3521,3,3,normal,normal,0,0
3,3522,4,4,password,password,1,1
3,3523,3,3,normal,normal,0,0
3,3524,2,2,injection,injection,1,1
3,3525,2,2,injection,injection,1,1
3,3526,3,3,normal,normal,0,0
3,3527,4,4,password,password,1,1
3,3528,3,3,normal,normal,0,0
3,3529,3,3,normal,normal,0,0
3,3530,3,3,normal,normal,0,0
3,3531,2,2,injection,injection,1,1
3,3532,4,4,password,password,1,1
3,3533,3,3,normal,normal,0,0
3,3534,3,3,normal,normal,0,0
3,3535,4,4,password,password,1,1
3,3536,0,3,backdoor,normal,1,0
3,3537,3,3,normal,normal,0,0
3,3538,3,3,normal,normal,0,0
3,3539,4,4,password,password,1,1
3,3540,3,3,normal,normal,0,0
3,3541,3,3,normal,normal,0,0
3,3542,3,3,normal,normal,0,0
3,3543,3,3,normal,normal,0,0
3,3544,3,3,normal,normal,0,0
3,3545,3,3,normal,normal,0,0
3,3546,0,0,backdoor,backdoor,1,1
3,3547,0,2,backdoor,injection,1,1
3,3548,3,3,normal,normal,0,0
3,3549,2,2,injection,injection,1,1
3,3550,2,2,injection,injection,1,1
3,3551,0,0,backdoor,backdoor,1,1
3,3552,3,3,normal,normal,0,0
3,3553,3,3,normal,normal,0,0
3,3554,3,3,normal,normal,0,0
3,3555,4,4,password,password,1,1
3,3556,3,3,normal,normal,0,0
3,3557,4,4,password,password,1,1
3,3558,3,3,normal,normal,0,0
3,3559,3,3,normal,normal,0,0
3,3560,0,0,backdoor,backdoor,1,1
3,3561,3,3,normal,normal,0,0
3,3562,0,0,backdoor,backdoor,1,1
3,3563,3,3,normal,normal,0,0
3,3564,4,4,password,password,1,1
3,3565,4,4,password,password,1,1
3,3566,4,4,password,password,1,1
3,3567,3,3,normal,normal,0,0
3,3568,0,0,backdoor,backdoor,1,1
3,3569,2,2,injection,injection,1,1
3,3570,4,4,password,password,1,1
3,3571,4,4,password,password,1,1
3,3572,3,3,normal,normal,0,0
3,3573,3,3,normal,normal,0,0
3,3574,3,3,normal,normal,0,0
3,3575,3,3,normal,normal,0,0
3,3576,4,4,password,password,1,1
3,3577,3,3,normal,normal,0,0
3,3578,3,3,normal,normal,0,0
3,3579,2,2,injection,injection,1,1
3,3580,4,4,password,password,1,1
3,3581,3,3,normal,normal,0,0
3,3582,3,3,normal,normal,0,0
3,3583,3,3,normal,normal,0,0
3,3584,4,4,password,password,1,1
3,3585,3,3,normal,normal,0,0
3,3586,3,3,normal,normal,0,0
3,3587,3,3,normal,normal,0,0
3,3588,0,0,backdoor,backdoor,1,1
3,3589,0,0,backdoor,backdoor,1,1
3,3590,3,3,normal,normal,0,0
3,3591,3,3,normal,normal,0,0
3,3592,3,3,normal,normal,0,0
3,3593,3,3,normal,normal,0,0
3,3594,4,4,password,password,1,1
3,3595,2,2,injection,injection,1,1
3,3596,3,3,normal,normal,0,0
3,3597,3,3,normal,normal,0,0
3,3598,0,0,backdoor,backdoor,1,1
3,3599,4,4,password,password,1,1
3,3600,0,0,backdoor,backdoor,1,1
3,3601,2,2,injection,injection,1,1
3,3602,3,3,normal,normal,0,0
3,3603,0,0,backdoor,backdoor,1,1
3,3604,0,0,backdoor,backdoor,1,1
3,3605,3,3,normal,normal,0,0
3,3606,2,2,injection,injection,1,1
3,3607,3,3,normal,normal,0,0
3,3608,3,3,normal,normal,0,0
3,3609,3,3,normal,normal,0,0
3,3610,2,2,injection,injection,1,1
3,3611,3,3,normal,normal,0,0
3,3612,4,4,password,password,1,1
3,3613,2,2,injection,injection,1,1
3,3614,3,3,normal,normal,0,0
3,3615,2,2,injection,injection,1,1
3,3616,4,4,password,password,1,1
3,3617,4,4,password,password,1,1
3,3618,0,0,backdoor,backdoor,1,1
3,3619,4,4,password,password,1,1
3,3620,3,3,normal,normal,0,0
3,3621,4,4,password,password,1,1
3,3622,4,4,password,password,1,1
3,3623,3,3,normal,normal,0,0
3,3624,3,3,normal,normal,0,0
3,3625,3,3,normal,normal,0,0
3,3626,3,3,normal,normal,0,0
3,3627,2,2,injection,injection,1,1
3,3628,2,2,injection,injection,1,1
3,3629,2,2,injection,injection,1,1
3,3630,3,3,normal,normal,0,0
3,3631,4,4,password,password,1,1
3,3632,4,4,password,password,1,1
3,3633,3,3,normal,normal,0,0
3,3634,2,2,injection,injection,1,1
3,3635,4,4,password,password,1,1
3,3636,0,3,backdoor,normal,1,0
3,3637,3,3,normal,normal,0,0
3,3638,2,2,injection,injection,1,1
3,3639,3,3,normal,normal,0,0
3,3640,3,3,normal,normal,0,0
3,3641,3,3,normal,normal,0,0
3,3642,0,0,backdoor,backdoor,1,1
3,3643,3,3,normal,normal,0,0
3,3644,3,3,normal,normal,0,0
3,3645,2,2,injection,injection,1,1
3,3646,3,3,normal,normal,0,0
3,3647,2,2,injection,injection,1,1
3,3648,3,3,normal,normal,0,0
3,3649,4,4,password,password,1,1
3,3650,3,3,normal,normal,0,0
3,3651,3,3,normal,normal,0,0
3,3652,2,2,injection,injection,1,1
3,3653,3,3,normal,normal,0,0
3,3654,4,4,password,password,1,1
3,3655,3,3,normal,normal,0,0
3,3656,3,3,normal,normal,0,0
3,3657,2,2,injection,injection,1,1
3,3658,3,3,normal,normal,0,0
3,3659,0,0,backdoor,backdoor,1,1
3,3660,3,3,normal,normal,0,0
3,3661,0,0,backdoor,backdoor,1,1
3,3662,3,3,normal,normal,0,0
3,3663,3,3,normal,normal,0,0
3,3664,3,3,normal,normal,0,0
3,3665,3,3,normal,normal,0,0
3,3666,0,0,backdoor,backdoor,1,1
3,3667,0,0,backdoor,backdoor,1,1
3,3668,4,4,password,password,1,1
3,3669,3,3,normal,normal,0,0
3,3670,0,0,backdoor,backdoor,1,1
3,3671,3,3,normal,normal,0,0
3,3672,4,4,password,password,1,1
3,3673,0,0,backdoor,backdoor,1,1
3,3674,2,2,injection,injection,1,1
3,3675,3,3,normal,normal,0,0
3,3676,4,4,password,password,1,1
3,3677,3,3,normal,normal,0,0
3,3678,3,3,normal,normal,0,0
3,3679,0,2,backdoor,injection,1,1
3,3680,0,0,backdoor,backdoor,1,1
3,3681,2,2,injection,injection,1,1
3,3682,4,4,password,password,1,1
3,3683,3,3,normal,normal,0,0
3,3684,3,3,normal,normal,0,0
3,3685,3,3,normal,normal,0,0
3,3686,4,4,password,password,1,1
3,3687,2,2,injection,injection,1,1
3,3688,3,3,normal,normal,0,0
3,3689,3,3,normal,normal,0,0
3,3690,3,3,normal,normal,0,0
3,3691,0,3,backdoor,normal,1,0
3,3692,3,3,normal,normal,0,0
3,3693,3,3,normal,normal,0,0
3,3694,2,2,injection,injection,1,1
3,3695,3,3,normal,normal,0,0
3,3696,4,4,password,password,1,1
3,3697,3,3,normal,normal,0,0
3,3698,3,3,normal,normal,0,0
3,3699,3,3,normal,normal,0,0
3,3700,3,3,normal,normal,0,0
3,3701,2,2,injection,injection,1,1
3,3702,3,3,normal,normal,0,0
3,3703,4,4,password,password,1,1
3,3704,3,3,normal,normal,0,0
3,3705,3,3,normal,normal,0,0
3,3706,2,2,injection,injection,1,1
3,3707,4,4,password,password,1,1
3,3708,2,2,injection,injection,1,1
3,3709,2,2,injection,injection,1,1
3,3710,2,2,injection,injection,1,1
3,3711,3,3,normal,normal,0,0
3,3712,3,3,normal,normal,0,0
3,3713,3,3,normal,normal,0,0
3,3714,0,0,backdoor,backdoor,1,1
3,3715,0,0,backdoor,backdoor,1,1
3,3716,3,3,normal,normal,0,0
3,3717,3,3,normal,normal,0,0
3,3718,0,0,backdoor,backdoor,1,1
3,3719,3,3,normal,normal,0,0
3,3720,3,3,normal,normal,0,0
3,3721,3,3,normal,normal,0,0
3,3722,3,3,normal,normal,0,0
3,3723,3,3,normal,normal,0,0
3,3724,3,3,normal,normal,0,0
3,3725,3,3,normal,normal,0,0
3,3726,2,2,injection,injection,1,1
3,3727,3,3,normal,normal,0,0
3,3728,4,4,password,password,1,1
3,3729,4,4,password,password,1,1
3,3730,3,3,normal,normal,0,0
3,3731,3,3,normal,normal,0,0
3,3732,0,0,backdoor,backdoor,1,1
3,3733,4,4,password,password,1,1
3,3734,0,0,backdoor,backdoor,1,1
3,3735,0,0,backdoor,backdoor,1,1
3,3736,2,2,injection,injection,1,1
3,3737,2,2,injection,injection,1,1
3,3738,3,3,normal,normal,0,0
3,3739,3,3,normal,normal,0,0
3,3740,0,2,backdoor,injection,1,1
3,3741,0,0,backdoor,backdoor,1,1
3,3742,0,0,backdoor,backdoor,1,1
3,3743,4,4,password,password,1,1
3,3744,0,2,backdoor,injection,1,1
3,3745,2,2,injection,injection,1,1
3,3746,3,3,normal,normal,0,0
3,3747,3,3,normal,normal,0,0
3,3748,0,0,backdoor,backdoor,1,1
3,3749,0,0,backdoor,backdoor,1,1
3,3750,2,2,injection,injection,1,1
3,3751,3,3,normal,normal,0,0
3,3752,3,3,normal,normal,0,0
3,3753,3,3,normal,normal,0,0
3,3754,0,0,backdoor,backdoor,1,1
3,3755,3,3,normal,normal,0,0
3,3756,0,0,backdoor,backdoor,1,1
3,3757,4,4,password,password,1,1
3,3758,4,4,password,password,1,1
3,3759,4,4,password,password,1,1
3,3760,3,3,normal,normal,0,0
3,3761,3,3,normal,normal,0,0
3,3762,4,4,password,password,1,1
3,3763,0,0,backdoor,backdoor,1,1
3,3764,3,3,normal,normal,0,0
3,3765,2,2,injection,injection,1,1
3,3766,4,4,password,password,1,1
3,3767,0,0,backdoor,backdoor,1,1
3,3768,3,3,normal,normal,0,0
3,3769,3,3,normal,normal,0,0
3,3770,0,0,backdoor,backdoor,1,1
3,3771,3,3,normal,normal,0,0
3,3772,2,2,injection,injection,1,1
3,3773,3,3,normal,normal,0,0
3,3774,3,3,normal,normal,0,0
3,3775,3,3,normal,normal,0,0
3,3776,3,3,normal,normal,0,0
3,3777,3,3,normal,normal,0,0
3,3778,3,3,normal,normal,0,0
3,3779,4,4,password,password,1,1
3,3780,3,3,normal,normal,0,0
3,3781,0,0,backdoor,backdoor,1,1
3,3782,4,4,password,password,1,1
3,3783,2,2,injection,injection,1,1
3,3784,0,0,backdoor,backdoor,1,1
3,3785,3,3,normal,normal,0,0
3,3786,3,3,normal,normal,0,0
3,3787,3,3,normal,normal,0,0
3,3788,3,3,normal,normal,0,0
3,3789,0,0,backdoor,backdoor,1,1
3,3790,4,4,password,password,1,1
3,3791,4,4,password,password,1,1
3,3792,3,3,normal,normal,0,0
3,3793,3,3,normal,normal,0,0
3,3794,4,4,password,password,1,1
3,3795,0,0,backdoor,backdoor,1,1
3,3796,0,0,backdoor,backdoor,1,1
3,3797,3,3,normal,normal,0,0
3,3798,3,3,normal,normal,0,0
3,3799,3,3,normal,normal,0,0
3,3800,3,3,normal,normal,0,0
3,3801,4,4,password,password,1,1
3,3802,3,3,normal,normal,0,0
3,3803,0,0,backdoor,backdoor,1,1
3,3804,4,4,password,password,1,1
3,3805,3,3,normal,normal,0,0
3,3806,4,4,password,password,1,1
3,3807,3,3,normal,normal,0,0
3,3808,2,2,injection,injection,1,1
3,3809,3,3,normal,normal,0,0
3,3810,3,3,normal,normal,0,0
3,3811,4,4,password,password,1,1
3,3812,2,2,injection,injection,1,1
3,3813,2,2,injection,injection,1,1
3,3814,0,0,backdoor,backdoor,1,1
3,3815,4,4,password,password,1,1
3,3816,3,3,normal,normal,0,0
3,3817,4,4,password,password,1,1
3,3818,2,2,injection,injection,1,1
3,3819,0,0,backdoor,backdoor,1,1
3,3820,3,3,normal,normal,0,0
3,3821,2,2,injection,injection,1,1
3,3822,4,4,password,password,1,1
3,3823,3,3,normal,normal,0,0
3,3824,3,3,normal,normal,0,0
3,3825,3,3,normal,normal,0,0
3,3826,0,0,backdoor,backdoor,1,1
3,3827,0,2,backdoor,injection,1,1
3,3828,4,4,password,password,1,1
3,3829,0,0,backdoor,backdoor,1,1
3,3830,0,2,backdoor,injection,1,1
3,3831,3,3,normal,normal,0,0
3,3832,3,3,normal,normal,0,0
3,3833,3,3,normal,normal,0,0
3,3834,3,3,normal,normal,0,0
3,3835,4,4,password,password,1,1
3,3836,4,4,password,password,1,1
3,3837,2,2,injection,injection,1,1
3,3838,3,3,normal,normal,0,0
3,3839,4,4,password,password,1,1
3,3840,3,3,normal,normal,0,0
3,3841,3,3,normal,normal,0,0
3,3842,3,3,normal,normal,0,0
3,3843,3,3,normal,normal,0,0
3,3844,0,0,backdoor,backdoor,1,1
3,3845,3,3,normal,normal,0,0
3,3846,4,4,password,password,1,1
3,3847,2,2,injection,injection,1,1
3,3848,3,3,normal,normal,0,0
3,3849,3,3,normal,normal,0,0
3,3850,3,3,normal,normal,0,0
3,3851,0,2,backdoor,injection,1,1
3,3852,2,2,injection,injection,1,1
3,3853,0,0,backdoor,backdoor,1,1
3,3854,4,4,password,password,1,1
3,3855,3,3,normal,normal,0,0
3,3856,3,3,normal,normal,0,0
3,3857,0,0,backdoor,backdoor,1,1
3,3858,0,0,backdoor,backdoor,1,1
3,3859,3,3,normal,normal,0,0
3,3860,4,4,password,password,1,1
3,3861,3,3,normal,normal,0,0
3,3862,2,2,injection,injection,1,1
3,3863,2,0,injection,backdoor,1,1
3,3864,0,0,backdoor,backdoor,1,1
3,3865,4,4,password,password,1,1
3,3866,3,3,normal,normal,0,0
3,3867,0,0,backdoor,backdoor,1,1
3,3868,4,4,password,password,1,1
3,3869,3,3,normal,normal,0,0
3,3870,2,2,injection,injection,1,1
3,3871,0,0,backdoor,backdoor,1,1
3,3872,3,3,normal,normal,0,0
3,3873,2,2,injection,injection,1,1
3,3874,4,4,password,password,1,1
3,3875,3,3,normal,normal,0,0
3,3876,4,4,password,password,1,1
3,3877,3,3,normal,normal,0,0
3,3878,3,3,normal,normal,0,0
3,3879,3,3,normal,normal,0,0
3,3880,3,3,normal,normal,0,0
3,3881,3,3,normal,normal,0,0
3,3882,0,0,backdoor,backdoor,1,1
3,3883,3,3,normal,normal,0,0
3,3884,3,3,normal,normal,0,0
3,3885,0,0,backdoor,backdoor,1,1
3,3886,3,3,normal,normal,0,0
3,3887,2,2,injection,injection,1,1
3,3888,3,3,normal,normal,0,0
3,3889,4,4,password,password,1,1
3,3890,0,0,backdoor,backdoor,1,1
3,3891,0,0,backdoor,backdoor,1,1
3,3892,4,4,password,password,1,1
3,3893,3,3,normal,normal,0,0
3,3894,0,0,backdoor,backdoor,1,1
3,3895,2,2,injection,injection,1,1
3,3896,0,0,backdoor,backdoor,1,1
3,3897,0,0,backdoor,backdoor,1,1
3,3898,3,3,normal,normal,0,0
3,3899,2,2,injection,injection,1,1
3,3900,4,4,password,password,1,1
3,3901,3,3,normal,normal,0,0
3,3902,3,3,normal,normal,0,0
3,3903,2,2,injection,injection,1,1
3,3904,3,3,normal,normal,0,0
3,3905,0,0,backdoor,backdoor,1,1
3,3906,2,2,injection,injection,1,1
3,3907,3,3,normal,normal,0,0
3,3908,3,3,normal,normal,0,0
3,3909,3,3,normal,normal,0,0
3,3910,3,3,normal,normal,0,0
3,3911,3,3,normal,normal,0,0
3,3912,3,3,normal,normal,0,0
3,3913,3,3,normal,normal,0,0
3,3914,3,3,normal,normal,0,0
3,3915,3,3,normal,normal,0,0
3,3916,3,3,normal,normal,0,0
3,3917,3,3,normal,normal,0,0
3,3918,3,3,normal,normal,0,0
3,3919,3,3,normal,normal,0,0
3,3920,3,3,normal,normal,0,0
3,3921,3,3,normal,normal,0,0
3,3922,2,2,injection,injection,1,1
3,3923,0,0,backdoor,backdoor,1,1
3,3924,2,2,injection,injection,1,1
3,3925,4,4,password,password,1,1
3,3926,3,3,normal,normal,0,0
3,3927,2,2,injection,injection,1,1
3,3928,3,3,normal,normal,0,0
3,3929,0,0,backdoor,backdoor,1,1
3,3930,2,2,injection,injection,1,1
3,3931,2,2,injection,injection,1,1
3,3932,0,0,backdoor,backdoor,1,1
3,3933,3,3,normal,normal,0,0
3,3934,3,3,normal,normal,0,0
3,3935,4,4,password,password,1,1
3,3936,2,2,injection,injection,1,1
3,3937,0,0,backdoor,backdoor,1,1
3,3938,3,3,normal,normal,0,0
3,3939,3,3,normal,normal,0,0
3,3940,3,3,normal,normal,0,0
3,3941,4,4,password,password,1,1
3,3942,3,3,normal,normal,0,0
3,3943,3,3,normal,normal,0,0
3,3944,3,3,normal,normal,0,0
3,3945,0,0,backdoor,backdoor,1,1
3,3946,2,2,injection,injection,1,1
3,3947,4,4,password,password,1,1
3,3948,3,3,normal,normal,0,0
3,3949,3,3,normal,normal,0,0
3,3950,0,0,backdoor,backdoor,1,1
3,3951,0,0,backdoor,backdoor,1,1
3,3952,3,3,normal,normal,0,0
3,3953,0,0,backdoor,backdoor,1,1
3,3954,3,3,normal,normal,0,0
3,3955,4,4,password,password,1,1
3,3956,3,3,normal,normal,0,0
3,3957,4,4,password,password,1,1
3,3958,2,2,injection,injection,1,1
3,3959,3,3,normal,normal,0,0
3,3960,3,3,normal,normal,0,0
3,3961,0,0,backdoor,backdoor,1,1
3,3962,3,3,normal,normal,0,0
3,3963,2,2,injection,injection,1,1
3,3964,3,3,normal,normal,0,0
3,3965,2,2,injection,injection,1,1
3,3966,3,3,normal,normal,0,0
3,3967,3,3,normal,normal,0,0
3,3968,2,2,injection,injection,1,1
3,3969,0,0,backdoor,backdoor,1,1
3,3970,3,3,normal,normal,0,0
3,3971,4,4,password,password,1,1
3,3972,2,2,injection,injection,1,1
3,3973,0,0,backdoor,backdoor,1,1
3,3974,3,3,normal,normal,0,0
3,3975,3,3,normal,normal,0,0
3,3976,0,0,backdoor,backdoor,1,1
3,3977,2,2,injection,injection,1,1
3,3978,4,4,password,password,1,1
3,3979,3,3,normal,normal,0,0
3,3980,0,0,backdoor,backdoor,1,1
3,3981,3,3,normal,normal,0,0
3,3982,3,3,normal,normal,0,0
3,3983,3,3,normal,normal,0,0
3,3984,2,2,injection,injection,1,1
3,3985,2,2,injection,injection,1,1
3,3986,3,3,normal,normal,0,0
3,3987,3,3,normal,normal,0,0
3,3988,3,3,normal,normal,0,0
3,3989,3,3,normal,normal,0,0
3,3990,2,2,injection,injection,1,1
3,3991,4,4,password,password,1,1
3,3992,3,3,normal,normal,0,0
3,3993,3,3,normal,normal,0,0
3,3994,4,4,password,password,1,1
3,3995,3,3,normal,normal,0,0
3,3996,2,2,injection,injection,1,1
3,3997,3,3,normal,normal,0,0
3,3998,3,3,normal,normal,0,0
3,3999,3,3,normal,normal,0,0
3,4000,3,3,normal,normal,0,0
3,4001,3,3,normal,normal,0,0
3,4002,3,3,normal,normal,0,0
3,4003,0,2,backdoor,injection,1,1
3,4004,2,2,injection,injection,1,1
3,4005,3,3,normal,normal,0,0
3,4006,4,4,password,password,1,1
3,4007,3,3,normal,normal,0,0
3,4008,4,4,password,password,1,1
3,4009,3,3,normal,normal,0,0
3,4010,2,2,injection,injection,1,1
3,4011,0,0,backdoor,backdoor,1,1
3,4012,3,3,normal,normal,0,0
3,4013,3,3,normal,normal,0,0
3,4014,3,3,normal,normal,0,0
3,4015,2,2,injection,injection,1,1
3,4016,3,3,normal,normal,0,0
3,4017,3,3,normal,normal,0,0
3,4018,0,0,backdoor,backdoor,1,1
3,4019,3,3,normal,normal,0,0
3,4020,2,2,injection,injection,1,1
3,4021,4,4,password,password,1,1
3,4022,4,4,password,password,1,1
3,4023,3,3,normal,normal,0,0
3,4024,4,4,password,password,1,1
3,4025,0,0,backdoor,backdoor,1,1
3,4026,3,3,normal,normal,0,0
3,4027,3,3,normal,normal,0,0
3,4028,3,3,normal,normal,0,0
3,4029,3,3,normal,normal,0,0
3,4030,3,3,normal,normal,0,0
3,4031,3,3,normal,normal,0,0
3,4032,3,3,normal,normal,0,0
3,4033,0,0,backdoor,backdoor,1,1
3,4034,0,0,backdoor,backdoor,1,1
3,4035,0,0,backdoor,backdoor,1,1
3,4036,0,0,backdoor,backdoor,1,1
3,4037,3,3,normal,normal,0,0
3,4038,4,4,password,password,1,1
3,4039,3,3,normal,normal,0,0
3,4040,3,3,normal,normal,0,0
3,4041,4,4,password,password,1,1
3,4042,4,4,password,password,1,1
3,4043,3,3,normal,normal,0,0
3,4044,2,2,injection,injection,1,1
3,4045,4,4,password,password,1,1
3,4046,2,2,injection,injection,1,1
3,4047,2,2,injection,injection,1,1
3,4048,3,3,normal,normal,0,0
3,4049,4,4,password,password,1,1
3,4050,3,3,normal,normal,0,0
3,4051,4,4,password,password,1,1
3,4052,3,3,normal,normal,0,0
3,4053,3,3,normal,normal,0,0
3,4054,3,3,normal,normal,0,0
3,4055,3,3,normal,normal,0,0
3,4056,3,3,normal,normal,0,0
3,4057,4,4,password,password,1,1
3,4058,3,3,normal,normal,0,0
3,4059,4,4,password,password,1,1
3,4060,0,0,backdoor,backdoor,1,1
3,4061,4,4,password,password,1,1
3,4062,3,3,normal,normal,0,0
3,4063,0,0,backdoor,backdoor,1,1
3,4064,0,0,backdoor,backdoor,1,1
3,4065,4,4,password,password,1,1
3,4066,2,2,injection,injection,1,1
3,4067,0,0,backdoor,backdoor,1,1
3,4068,0,0,backdoor,backdoor,1,1
3,4069,2,2,injection,injection,1,1
3,4070,3,3,normal,normal,0,0
3,4071,4,4,password,password,1,1
3,4072,3,3,normal,normal,0,0
3,4073,4,4,password,password,1,1
3,4074,3,3,normal,normal,0,0
3,4075,3,3,normal,normal,0,0
3,4076,3,3,normal,normal,0,0
3,4077,4,4,password,password,1,1
3,4078,0,0,backdoor,backdoor,1,1
3,4079,0,0,backdoor,backdoor,1,1
3,4080,4,4,password,password,1,1
3,4081,3,3,normal,normal,0,0
3,4082,3,3,normal,normal,0,0
3,4083,4,4,password,password,1,1
3,4084,3,3,normal,normal,0,0
3,4085,3,3,normal,normal,0,0
3,4086,2,2,injection,injection,1,1
3,4087,3,3,normal,normal,0,0
3,4088,0,0,backdoor,backdoor,1,1
3,4089,2,2,injection,injection,1,1
3,4090,3,3,normal,normal,0,0
3,4091,0,0,backdoor,backdoor,1,1
3,4092,2,2,injection,injection,1,1
3,4093,3,3,normal,normal,0,0
3,4094,2,2,injection,injection,1,1
3,4095,0,0,backdoor,backdoor,1,1
3,4096,4,4,password,password,1,1
3,4097,0,2,backdoor,injection,1,1
3,4098,4,4,password,password,1,1
3,4099,0,0,backdoor,backdoor,1,1
3,4100,0,0,backdoor,backdoor,1,1
3,4101,2,2,injection,injection,1,1
3,4102,0,0,backdoor,backdoor,1,1
3,4103,4,4,password,password,1,1
3,4104,3,3,normal,normal,0,0
3,4105,2,2,injection,injection,1,1
3,4106,0,0,backdoor,backdoor,1,1
3,4107,3,3,normal,normal,0,0
3,4108,2,2,injection,injection,1,1
3,4109,0,0,backdoor,backdoor,1,1
3,4110,0,0,backdoor,backdoor,1,1
3,4111,2,2,injection,injection,1,1
3,4112,3,3,normal,normal,0,0
3,4113,3,3,normal,normal,0,0
3,4114,2,2,injection,injection,1,1
3,4115,3,3,normal,normal,0,0
3,4116,3,3,normal,normal,0,0
3,4117,3,3,normal,normal,0,0
3,4118,3,3,normal,normal,0,0
3,4119,2,2,injection,injection,1,1
3,4120,0,0,backdoor,backdoor,1,1
3,4121,0,2,backdoor,injection,1,1
3,4122,3,3,normal,normal,0,0
3,4123,0,2,backdoor,injection,1,1
3,4124,4,4,password,password,1,1
3,4125,4,4,password,password,1,1
3,4126,3,3,normal,normal,0,0
3,4127,4,4,password,password,1,1
3,4128,3,3,normal,normal,0,0
3,4129,2,2,injection,injection,1,1
3,4130,4,4,password,password,1,1
3,4131,2,2,injection,injection,1,1
3,4132,3,3,normal,normal,0,0
3,4133,4,4,password,password,1,1
3,4134,3,3,normal,normal,0,0
3,4135,2,2,injection,injection,1,1
3,4136,3,3,normal,normal,0,0
3,4137,3,3,normal,normal,0,0
3,4138,4,4,password,password,1,1
3,4139,3,3,normal,normal,0,0
3,4140,4,4,password,password,1,1
3,4141,0,0,backdoor,backdoor,1,1
3,4142,4,4,password,password,1,1
3,4143,2,2,injection,injection,1,1
3,4144,3,3,normal,normal,0,0
3,4145,3,3,normal,normal,0,0
3,4146,3,3,normal,normal,0,0
3,4147,3,3,normal,normal,0,0
3,4148,0,0,backdoor,backdoor,1,1
3,4149,3,3,normal,normal,0,0
3,4150,3,3,normal,normal,0,0
3,4151,3,3,normal,normal,0,0
3,4152,3,3,normal,normal,0,0
3,4153,3,3,normal,normal,0,0
3,4154,3,3,normal,normal,0,0
3,4155,0,0,backdoor,backdoor,1,1
3,4156,3,3,normal,normal,0,0
3,4157,3,3,normal,normal,0,0
3,4158,3,3,normal,normal,0,0
3,4159,3,3,normal,normal,0,0
3,4160,3,3,normal,normal,0,0
3,4161,2,2,injection,injection,1,1
3,4162,3,3,normal,normal,0,0
3,4163,0,0,backdoor,backdoor,1,1
3,4164,3,3,normal,normal,0,0
3,4165,0,0,backdoor,backdoor,1,1
3,4166,0,0,backdoor,backdoor,1,1
3,4167,3,3,normal,normal,0,0
3,4168,0,0,backdoor,backdoor,1,1
3,4169,2,2,injection,injection,1,1
3,4170,0,0,backdoor,backdoor,1,1
3,4171,2,2,injection,injection,1,1
3,4172,3,3,normal,normal,0,0
3,4173,4,4,password,password,1,1
3,4174,4,4,password,password,1,1
3,4175,0,0,backdoor,backdoor,1,1
3,4176,0,0,backdoor,backdoor,1,1
3,4177,3,3,normal,normal,0,0
3,4178,4,4,password,password,1,1
3,4179,3,3,normal,normal,0,0
3,4180,3,3,normal,normal,0,0
3,4181,3,3,normal,normal,0,0
3,4182,0,0,backdoor,backdoor,1,1
3,4183,0,0,backdoor,backdoor,1,1
3,4184,4,4,password,password,1,1
3,4185,3,3,normal,normal,0,0
3,4186,3,3,normal,normal,0,0
3,4187,0,0,backdoor,backdoor,1,1
3,4188,3,3,normal,normal,0,0
3,4189,3,3,normal,normal,0,0
3,4190,4,4,password,password,1,1
3,4191,3,3,normal,normal,0,0
3,4192,4,4,password,password,1,1
3,4193,2,2,injection,injection,1,1
3,4194,0,2,backdoor,injection,1,1
3,4195,3,3,normal,normal,0,0
3,4196,3,3,normal,normal,0,0
3,4197,2,2,injection,injection,1,1
3,4198,2,2,injection,injection,1,1
3,4199,3,3,normal,normal,0,0
3,4200,3,3,normal,normal,0,0
3,4201,3,3,normal,normal,0,0
3,4202,3,3,normal,normal,0,0
3,4203,3,3,normal,normal,0,0
3,4204,2,2,injection,injection,1,1
3,4205,0,0,backdoor,backdoor,1,1
3,4206,3,3,normal,normal,0,0
3,4207,3,3,normal,normal,0,0
3,4208,3,3,normal,normal,0,0
3,4209,0,2,backdoor,injection,1,1
3,4210,3,3,normal,normal,0,0
3,4211,3,3,normal,normal,0,0
3,4212,3,3,normal,normal,0,0
3,4213,0,2,backdoor,injection,1,1
3,4214,3,3,normal,normal,0,0
3,4215,3,3,normal,normal,0,0
3,4216,4,4,password,password,1,1
3,4217,0,0,backdoor,backdoor,1,1
3,4218,0,0,backdoor,backdoor,1,1
3,4219,3,3,normal,normal,0,0
3,4220,3,3,normal,normal,0,0
3,4221,4,4,password,password,1,1
3,4222,3,3,normal,normal,0,0
3,4223,3,3,normal,normal,0,0
3,4224,3,3,normal,normal,0,0
3,4225,3,3,normal,normal,0,0
3,4226,2,2,injection,injection,1,1
3,4227,3,3,normal,normal,0,0
3,4228,4,4,password,password,1,1
3,4229,3,3,normal,normal,0,0
3,4230,3,3,normal,normal,0,0
3,4231,3,3,normal,normal,0,0
3,4232,0,0,backdoor,backdoor,1,1
3,4233,3,3,normal,normal,0,0
3,4234,4,4,password,password,1,1
3,4235,3,3,normal,normal,0,0
3,4236,2,2,injection,injection,1,1
3,4237,0,0,backdoor,backdoor,1,1
3,4238,0,0,backdoor,backdoor,1,1
3,4239,4,4,password,password,1,1
3,4240,3,3,normal,normal,0,0
3,4241,0,0,backdoor,backdoor,1,1
3,4242,4,4,password,password,1,1
3,4243,3,3,normal,normal,0,0
3,4244,3,3,normal,normal,0,0
3,4245,3,3,normal,normal,0,0
3,4246,3,3,normal,normal,0,0
3,4247,2,2,injection,injection,1,1
3,4248,3,3,normal,normal,0,0
3,4249,0,0,backdoor,backdoor,1,1
3,4250,3,3,normal,normal,0,0
3,4251,2,2,injection,injection,1,1
3,4252,3,3,normal,normal,0,0
3,4253,4,4,password,password,1,1
3,4254,4,4,password,password,1,1
3,4255,3,3,normal,normal,0,0
3,4256,2,2,injection,injection,1,1
3,4257,3,3,normal,normal,0,0
3,4258,3,3,normal,normal,0,0
3,4259,2,2,injection,injection,1,1
3,4260,3,3,normal,normal,0,0
3,4261,0,0,backdoor,backdoor,1,1
3,4262,0,0,backdoor,backdoor,1,1
3,4263,3,3,normal,normal,0,0
3,4264,4,4,password,password,1,1
3,4265,4,4,password,password,1,1
3,4266,0,0,backdoor,backdoor,1,1
3,4267,3,3,normal,normal,0,0
3,4268,2,2,injection,injection,1,1
3,4269,3,3,normal,normal,0,0
3,4270,2,2,injection,injection,1,1
3,4271,3,3,normal,normal,0,0
3,4272,3,3,normal,normal,0,0
3,4273,2,2,injection,injection,1,1
3,4274,3,3,normal,normal,0,0
3,4275,2,2,injection,injection,1,1
3,4276,2,0,injection,backdoor,1,1
3,4277,3,3,normal,normal,0,0
3,4278,0,0,backdoor,backdoor,1,1
3,4279,3,3,normal,normal,0,0
3,4280,2,2,injection,injection,1,1
3,4281,4,4,password,password,1,1
3,4282,4,4,password,password,1,1
3,4283,2,2,injection,injection,1,1
3,4284,3,3,normal,normal,0,0
3,4285,4,4,password,password,1,1
3,4286,3,3,normal,normal,0,0
3,4287,3,3,normal,normal,0,0
3,4288,4,4,password,password,1,1
3,4289,3,3,normal,normal,0,0
3,4290,2,2,injection,injection,1,1
3,4291,3,3,normal,normal,0,0
3,4292,3,3,normal,normal,0,0
3,4293,2,2,injection,injection,1,1
3,4294,2,2,injection,injection,1,1
3,4295,3,3,normal,normal,0,0
3,4296,3,3,normal,normal,0,0
3,4297,3,3,normal,normal,0,0
3,4298,2,2,injection,injection,1,1
3,4299,4,4,password,password,1,1
3,4300,0,0,backdoor,backdoor,1,1
3,4301,2,2,injection,injection,1,1
3,4302,3,3,normal,normal,0,0
3,4303,3,3,normal,normal,0,0
3,4304,3,3,normal,normal,0,0
3,4305,0,0,backdoor,backdoor,1,1
3,4306,3,3,normal,normal,0,0
3,4307,2,2,injection,injection,1,1
3,4308,4,4,password,password,1,1
3,4309,3,3,normal,normal,0,0
3,4310,3,3,normal,normal,0,0
3,4311,3,3,normal,normal,0,0
3,4312,3,3,normal,normal,0,0
3,4313,4,4,password,password,1,1
3,4314,3,3,normal,normal,0,0
3,4315,2,2,injection,injection,1,1
3,4316,3,3,normal,normal,0,0
3,4317,3,3,normal,normal,0,0
3,4318,2,2,injection,injection,1,1
3,4319,3,3,normal,normal,0,0
3,4320,3,3,normal,normal,0,0
3,4321,4,4,password,password,1,1
3,4322,2,2,injection,injection,1,1
3,4323,4,4,password,password,1,1
3,4324,3,3,normal,normal,0,0
3,4325,3,3,normal,normal,0,0
3,4326,2,2,injection,injection,1,1
3,4327,4,4,password,password,1,1
3,4328,2,2,injection,injection,1,1
3,4329,4,4,password,password,1,1
3,4330,2,2,injection,injection,1,1
3,4331,3,3,normal,normal,0,0
3,4332,4,4,password,password,1,1
3,4333,4,4,password,password,1,1
3,4334,3,3,normal,normal,0,0
3,4335,3,3,normal,normal,0,0
3,4336,4,4,password,password,1,1
3,4337,4,4,password,password,1,1
3,4338,3,3,normal,normal,0,0
3,4339,4,4,password,password,1,1
3,4340,2,2,injection,injection,1,1
3,4341,3,3,normal,normal,0,0
3,4342,3,3,normal,normal,0,0
3,4343,0,2,backdoor,injection,1,1
3,4344,3,3,normal,normal,0,0
3,4345,2,2,injection,injection,1,1
3,4346,4,4,password,password,1,1
3,4347,2,2,injection,injection,1,1
3,4348,2,2,injection,injection,1,1
3,4349,4,4,password,password,1,1
3,4350,4,4,password,password,1,1
3,4351,3,3,normal,normal,0,0
3,4352,0,0,backdoor,backdoor,1,1
3,4353,3,3,normal,normal,0,0
3,4354,4,4,password,password,1,1
3,4355,3,3,normal,normal,0,0
3,4356,2,2,injection,injection,1,1
3,4357,2,2,injection,injection,1,1
3,4358,3,3,normal,normal,0,0
3,4359,3,3,normal,normal,0,0
3,4360,3,3,normal,normal,0,0
3,4361,2,2,injection,injection,1,1
3,4362,3,3,normal,normal,0,0
3,4363,2,2,injection,injection,1,1
3,4364,3,3,normal,normal,0,0
3,4365,2,2,injection,injection,1,1
3,4366,4,4,password,password,1,1
3,4367,3,3,normal,normal,0,0
3,4368,3,3,normal,normal,0,0
3,4369,0,0,backdoor,backdoor,1,1
3,4370,0,0,backdoor,backdoor,1,1
3,4371,3,3,normal,normal,0,0
3,4372,4,4,password,password,1,1
3,4373,3,3,normal,normal,0,0
3,4374,4,4,password,password,1,1
3,4375,3,3,normal,normal,0,0
3,4376,2,2,injection,injection,1,1
3,4377,3,3,normal,normal,0,0
3,4378,3,3,normal,normal,0,0
3,4379,3,3,normal,normal,0,0
3,4380,3,3,normal,normal,0,0
3,4381,4,4,password,password,1,1
3,4382,4,4,password,password,1,1
3,4383,0,0,backdoor,backdoor,1,1
3,4384,4,4,password,password,1,1
3,4385,3,3,normal,normal,0,0
3,4386,0,0,backdoor,backdoor,1,1
3,4387,3,3,normal,normal,0,0
3,4388,3,3,normal,normal,0,0
3,4389,4,4,password,password,1,1
3,4390,3,3,normal,normal,0,0
3,4391,3,3,normal,normal,0,0
3,4392,3,3,normal,normal,0,0
3,4393,4,4,password,password,1,1
3,4394,3,3,normal,normal,0,0
3,4395,0,0,backdoor,backdoor,1,1
3,4396,3,3,normal,normal,0,0
3,4397,0,2,backdoor,injection,1,1
3,4398,3,3,normal,normal,0,0
3,4399,3,3,normal,normal,0,0
3,4400,2,2,injection,injection,1,1
3,4401,3,3,normal,normal,0,0
3,4402,4,4,password,password,1,1
3,4403,4,4,password,password,1,1
3,4404,0,0,backdoor,backdoor,1,1
3,4405,2,2,injection,injection,1,1
3,4406,0,0,backdoor,backdoor,1,1
3,4407,3,3,normal,normal,0,0
3,4408,3,3,normal,normal,0,0
3,4409,0,0,backdoor,backdoor,1,1
3,4410,3,3,normal,normal,0,0
3,4411,2,2,injection,injection,1,1
3,4412,3,3,normal,normal,0,0
3,4413,0,0,backdoor,backdoor,1,1
3,4414,2,2,injection,injection,1,1
3,4415,3,3,normal,normal,0,0
3,4416,3,3,normal,normal,0,0
3,4417,0,0,backdoor,backdoor,1,1
3,4418,0,0,backdoor,backdoor,1,1
3,4419,3,3,normal,normal,0,0
3,4420,3,3,normal,normal,0,0
3,4421,3,3,normal,normal,0,0
3,4422,0,2,backdoor,injection,1,1
3,4423,3,3,normal,normal,0,0
3,4424,3,3,normal,normal,0,0
3,4425,4,4,password,password,1,1
3,4426,3,3,normal,normal,0,0
3,4427,0,2,backdoor,injection,1,1
3,4428,4,4,password,password,1,1
3,4429,3,3,normal,normal,0,0
3,4430,3,3,normal,normal,0,0
3,4431,3,3,normal,normal,0,0
3,4432,4,4,password,password,1,1
3,4433,3,3,normal,normal,0,0
3,4434,3,3,normal,normal,0,0
3,4435,3,3,normal,normal,0,0
3,4436,4,4,password,password,1,1
3,4437,4,4,password,password,1,1
3,4438,3,3,normal,normal,0,0
3,4439,4,4,password,password,1,1
3,4440,3,3,normal,normal,0,0
3,4441,3,3,normal,normal,0,0
3,4442,3,3,normal,normal,0,0
3,4443,4,4,password,password,1,1
3,4444,4,4,password,password,1,1
3,4445,2,2,injection,injection,1,1
3,4446,3,3,normal,normal,0,0
3,4447,3,3,normal,normal,0,0
3,4448,4,4,password,password,1,1
3,4449,0,0,backdoor,backdoor,1,1
3,4450,0,0,backdoor,backdoor,1,1
3,4451,3,3,normal,normal,0,0
3,4452,3,3,normal,normal,0,0
3,4453,0,2,backdoor,injection,1,1
3,4454,4,4,password,password,1,1
3,4455,3,3,normal,normal,0,0
3,4456,2,2,injection,injection,1,1
3,4457,3,3,normal,normal,0,0
3,4458,3,3,normal,normal,0,0
3,4459,4,4,password,password,1,1
3,4460,3,3,normal,normal,0,0
3,4461,3,3,normal,normal,0,0
3,4462,2,2,injection,injection,1,1
3,4463,2,2,injection,injection,1,1
3,4464,2,2,injection,injection,1,1
3,4465,3,3,normal,normal,0,0
3,4466,0,0,backdoor,backdoor,1,1
3,4467,3,3,normal,normal,0,0
3,4468,2,2,injection,injection,1,1
3,4469,3,3,normal,normal,0,0
3,4470,3,3,normal,normal,0,0
3,4471,3,3,normal,normal,0,0
3,4472,2,2,injection,injection,1,1
3,4473,2,2,injection,injection,1,1
3,4474,3,3,normal,normal,0,0
3,4475,4,4,password,password,1,1
3,4476,4,4,password,password,1,1
3,4477,2,2,injection,injection,1,1
3,4478,3,3,normal,normal,0,0
3,4479,4,4,password,password,1,1
3,4480,2,2,injection,injection,1,1
3,4481,3,3,normal,normal,0,0
3,4482,0,0,backdoor,backdoor,1,1
3,4483,3,3,normal,normal,0,0
3,4484,2,2,injection,injection,1,1
3,4485,2,2,injection,injection,1,1
3,4486,2,2,injection,injection,1,1
3,4487,3,3,normal,normal,0,0
3,4488,4,4,password,password,1,1
3,4489,2,2,injection,injection,1,1
3,4490,3,3,normal,normal,0,0
3,4491,0,0,backdoor,backdoor,1,1
3,4492,3,3,normal,normal,0,0
3,4493,3,3,normal,normal,0,0
3,4494,2,2,injection,injection,1,1
3,4495,0,0,backdoor,backdoor,1,1
3,4496,3,3,normal,normal,0,0
3,4497,0,0,backdoor,backdoor,1,1
3,4498,3,3,normal,normal,0,0
3,4499,3,3,normal,normal,0,0
3,4500,3,3,normal,normal,0,0
3,4501,4,4,password,password,1,1
3,4502,0,0,backdoor,backdoor,1,1
3,4503,4,4,password,password,1,1
3,4504,3,3,normal,normal,0,0
3,4505,3,3,normal,normal,0,0
3,4506,3,3,normal,normal,0,0
3,4507,2,2,injection,injection,1,1
3,4508,3,3,normal,normal,0,0
3,4509,0,0,backdoor,backdoor,1,1
3,4510,3,3,normal,normal,0,0
3,4511,0,0,backdoor,backdoor,1,1
3,4512,4,4,password,password,1,1
3,4513,4,4,password,password,1,1
3,4514,4,4,password,password,1,1
3,4515,4,4,password,password,1,1
3,4516,3,3,normal,normal,0,0
3,4517,3,3,normal,normal,0,0
3,4518,3,3,normal,normal,0,0
3,4519,2,2,injection,injection,1,1
3,4520,3,3,normal,normal,0,0
3,4521,3,3,normal,normal,0,0
3,4522,0,0,backdoor,backdoor,1,1
3,4523,0,2,backdoor,injection,1,1
3,4524,2,2,injection,injection,1,1
3,4525,3,3,normal,normal,0,0
3,4526,2,2,injection,injection,1,1
3,4527,3,3,normal,normal,0,0
3,4528,3,3,normal,normal,0,0
3,4529,2,2,injection,injection,1,1
3,4530,3,3,normal,normal,0,0
3,4531,0,0,backdoor,backdoor,1,1
3,4532,3,3,normal,normal,0,0
3,4533,0,0,backdoor,backdoor,1,1
3,4534,3,3,normal,normal,0,0
3,4535,0,0,backdoor,backdoor,1,1
3,4536,2,2,injection,injection,1,1
3,4537,3,3,normal,normal,0,0
3,4538,3,3,normal,normal,0,0
3,4539,4,4,password,password,1,1
3,4540,3,3,normal,normal,0,0
3,4541,4,4,password,password,1,1
3,4542,4,4,password,password,1,1
3,4543,4,4,password,password,1,1
3,4544,3,3,normal,normal,0,0
3,4545,4,4,password,password,1,1
3,4546,3,3,normal,normal,0,0
3,4547,3,3,normal,normal,0,0
3,4548,3,3,normal,normal,0,0
3,4549,3,3,normal,normal,0,0
3,4550,0,0,backdoor,backdoor,1,1
3,4551,3,3,normal,normal,0,0
3,4552,2,2,injection,injection,1,1
3,4553,2,2,injection,injection,1,1
3,4554,3,3,normal,normal,0,0
3,4555,3,3,normal,normal,0,0
3,4556,2,2,injection,injection,1,1
3,4557,4,4,password,password,1,1
3,4558,4,4,password,password,1,1
3,4559,3,3,normal,normal,0,0
3,4560,3,3,normal,normal,0,0
3,4561,3,3,normal,normal,0,0
3,4562,3,3,normal,normal,0,0
3,4563,0,0,backdoor,backdoor,1,1
3,4564,3,3,normal,normal,0,0
3,4565,3,3,normal,normal,0,0
3,4566,2,2,injection,injection,1,1
3,4567,3,3,normal,normal,0,0
3,4568,4,4,password,password,1,1
3,4569,3,3,normal,normal,0,0
3,4570,0,0,backdoor,backdoor,1,1
3,4571,0,0,backdoor,backdoor,1,1
3,4572,0,0,backdoor,backdoor,1,1
3,4573,3,3,normal,normal,0,0
3,4574,3,3,normal,normal,0,0
3,4575,0,0,backdoor,backdoor,1,1
3,4576,3,3,normal,normal,0,0
3,4577,4,4,password,password,1,1
3,4578,2,2,injection,injection,1,1
3,4579,2,0,injection,backdoor,1,1
3,4580,3,3,normal,normal,0,0
3,4581,3,3,normal,normal,0,0
3,4582,3,3,normal,normal,0,0
3,4583,3,3,normal,normal,0,0
3,4584,3,3,normal,normal,0,0
3,4585,3,3,normal,normal,0,0
3,4586,0,2,backdoor,injection,1,1
3,4587,3,3,normal,normal,0,0
3,4588,3,3,normal,normal,0,0
3,4589,3,3,normal,normal,0,0
3,4590,3,3,normal,normal,0,0
3,4591,4,4,password,password,1,1
3,4592,3,3,normal,normal,0,0
3,4593,3,3,normal,normal,0,0
3,4594,3,3,normal,normal,0,0
3,4595,3,3,normal,normal,0,0
3,4596,3,3,normal,normal,0,0
3,4597,0,0,backdoor,backdoor,1,1
3,4598,3,3,normal,normal,0,0
3,4599,3,3,normal,normal,0,0
3,4600,4,4,password,password,1,1
3,4601,3,3,normal,normal,0,0
3,4602,3,3,normal,normal,0,0
3,4603,0,2,backdoor,injection,1,1
3,4604,2,2,injection,injection,1,1
3,4605,3,3,normal,normal,0,0
3,4606,3,3,normal,normal,0,0
3,4607,4,4,password,password,1,1
3,4608,4,4,password,password,1,1
3,4609,3,3,normal,normal,0,0
3,4610,2,2,injection,injection,1,1
3,4611,3,3,normal,normal,0,0
3,4612,3,3,normal,normal,0,0
3,4613,3,3,normal,normal,0,0
3,4614,4,4,password,password,1,1
3,4615,0,0,backdoor,backdoor,1,1
3,4616,3,3,normal,normal,0,0
3,4617,4,4,password,password,1,1
3,4618,3,3,normal,normal,0,0
3,4619,4,4,password,password,1,1
3,4620,0,0,backdoor,backdoor,1,1
3,4621,3,3,normal,normal,0,0
3,4622,4,4,password,password,1,1
3,4623,0,0,backdoor,backdoor,1,1
3,4624,3,3,normal,normal,0,0
3,4625,4,4,password,password,1,1
3,4626,3,3,normal,normal,0,0
3,4627,3,3,normal,normal,0,0
3,4628,0,0,backdoor,backdoor,1,1
3,4629,3,3,normal,normal,0,0
3,4630,4,4,password,password,1,1
3,4631,3,3,normal,normal,0,0
3,4632,0,0,backdoor,backdoor,1,1
3,4633,3,3,normal,normal,0,0
3,4634,0,0,backdoor,backdoor,1,1
3,4635,3,3,normal,normal,0,0
3,4636,2,2,injection,injection,1,1
3,4637,2,2,injection,injection,1,1
3,4638,4,4,password,password,1,1
3,4639,4,4,password,password,1,1
3,4640,3,3,normal,normal,0,0
3,4641,3,3,normal,normal,0,0
3,4642,3,3,normal,normal,0,0
3,4643,0,0,backdoor,backdoor,1,1
3,4644,3,3,normal,normal,0,0
3,4645,4,4,password,password,1,1
3,4646,2,2,injection,injection,1,1
3,4647,4,4,password,password,1,1
3,4648,3,3,normal,normal,0,0
3,4649,3,3,normal,normal,0,0
3,4650,3,3,normal,normal,0,0
3,4651,3,3,normal,normal,0,0
3,4652,3,3,normal,normal,0,0
3,4653,0,0,backdoor,backdoor,1,1
3,4654,3,3,normal,normal,0,0
3,4655,3,3,normal,normal,0,0
3,4656,0,0,backdoor,backdoor,1,1
3,4657,0,0,backdoor,backdoor,1,1
3,4658,3,3,normal,normal,0,0
3,4659,3,3,normal,normal,0,0
3,4660,0,0,backdoor,backdoor,1,1
3,4661,3,3,normal,normal,0,0
3,4662,4,4,password,password,1,1
3,4663,2,2,injection,injection,1,1
3,4664,4,4,password,password,1,1
3,4665,3,3,normal,normal,0,0
3,4666,3,3,normal,normal,0,0
3,4667,0,0,backdoor,backdoor,1,1
3,4668,3,3,normal,normal,0,0
3,4669,2,2,injection,injection,1,1
3,4670,3,3,normal,normal,0,0
3,4671,4,4,password,password,1,1
3,4672,4,4,password,password,1,1
3,4673,0,0,backdoor,backdoor,1,1
3,4674,3,3,normal,normal,0,0
3,4675,3,3,normal,normal,0,0
3,4676,3,3,normal,normal,0,0
3,4677,0,0,backdoor,backdoor,1,1
3,4678,2,2,injection,injection,1,1
3,4679,3,3,normal,normal,0,0
3,4680,0,0,backdoor,backdoor,1,1
3,4681,4,4,password,password,1,1
3,4682,3,3,normal,normal,0,0
3,4683,3,3,normal,normal,0,0
3,4684,0,0,backdoor,backdoor,1,1
3,4685,3,3,normal,normal,0,0
3,4686,4,4,password,password,1,1
3,4687,2,0,injection,backdoor,1,1
3,4688,3,3,normal,normal,0,0
3,4689,3,3,normal,normal,0,0
3,4690,3,3,normal,normal,0,0
3,4691,4,4,password,password,1,1
3,4692,3,3,normal,normal,0,0
3,4693,2,2,injection,injection,1,1
3,4694,3,3,normal,normal,0,0
3,4695,2,2,injection,injection,1,1
3,4696,4,4,password,password,1,1
3,4697,0,0,backdoor,backdoor,1,1
3,4698,3,3,normal,normal,0,0
3,4699,3,3,normal,normal,0,0
3,4700,3,3,normal,normal,0,0
3,4701,4,4,password,password,1,1
3,4702,0,0,backdoor,backdoor,1,1
3,4703,3,3,normal,normal,0,0
3,4704,3,3,normal,normal,0,0
3,4705,3,3,normal,normal,0,0
3,4706,3,3,normal,normal,0,0
3,4707,3,3,normal,normal,0,0
3,4708,0,0,backdoor,backdoor,1,1
3,4709,3,3,normal,normal,0,0
3,4710,3,3,normal,normal,0,0
3,4711,3,3,normal,normal,0,0
3,4712,3,3,normal,normal,0,0
3,4713,0,2,backdoor,injection,1,1
3,4714,3,3,normal,normal,0,0
3,4715,4,4,password,password,1,1
3,4716,2,2,injection,injection,1,1
3,4717,3,3,normal,normal,0,0
3,4718,3,3,normal,normal,0,0
3,4719,4,4,password,password,1,1
3,4720,3,3,normal,normal,0,0
3,4721,3,3,normal,normal,0,0
3,4722,4,4,password,password,1,1
3,4723,3,3,normal,normal,0,0
3,4724,0,0,backdoor,backdoor,1,1
3,4725,0,0,backdoor,backdoor,1,1
3,4726,2,2,injection,injection,1,1
3,4727,3,3,normal,normal,0,0
3,4728,4,4,password,password,1,1
3,4729,3,3,normal,normal,0,0
3,4730,0,0,backdoor,backdoor,1,1
3,4731,2,2,injection,injection,1,1
3,4732,3,3,normal,normal,0,0
3,4733,2,2,injection,injection,1,1
3,4734,2,2,injection,injection,1,1
3,4735,3,3,normal,normal,0,0
3,4736,0,0,backdoor,backdoor,1,1
3,4737,3,3,normal,normal,0,0
3,4738,0,2,backdoor,injection,1,1
3,4739,3,3,normal,normal,0,0
3,4740,2,2,injection,injection,1,1
3,4741,3,3,normal,normal,0,0
3,4742,3,3,normal,normal,0,0
3,4743,0,0,backdoor,backdoor,1,1
3,4744,4,4,password,password,1,1
3,4745,3,3,normal,normal,0,0
3,4746,0,0,backdoor,backdoor,1,1
3,4747,0,2,backdoor,injection,1,1
3,4748,0,0,backdoor,backdoor,1,1
3,4749,2,2,injection,injection,1,1
3,4750,0,0,backdoor,backdoor,1,1
3,4751,2,2,injection,injection,1,1
3,4752,4,4,password,password,1,1
3,4753,2,2,injection,injection,1,1
3,4754,2,2,injection,injection,1,1
3,4755,3,3,normal,normal,0,0
3,4756,3,3,normal,normal,0,0
3,4757,3,3,normal,normal,0,0
3,4758,3,3,normal,normal,0,0
3,4759,3,3,normal,normal,0,0
3,4760,0,0,backdoor,backdoor,1,1
3,4761,0,0,backdoor,backdoor,1,1
3,4762,0,0,backdoor,backdoor,1,1
3,4763,2,2,injection,injection,1,1
3,4764,4,4,password,password,1,1
3,4765,0,0,backdoor,backdoor,1,1
3,4766,3,3,normal,normal,0,0
3,4767,4,4,password,password,1,1
3,4768,3,3,normal,normal,0,0
3,4769,4,4,password,password,1,1
3,4770,3,3,normal,normal,0,0
3,4771,3,3,normal,normal,0,0
3,4772,0,0,backdoor,backdoor,1,1
3,4773,2,2,injection,injection,1,1
3,4774,3,3,normal,normal,0,0
3,4775,3,3,normal,normal,0,0
3,4776,4,4,password,password,1,1
3,4777,2,2,injection,injection,1,1
3,4778,3,3,normal,normal,0,0
3,4779,3,3,normal,normal,0,0
3,4780,0,0,backdoor,backdoor,1,1
3,4781,2,2,injection,injection,1,1
3,4782,0,2,backdoor,injection,1,1
3,4783,0,0,backdoor,backdoor,1,1
3,4784,3,3,normal,normal,0,0
3,4785,3,3,normal,normal,0,0
3,4786,0,2,backdoor,injection,1,1
3,4787,3,3,normal,normal,0,0
3,4788,0,0,backdoor,backdoor,1,1
3,4789,2,2,injection,injection,1,1
3,4790,0,0,backdoor,backdoor,1,1
3,4791,2,2,injection,injection,1,1
3,4792,4,4,password,password,1,1
3,4793,0,0,backdoor,backdoor,1,1
3,4794,3,3,normal,normal,0,0
3,4795,3,3,normal,normal,0,0
3,4796,3,3,normal,normal,0,0
3,4797,3,3,normal,normal,0,0
3,4798,2,2,injection,injection,1,1
3,4799,2,2,injection,injection,1,1
3,4800,3,3,normal,normal,0,0
3,4801,3,3,normal,normal,0,0
3,4802,3,3,normal,normal,0,0
3,4803,4,4,password,password,1,1
3,4804,0,0,backdoor,backdoor,1,1
3,4805,3,3,normal,normal,0,0
3,4806,3,3,normal,normal,0,0
3,4807,3,3,normal,normal,0,0
3,4808,0,2,backdoor,injection,1,1
3,4809,3,3,normal,normal,0,0
3,4810,3,3,normal,normal,0,0
3,4811,3,3,normal,normal,0,0
3,4812,2,2,injection,injection,1,1
3,4813,0,0,backdoor,backdoor,1,1
3,4814,3,3,normal,normal,0,0
3,4815,2,2,injection,injection,1,1
3,4816,4,4,password,password,1,1
3,4817,2,2,injection,injection,1,1
3,4818,4,4,password,password,1,1
3,4819,3,3,normal,normal,0,0
3,4820,4,4,password,password,1,1
3,4821,3,3,normal,normal,0,0
3,4822,2,2,injection,injection,1,1
3,4823,3,3,normal,normal,0,0
3,4824,3,3,normal,normal,0,0
3,4825,3,3,normal,normal,0,0
3,4826,3,3,normal,normal,0,0
3,4827,2,2,injection,injection,1,1
3,4828,0,0,backdoor,backdoor,1,1
3,4829,3,3,normal,normal,0,0
3,4830,2,2,injection,injection,1,1
3,4831,3,3,normal,normal,0,0
3,4832,3,3,normal,normal,0,0
3,4833,3,3,normal,normal,0,0
3,4834,0,0,backdoor,backdoor,1,1
3,4835,3,3,normal,normal,0,0
3,4836,4,4,password,password,1,1
3,4837,0,0,backdoor,backdoor,1,1
3,4838,4,4,password,password,1,1
3,4839,3,3,normal,normal,0,0
3,4840,2,2,injection,injection,1,1
3,4841,4,4,password,password,1,1
3,4842,3,3,normal,normal,0,0
3,4843,3,3,normal,normal,0,0
3,4844,2,2,injection,injection,1,1
3,4845,2,2,injection,injection,1,1
3,4846,3,3,normal,normal,0,0
3,4847,3,3,normal,normal,0,0
3,4848,2,2,injection,injection,1,1
3,4849,4,4,password,password,1,1
3,4850,0,0,backdoor,backdoor,1,1
3,4851,4,4,password,password,1,1
3,4852,3,3,normal,normal,0,0
3,4853,2,2,injection,injection,1,1
3,4854,3,3,normal,normal,0,0
3,4855,3,3,normal,normal,0,0
3,4856,4,4,password,password,1,1
3,4857,3,3,normal,normal,0,0
3,4858,2,2,injection,injection,1,1
3,4859,3,3,normal,normal,0,0
3,4860,3,3,normal,normal,0,0
3,4861,2,2,injection,injection,1,1
3,4862,2,2,injection,injection,1,1
3,4863,0,0,backdoor,backdoor,1,1
3,4864,0,0,backdoor,backdoor,1,1
3,4865,0,2,backdoor,injection,1,1
3,4866,3,3,normal,normal,0,0
3,4867,0,0,backdoor,backdoor,1,1
3,4868,0,0,backdoor,backdoor,1,1
3,4869,3,3,normal,normal,0,0
3,4870,0,0,backdoor,backdoor,1,1
3,4871,3,3,normal,normal,0,0
3,4872,2,2,injection,injection,1,1
3,4873,3,3,normal,normal,0,0
3,4874,3,3,normal,normal,0,0
3,4875,4,4,password,password,1,1
3,4876,3,3,normal,normal,0,0
3,4877,0,0,backdoor,backdoor,1,1
3,4878,2,2,injection,injection,1,1
3,4879,3,3,normal,normal,0,0
3,4880,3,3,normal,normal,0,0
3,4881,3,3,normal,normal,0,0
3,4882,2,2,injection,injection,1,1
3,4883,3,3,normal,normal,0,0
3,4884,3,3,normal,normal,0,0
3,4885,2,2,injection,injection,1,1
3,4886,2,2,injection,injection,1,1
3,4887,3,3,normal,normal,0,0
3,4888,2,2,injection,injection,1,1
3,4889,3,3,normal,normal,0,0
3,4890,3,3,normal,normal,0,0
3,4891,3,3,normal,normal,0,0
3,4892,3,3,normal,normal,0,0
3,4893,2,2,injection,injection,1,1
3,4894,3,3,normal,normal,0,0
3,4895,4,4,password,password,1,1
3,4896,4,4,password,password,1,1
3,4897,3,3,normal,normal,0,0
3,4898,0,2,backdoor,injection,1,1
3,4899,0,0,backdoor,backdoor,1,1
3,4900,3,3,normal,normal,0,0
3,4901,0,2,backdoor,injection,1,1
3,4902,0,0,backdoor,backdoor,1,1
3,4903,3,3,normal,normal,0,0
3,4904,3,3,normal,normal,0,0
3,4905,2,2,injection,injection,1,1
3,4906,3,3,normal,normal,0,0
3,4907,3,3,normal,normal,0,0
3,4908,3,3,normal,normal,0,0
3,4909,2,2,injection,injection,1,1
3,4910,3,3,normal,normal,0,0
3,4911,4,4,password,password,1,1
3,4912,3,3,normal,normal,0,0
3,4913,4,4,password,password,1,1
3,4914,4,4,password,password,1,1
3,4915,3,3,normal,normal,0,0
3,4916,4,4,password,password,1,1
3,4917,3,3,normal,normal,0,0
3,4918,0,0,backdoor,backdoor,1,1
3,4919,4,4,password,password,1,1
3,4920,4,4,password,password,1,1
3,4921,3,3,normal,normal,0,0
3,4922,0,0,backdoor,backdoor,1,1
3,4923,3,3,normal,normal,0,0
3,4924,2,2,injection,injection,1,1
3,4925,3,3,normal,normal,0,0
3,4926,0,2,backdoor,injection,1,1
3,4927,3,3,normal,normal,0,0
3,4928,3,3,normal,normal,0,0
3,4929,4,4,password,password,1,1
3,4930,3,3,normal,normal,0,0
3,4931,4,4,password,password,1,1
3,4932,3,3,normal,normal,0,0
3,4933,3,3,normal,normal,0,0
3,4934,4,4,password,password,1,1
3,4935,3,3,normal,normal,0,0
3,4936,3,3,normal,normal,0,0
3,4937,2,2,injection,injection,1,1
3,4938,0,0,backdoor,backdoor,1,1
3,4939,0,0,backdoor,backdoor,1,1
3,4940,3,3,normal,normal,0,0
3,4941,3,3,normal,normal,0,0
3,4942,3,3,normal,normal,0,0
3,4943,3,3,normal,normal,0,0
3,4944,2,2,injection,injection,1,1
3,4945,2,2,injection,injection,1,1
3,4946,3,3,normal,normal,0,0
3,4947,3,3,normal,normal,0,0
3,4948,0,0,backdoor,backdoor,1,1
3,4949,4,4,password,password,1,1
3,4950,2,2,injection,injection,1,1
3,4951,2,2,injection,injection,1,1
3,4952,4,4,password,password,1,1
3,4953,3,3,normal,normal,0,0
3,4954,2,2,injection,injection,1,1
3,4955,4,4,password,password,1,1
3,4956,3,3,normal,normal,0,0
3,4957,3,3,normal,normal,0,0
3,4958,3,3,normal,normal,0,0
3,4959,2,2,injection,injection,1,1
3,4960,3,3,normal,normal,0,0
3,4961,3,3,normal,normal,0,0
3,4962,3,3,normal,normal,0,0
3,4963,3,3,normal,normal,0,0
3,4964,3,3,normal,normal,0,0
3,4965,4,4,password,password,1,1
3,4966,3,3,normal,normal,0,0
3,4967,3,3,normal,normal,0,0
3,4968,4,4,password,password,1,1
3,4969,2,2,injection,injection,1,1
3,4970,4,4,password,password,1,1
3,4971,0,0,backdoor,backdoor,1,1
3,4972,3,3,normal,normal,0,0
3,4973,3,3,normal,normal,0,0
3,4974,3,3,normal,normal,0,0
3,4975,3,3,normal,normal,0,0
3,4976,3,3,normal,normal,0,0
3,4977,3,3,normal,normal,0,0
3,4978,4,4,password,password,1,1
3,4979,3,3,normal,normal,0,0
3,4980,0,0,backdoor,backdoor,1,1
3,4981,2,2,injection,injection,1,1
3,4982,4,4,password,password,1,1
3,4983,2,2,injection,injection,1,1
3,4984,3,3,normal,normal,0,0
3,4985,3,3,normal,normal,0,0
3,4986,0,0,backdoor,backdoor,1,1
3,4987,3,3,normal,normal,0,0
3,4988,0,2,backdoor,injection,1,1
3,4989,3,3,normal,normal,0,0
3,4990,0,0,backdoor,backdoor,1,1
3,4991,4,4,password,password,1,1
3,4992,4,4,password,password,1,1
3,4993,4,4,password,password,1,1
3,4994,3,3,normal,normal,0,0
3,4995,3,3,normal,normal,0,0
3,4996,3,3,normal,normal,0,0
3,4997,3,3,normal,normal,0,0
3,4998,3,3,normal,normal,0,0
3,4999,0,2,backdoor,injection,1,1
3,5000,3,3,normal,normal,0,0
3,5001,3,3,normal,normal,0,0
3,5002,0,0,backdoor,backdoor,1,1
3,5003,3,3,normal,normal,0,0
3,5004,0,0,backdoor,backdoor,1,1
3,5005,3,3,normal,normal,0,0
3,5006,2,2,injection,injection,1,1
3,5007,3,3,normal,normal,0,0
3,5008,2,2,injection,injection,1,1
3,5009,3,3,normal,normal,0,0
3,5010,3,3,normal,normal,0,0
3,5011,3,3,normal,normal,0,0
3,5012,3,3,normal,normal,0,0
3,5013,3,3,normal,normal,0,0
3,5014,2,2,injection,injection,1,1
3,5015,0,0,backdoor,backdoor,1,1
3,5016,3,3,normal,normal,0,0
3,5017,2,2,injection,injection,1,1
3,5018,3,3,normal,normal,0,0
3,5019,3,3,normal,normal,0,0
3,5020,3,3,normal,normal,0,0
3,5021,2,2,injection,injection,1,1
3,5022,3,3,normal,normal,0,0
3,5023,3,3,normal,normal,0,0
3,5024,3,3,normal,normal,0,0
3,5025,0,0,backdoor,backdoor,1,1
3,5026,3,3,normal,normal,0,0
3,5027,0,0,backdoor,backdoor,1,1
3,5028,2,2,injection,injection,1,1
3,5029,2,2,injection,injection,1,1
3,5030,3,3,normal,normal,0,0
3,5031,2,2,injection,injection,1,1
3,5032,0,0,backdoor,backdoor,1,1
3,5033,2,2,injection,injection,1,1
3,5034,0,0,backdoor,backdoor,1,1
3,5035,0,0,backdoor,backdoor,1,1
3,5036,3,3,normal,normal,0,0
3,5037,3,3,normal,normal,0,0
3,5038,3,3,normal,normal,0,0
3,5039,0,0,backdoor,backdoor,1,1
3,5040,3,3,normal,normal,0,0
3,5041,2,2,injection,injection,1,1
3,5042,3,3,normal,normal,0,0
3,5043,4,4,password,password,1,1
3,5044,3,3,normal,normal,0,0
3,5045,2,2,injection,injection,1,1
3,5046,3,3,normal,normal,0,0
3,5047,3,3,normal,normal,0,0
3,5048,3,3,normal,normal,0,0
3,5049,0,0,backdoor,backdoor,1,1
3,5050,2,2,injection,injection,1,1
3,5051,0,0,backdoor,backdoor,1,1
3,5052,2,2,injection,injection,1,1
3,5053,0,0,backdoor,backdoor,1,1
3,5054,3,3,normal,normal,0,0
3,5055,2,2,injection,injection,1,1
3,5056,3,3,normal,normal,0,0
3,5057,0,0,backdoor,backdoor,1,1
3,5058,3,3,normal,normal,0,0
3,5059,3,3,normal,normal,0,0
3,5060,3,3,normal,normal,0,0
3,5061,4,4,password,password,1,1
3,5062,3,3,normal,normal,0,0
3,5063,3,3,normal,normal,0,0
3,5064,4,4,password,password,1,1
3,5065,3,3,normal,normal,0,0
3,5066,2,2,injection,injection,1,1
3,5067,4,4,password,password,1,1
3,5068,4,4,password,password,1,1
3,5069,0,0,backdoor,backdoor,1,1
3,5070,2,2,injection,injection,1,1
3,5071,3,3,normal,normal,0,0
3,5072,3,3,normal,normal,0,0
3,5073,2,2,injection,injection,1,1
3,5074,3,3,normal,normal,0,0
3,5075,4,4,password,password,1,1
3,5076,3,3,normal,normal,0,0
3,5077,3,3,normal,normal,0,0
3,5078,2,2,injection,injection,1,1
3,5079,4,4,password,password,1,1
3,5080,4,4,password,password,1,1
3,5081,3,3,normal,normal,0,0
3,5082,3,3,normal,normal,0,0
3,5083,4,4,password,password,1,1
3,5084,3,3,normal,normal,0,0
3,5085,4,4,password,password,1,1
3,5086,3,3,normal,normal,0,0
3,5087,3,3,normal,normal,0,0
3,5088,4,4,password,password,1,1
3,5089,3,3,normal,normal,0,0
3,5090,4,4,password,password,1,1
3,5091,0,0,backdoor,backdoor,1,1
3,5092,3,3,normal,normal,0,0
3,5093,2,2,injection,injection,1,1
3,5094,3,3,normal,normal,0,0
3,5095,2,2,injection,injection,1,1
3,5096,3,3,normal,normal,0,0
3,5097,3,3,normal,normal,0,0
3,5098,3,3,normal,normal,0,0
3,5099,4,4,password,password,1,1
3,5100,3,3,normal,normal,0,0
3,5101,4,4,password,password,1,1
3,5102,0,0,backdoor,backdoor,1,1
3,5103,4,4,password,password,1,1
3,5104,3,3,normal,normal,0,0
3,5105,0,0,backdoor,backdoor,1,1
3,5106,4,4,password,password,1,1
3,5107,3,3,normal,normal,0,0
3,5108,0,0,backdoor,backdoor,1,1
3,5109,3,3,normal,normal,0,0
3,5110,3,3,normal,normal,0,0
3,5111,3,3,normal,normal,0,0
3,5112,3,3,normal,normal,0,0
3,5113,3,3,normal,normal,0,0
3,5114,2,2,injection,injection,1,1
3,5115,3,3,normal,normal,0,0
3,5116,3,3,normal,normal,0,0
3,5117,2,2,injection,injection,1,1
3,5118,4,4,password,password,1,1
3,5119,0,0,backdoor,backdoor,1,1
3,5120,2,2,injection,injection,1,1
3,5121,3,3,normal,normal,0,0
3,5122,0,0,backdoor,backdoor,1,1
3,5123,3,3,normal,normal,0,0
3,5124,3,3,normal,normal,0,0
3,5125,3,3,normal,normal,0,0
3,5126,3,3,normal,normal,0,0
3,5127,0,3,backdoor,normal,1,0
3,5128,0,0,backdoor,backdoor,1,1
3,5129,3,3,normal,normal,0,0
3,5130,0,0,backdoor,backdoor,1,1
3,5131,3,3,normal,normal,0,0
3,5132,3,3,normal,normal,0,0
3,5133,4,4,password,password,1,1
3,5134,3,3,normal,normal,0,0
3,5135,0,0,backdoor,backdoor,1,1
3,5136,2,2,injection,injection,1,1
3,5137,3,3,normal,normal,0,0
3,5138,2,2,injection,injection,1,1
3,5139,3,3,normal,normal,0,0
3,5140,3,3,normal,normal,0,0
3,5141,3,3,normal,normal,0,0
3,5142,3,3,normal,normal,0,0
3,5143,3,3,normal,normal,0,0
3,5144,0,0,backdoor,backdoor,1,1
3,5145,4,4,password,password,1,1
3,5146,3,3,normal,normal,0,0
3,5147,3,3,normal,normal,0,0
3,5148,3,3,normal,normal,0,0
3,5149,4,4,password,password,1,1
3,5150,2,2,injection,injection,1,1
3,5151,3,3,normal,normal,0,0
3,5152,3,3,normal,normal,0,0
3,5153,3,3,normal,normal,0,0
3,5154,3,3,normal,normal,0,0
3,5155,2,2,injection,injection,1,1
3,5156,3,3,normal,normal,0,0
3,5157,3,3,normal,normal,0,0
3,5158,3,3,normal,normal,0,0
3,5159,0,0,backdoor,backdoor,1,1
3,5160,3,3,normal,normal,0,0
3,5161,4,4,password,password,1,1
3,5162,2,2,injection,injection,1,1
3,5163,3,3,normal,normal,0,0
3,5164,3,3,normal,normal,0,0
3,5165,3,3,normal,normal,0,0
3,5166,3,3,normal,normal,0,0
3,5167,3,3,normal,normal,0,0
3,5168,3,3,normal,normal,0,0
3,5169,0,0,backdoor,backdoor,1,1
3,5170,4,4,password,password,1,1
3,5171,3,3,normal,normal,0,0
3,5172,2,2,injection,injection,1,1
3,5173,3,3,normal,normal,0,0
3,5174,4,4,password,password,1,1
3,5175,0,0,backdoor,backdoor,1,1
3,5176,2,2,injection,injection,1,1
3,5177,3,3,normal,normal,0,0
3,5178,3,3,normal,normal,0,0
3,5179,2,2,injection,injection,1,1
3,5180,2,2,injection,injection,1,1
3,5181,4,4,password,password,1,1
3,5182,3,3,normal,normal,0,0
3,5183,0,0,backdoor,backdoor,1,1
3,5184,2,2,injection,injection,1,1
3,5185,3,3,normal,normal,0,0
3,5186,2,2,injection,injection,1,1
3,5187,4,4,password,password,1,1
3,5188,3,3,normal,normal,0,0
3,5189,3,3,normal,normal,0,0
3,5190,2,2,injection,injection,1,1
3,5191,0,3,backdoor,normal,1,0
3,5192,3,3,normal,normal,0,0
3,5193,3,3,normal,normal,0,0
3,5194,0,2,backdoor,injection,1,1
3,5195,0,0,backdoor,backdoor,1,1
3,5196,3,3,normal,normal,0,0
3,5197,3,3,normal,normal,0,0
3,5198,4,4,password,password,1,1
3,5199,2,2,injection,injection,1,1
3,5200,3,3,normal,normal,0,0
3,5201,3,3,normal,normal,0,0
3,5202,3,3,normal,normal,0,0
3,5203,2,2,injection,injection,1,1
3,5204,3,3,normal,normal,0,0
3,5205,0,0,backdoor,backdoor,1,1
3,5206,3,3,normal,normal,0,0
3,5207,3,3,normal,normal,0,0
3,5208,3,3,normal,normal,0,0
3,5209,3,3,normal,normal,0,0
3,5210,3,3,normal,normal,0,0
3,5211,3,3,normal,normal,0,0
3,5212,3,3,normal,normal,0,0
3,5213,4,4,password,password,1,1
3,5214,2,2,injection,injection,1,1
3,5215,3,3,normal,normal,0,0
3,5216,3,3,normal,normal,0,0
3,5217,3,3,normal,normal,0,0
3,5218,4,4,password,password,1,1
3,5219,0,0,backdoor,backdoor,1,1
3,5220,2,2,injection,injection,1,1
3,5221,2,2,injection,injection,1,1
3,5222,4,4,password,password,1,1
3,5223,2,2,injection,injection,1,1
3,5224,3,3,normal,normal,0,0
3,5225,3,3,normal,normal,0,0
3,5226,3,3,normal,normal,0,0
3,5227,4,4,password,password,1,1
3,5228,4,4,password,password,1,1
3,5229,3,3,normal,normal,0,0
3,5230,4,4,password,password,1,1
3,5231,3,3,normal,normal,0,0
3,5232,3,3,normal,normal,0,0
3,5233,3,3,normal,normal,0,0
3,5234,3,3,normal,normal,0,0
3,5235,3,3,normal,normal,0,0
3,5236,3,3,normal,normal,0,0
3,5237,3,3,normal,normal,0,0
3,5238,0,0,backdoor,backdoor,1,1
3,5239,3,3,normal,normal,0,0
3,5240,4,4,password,password,1,1
3,5241,0,0,backdoor,backdoor,1,1
3,5242,0,0,backdoor,backdoor,1,1
3,5243,4,4,password,password,1,1
3,5244,4,4,password,password,1,1
3,5245,0,0,backdoor,backdoor,1,1
3,5246,3,3,normal,normal,0,0
3,5247,3,3,normal,normal,0,0
3,5248,3,3,normal,normal,0,0
3,5249,3,3,normal,normal,0,0
3,5250,2,2,injection,injection,1,1
3,5251,2,2,injection,injection,1,1
3,5252,2,2,injection,injection,1,1
3,5253,4,4,password,password,1,1
3,5254,0,0,backdoor,backdoor,1,1
3,5255,0,0,backdoor,backdoor,1,1
3,5256,4,4,password,password,1,1
3,5257,2,2,injection,injection,1,1
3,5258,0,0,backdoor,backdoor,1,1
3,5259,3,3,normal,normal,0,0
3,5260,4,4,password,password,1,1
3,5261,3,3,normal,normal,0,0
3,5262,3,3,normal,normal,0,0
3,5263,2,2,injection,injection,1,1
3,5264,3,3,normal,normal,0,0
3,5265,0,0,backdoor,backdoor,1,1
3,5266,3,3,normal,normal,0,0
3,5267,3,3,normal,normal,0,0
3,5268,3,3,normal,normal,0,0
3,5269,0,3,backdoor,normal,1,0
3,5270,0,0,backdoor,backdoor,1,1
3,5271,3,3,normal,normal,0,0
3,5272,3,3,normal,normal,0,0
3,5273,3,3,normal,normal,0,0
3,5274,3,3,normal,normal,0,0
3,5275,4,4,password,password,1,1
3,5276,3,3,normal,normal,0,0
3,5277,4,4,password,password,1,1
3,5278,4,4,password,password,1,1
3,5279,2,2,injection,injection,1,1
3,5280,3,3,normal,normal,0,0
3,5281,3,3,normal,normal,0,0
3,5282,4,4,password,password,1,1
3,5283,2,2,injection,injection,1,1
3,5284,2,2,injection,injection,1,1
3,5285,0,2,backdoor,injection,1,1
3,5286,2,2,injection,injection,1,1
3,5287,3,3,normal,normal,0,0
3,5288,0,0,backdoor,backdoor,1,1
3,5289,4,4,password,password,1,1
3,5290,0,0,backdoor,backdoor,1,1
3,5291,4,4,password,password,1,1
3,5292,3,3,normal,normal,0,0
3,5293,3,3,normal,normal,0,0
3,5294,3,3,normal,normal,0,0
3,5295,3,3,normal,normal,0,0
3,5296,2,2,injection,injection,1,1
3,5297,0,0,backdoor,backdoor,1,1
3,5298,0,0,backdoor,backdoor,1,1
3,5299,0,0,backdoor,backdoor,1,1
3,5300,4,4,password,password,1,1
3,5301,3,3,normal,normal,0,0
3,5302,2,2,injection,injection,1,1
3,5303,0,0,backdoor,backdoor,1,1
3,5304,2,2,injection,injection,1,1
3,5305,4,4,password,password,1,1
3,5306,4,4,password,password,1,1
3,5307,3,3,normal,normal,0,0
3,5308,3,3,normal,normal,0,0
3,5309,0,0,backdoor,backdoor,1,1
3,5310,4,4,password,password,1,1
3,5311,3,3,normal,normal,0,0
3,5312,3,3,normal,normal,0,0
3,5313,0,2,backdoor,injection,1,1
3,5314,0,0,backdoor,backdoor,1,1
3,5315,3,3,normal,normal,0,0
3,5316,2,2,injection,injection,1,1
3,5317,3,3,normal,normal,0,0
3,5318,4,4,password,password,1,1
3,5319,3,3,normal,normal,0,0
3,5320,3,3,normal,normal,0,0
3,5321,3,3,normal,normal,0,0
3,5322,2,2,injection,injection,1,1
3,5323,3,3,normal,normal,0,0
3,5324,3,3,normal,normal,0,0
3,5325,4,4,password,password,1,1
3,5326,3,3,normal,normal,0,0
3,5327,0,3,backdoor,normal,1,0
3,5328,4,4,password,password,1,1
3,5329,2,2,injection,injection,1,1
3,5330,2,2,injection,injection,1,1
3,5331,2,2,injection,injection,1,1
3,5332,3,3,normal,normal,0,0
3,5333,4,4,password,password,1,1
3,5334,4,4,password,password,1,1
3,5335,2,2,injection,injection,1,1
3,5336,3,3,normal,normal,0,0
3,5337,3,3,normal,normal,0,0
3,5338,4,4,password,password,1,1
3,5339,2,2,injection,injection,1,1
3,5340,3,3,normal,normal,0,0
3,5341,3,3,normal,normal,0,0
3,5342,2,2,injection,injection,1,1
3,5343,3,3,normal,normal,0,0
3,5344,3,3,normal,normal,0,0
3,5345,3,3,normal,normal,0,0
3,5346,3,3,normal,normal,0,0
3,5347,3,3,normal,normal,0,0
3,5348,0,0,backdoor,backdoor,1,1
3,5349,4,4,password,password,1,1
3,5350,4,4,password,password,1,1
3,5351,4,4,password,password,1,1
3,5352,2,2,injection,injection,1,1
3,5353,3,3,normal,normal,0,0
3,5354,2,2,injection,injection,1,1
3,5355,4,4,password,password,1,1
3,5356,3,3,normal,normal,0,0
3,5357,3,3,normal,normal,0,0
3,5358,3,3,normal,normal,0,0
3,5359,0,2,backdoor,injection,1,1
3,5360,2,2,injection,injection,1,1
3,5361,3,3,normal,normal,0,0
3,5362,3,3,normal,normal,0,0
3,5363,0,0,backdoor,backdoor,1,1
3,5364,3,3,normal,normal,0,0
3,5365,3,3,normal,normal,0,0
3,5366,2,2,injection,injection,1,1
3,5367,2,2,injection,injection,1,1
3,5368,2,2,injection,injection,1,1
3,5369,4,4,password,password,1,1
3,5370,4,4,password,password,1,1
3,5371,2,2,injection,injection,1,1
3,5372,2,2,injection,injection,1,1
3,5373,3,3,normal,normal,0,0
3,5374,3,3,normal,normal,0,0
3,5375,3,3,normal,normal,0,0
3,5376,4,4,password,password,1,1
3,5377,3,3,normal,normal,0,0
3,5378,3,3,normal,normal,0,0
3,5379,4,4,password,password,1,1
3,5380,2,2,injection,injection,1,1
3,5381,3,3,normal,normal,0,0
3,5382,3,3,normal,normal,0,0
3,5383,3,3,normal,normal,0,0
3,5384,4,4,password,password,1,1
3,5385,2,2,injection,injection,1,1
3,5386,4,4,password,password,1,1
3,5387,2,2,injection,injection,1,1
3,5388,0,0,backdoor,backdoor,1,1
3,5389,3,3,normal,normal,0,0
3,5390,4,4,password,password,1,1
3,5391,3,3,normal,normal,0,0
3,5392,2,2,injection,injection,1,1
3,5393,3,3,normal,normal,0,0
3,5394,4,4,password,password,1,1
3,5395,0,0,backdoor,backdoor,1,1
3,5396,3,3,normal,normal,0,0
3,5397,3,3,normal,normal,0,0
3,5398,3,3,normal,normal,0,0
3,5399,2,2,injection,injection,1,1
3,5400,2,2,injection,injection,1,1
3,5401,2,2,injection,injection,1,1
3,5402,3,3,normal,normal,0,0
3,5403,3,3,normal,normal,0,0
3,5404,3,3,normal,normal,0,0
3,5405,2,2,injection,injection,1,1
3,5406,0,0,backdoor,backdoor,1,1
3,5407,3,3,normal,normal,0,0
3,5408,3,3,normal,normal,0,0
3,5409,4,4,password,password,1,1
3,5410,2,2,injection,injection,1,1
3,5411,3,3,normal,normal,0,0
3,5412,2,2,injection,injection,1,1
3,5413,0,2,backdoor,injection,1,1
3,5414,2,2,injection,injection,1,1
3,5415,3,3,normal,normal,0,0
3,5416,0,2,backdoor,injection,1,1
3,5417,3,3,normal,normal,0,0
3,5418,2,2,injection,injection,1,1
3,5419,3,3,normal,normal,0,0
3,5420,4,4,password,password,1,1
3,5421,3,3,normal,normal,0,0
3,5422,3,3,normal,normal,0,0
3,5423,4,4,password,password,1,1
3,5424,3,3,normal,normal,0,0
3,5425,4,4,password,password,1,1
3,5426,3,3,normal,normal,0,0
3,5427,2,2,injection,injection,1,1
3,5428,3,3,normal,normal,0,0
3,5429,3,3,normal,normal,0,0
3,5430,0,0,backdoor,backdoor,1,1
3,5431,4,4,password,password,1,1
3,5432,3,3,normal,normal,0,0
3,5433,2,2,injection,injection,1,1
3,5434,3,3,normal,normal,0,0
3,5435,0,0,backdoor,backdoor,1,1
3,5436,2,2,injection,injection,1,1
3,5437,2,2,injection,injection,1,1
3,5438,4,4,password,password,1,1
3,5439,3,3,normal,normal,0,0
3,5440,3,3,normal,normal,0,0
3,5441,3,3,normal,normal,0,0
3,5442,3,3,normal,normal,0,0
3,5443,3,3,normal,normal,0,0
3,5444,3,3,normal,normal,0,0
3,5445,3,3,normal,normal,0,0
3,5446,3,3,normal,normal,0,0
3,5447,3,3,normal,normal,0,0
3,5448,3,3,normal,normal,0,0
3,5449,3,3,normal,normal,0,0
3,5450,4,4,password,password,1,1
3,5451,2,2,injection,injection,1,1
3,5452,3,3,normal,normal,0,0
3,5453,2,2,injection,injection,1,1
3,5454,3,3,normal,normal,0,0
3,5455,3,3,normal,normal,0,0
3,5456,3,3,normal,normal,0,0
3,5457,0,0,backdoor,backdoor,1,1
3,5458,0,0,backdoor,backdoor,1,1
3,5459,3,3,normal,normal,0,0
3,5460,4,4,password,password,1,1
3,5461,3,3,normal,normal,0,0
3,5462,0,2,backdoor,injection,1,1
3,5463,0,0,backdoor,backdoor,1,1
3,5464,3,3,normal,normal,0,0
3,5465,0,0,backdoor,backdoor,1,1
3,5466,3,3,normal,normal,0,0
3,5467,3,3,normal,normal,0,0
3,5468,3,3,normal,normal,0,0
3,5469,0,0,backdoor,backdoor,1,1
3,5470,3,3,normal,normal,0,0
3,5471,3,3,normal,normal,0,0
3,5472,3,3,normal,normal,0,0
3,5473,3,3,normal,normal,0,0
3,5474,3,3,normal,normal,0,0
3,5475,2,2,injection,injection,1,1
3,5476,3,3,normal,normal,0,0
3,5477,3,3,normal,normal,0,0
3,5478,4,4,password,password,1,1
3,5479,0,0,backdoor,backdoor,1,1
3,5480,2,2,injection,injection,1,1
3,5481,3,3,normal,normal,0,0
3,5482,3,3,normal,normal,0,0
3,5483,3,3,normal,normal,0,0
3,5484,2,2,injection,injection,1,1
3,5485,4,4,password,password,1,1
3,5486,2,2,injection,injection,1,1
3,5487,3,3,normal,normal,0,0
3,5488,3,3,normal,normal,0,0
3,5489,3,3,normal,normal,0,0
3,5490,3,3,normal,normal,0,0
3,5491,0,0,backdoor,backdoor,1,1
3,5492,3,3,normal,normal,0,0
3,5493,2,2,injection,injection,1,1
3,5494,0,0,backdoor,backdoor,1,1
3,5495,3,3,normal,normal,0,0
3,5496,4,4,password,password,1,1
3,5497,3,3,normal,normal,0,0
3,5498,4,4,password,password,1,1
3,5499,0,0,backdoor,backdoor,1,1
3,5500,0,2,backdoor,injection,1,1
3,5501,3,3,normal,normal,0,0
3,5502,0,0,backdoor,backdoor,1,1
3,5503,3,3,normal,normal,0,0
3,5504,3,3,normal,normal,0,0
3,5505,3,3,normal,normal,0,0
3,5506,0,2,backdoor,injection,1,1
3,5507,2,2,injection,injection,1,1
3,5508,4,4,password,password,1,1
3,5509,3,3,normal,normal,0,0
3,5510,0,2,backdoor,injection,1,1
3,5511,3,3,normal,normal,0,0
3,5512,4,4,password,password,1,1
3,5513,3,3,normal,normal,0,0
3,5514,2,2,injection,injection,1,1
3,5515,3,3,normal,normal,0,0
3,5516,3,3,normal,normal,0,0
3,5517,4,4,password,password,1,1
3,5518,3,3,normal,normal,0,0
3,5519,3,3,normal,normal,0,0
3,5520,3,3,normal,normal,0,0
3,5521,3,3,normal,normal,0,0
3,5522,4,4,password,password,1,1
3,5523,3,3,normal,normal,0,0
3,5524,3,3,normal,normal,0,0
3,5525,3,3,normal,normal,0,0
3,5526,3,3,normal,normal,0,0
3,5527,2,2,injection,injection,1,1
3,5528,3,3,normal,normal,0,0
3,5529,3,3,normal,normal,0,0
3,5530,2,2,injection,injection,1,1
3,5531,0,0,backdoor,backdoor,1,1
3,5532,3,3,normal,normal,0,0
3,5533,3,3,normal,normal,0,0
3,5534,2,2,injection,injection,1,1
3,5535,3,3,normal,normal,0,0
3,5536,3,3,normal,normal,0,0
3,5537,0,0,backdoor,backdoor,1,1
3,5538,3,3,normal,normal,0,0
3,5539,0,0,backdoor,backdoor,1,1
3,5540,2,2,injection,injection,1,1
3,5541,4,4,password,password,1,1
3,5542,3,3,normal,normal,0,0
3,5543,0,0,backdoor,backdoor,1,1
3,5544,2,2,injection,injection,1,1
3,5545,4,4,password,password,1,1
3,5546,0,0,backdoor,backdoor,1,1
3,5547,3,3,normal,normal,0,0
3,5548,4,4,password,password,1,1
3,5549,2,2,injection,injection,1,1
3,5550,3,3,normal,normal,0,0
3,5551,0,0,backdoor,backdoor,1,1
3,5552,0,2,backdoor,injection,1,1
3,5553,0,0,backdoor,backdoor,1,1
3,5554,3,3,normal,normal,0,0
3,5555,3,3,normal,normal,0,0
3,5556,3,3,normal,normal,0,0
3,5557,3,3,normal,normal,0,0
3,5558,3,3,normal,normal,0,0
3,5559,0,0,backdoor,backdoor,1,1
3,5560,4,4,password,password,1,1
3,5561,2,2,injection,injection,1,1
3,5562,3,3,normal,normal,0,0
3,5563,0,0,backdoor,backdoor,1,1
3,5564,0,2,backdoor,injection,1,1
3,5565,4,4,password,password,1,1
3,5566,4,4,password,password,1,1
3,5567,2,2,injection,injection,1,1
3,5568,3,3,normal,normal,0,0
3,5569,3,3,normal,normal,0,0
3,5570,3,3,normal,normal,0,0
3,5571,2,2,injection,injection,1,1
3,5572,2,2,injection,injection,1,1
3,5573,2,2,injection,injection,1,1
3,5574,4,4,password,password,1,1
3,5575,2,2,injection,injection,1,1
3,5576,3,3,normal,normal,0,0
3,5577,4,4,password,password,1,1
3,5578,2,2,injection,injection,1,1
3,5579,3,3,normal,normal,0,0
3,5580,3,3,normal,normal,0,0
3,5581,4,4,password,password,1,1
3,5582,0,0,backdoor,backdoor,1,1
3,5583,4,4,password,password,1,1
3,5584,2,2,injection,injection,1,1
3,5585,3,3,normal,normal,0,0
3,5586,3,3,normal,normal,0,0
3,5587,3,3,normal,normal,0,0
3,5588,3,3,normal,normal,0,0
3,5589,4,4,password,password,1,1
3,5590,3,3,normal,normal,0,0
3,5591,3,3,normal,normal,0,0
3,5592,3,3,normal,normal,0,0
3,5593,3,3,normal,normal,0,0
3,5594,3,3,normal,normal,0,0
3,5595,3,3,normal,normal,0,0
3,5596,0,0,backdoor,backdoor,1,1
3,5597,3,3,normal,normal,0,0
3,5598,3,3,normal,normal,0,0
3,5599,3,3,normal,normal,0,0
3,5600,4,4,password,password,1,1
3,5601,4,4,password,password,1,1
3,5602,4,4,password,password,1,1
3,5603,3,3,normal,normal,0,0
3,5604,4,4,password,password,1,1
3,5605,3,3,normal,normal,0,0
3,5606,0,0,backdoor,backdoor,1,1
3,5607,2,2,injection,injection,1,1
3,5608,3,3,normal,normal,0,0
3,5609,4,4,password,password,1,1
3,5610,3,3,normal,normal,0,0
3,5611,4,4,password,password,1,1
3,5612,2,2,injection,injection,1,1
3,5613,4,4,password,password,1,1
3,5614,2,2,injection,injection,1,1
3,5615,4,4,password,password,1,1
3,5616,3,3,normal,normal,0,0
3,5617,3,3,normal,normal,0,0
3,5618,0,0,backdoor,backdoor,1,1
3,5619,3,3,normal,normal,0,0
3,5620,3,3,normal,normal,0,0
3,5621,3,3,normal,normal,0,0
3,5622,3,3,normal,normal,0,0
3,5623,3,3,normal,normal,0,0
3,5624,4,4,password,password,1,1
3,5625,0,0,backdoor,backdoor,1,1
3,5626,3,3,normal,normal,0,0
3,5627,3,3,normal,normal,0,0
3,5628,0,0,backdoor,backdoor,1,1
3,5629,0,0,backdoor,backdoor,1,1
3,5630,3,3,normal,normal,0,0
3,5631,3,3,normal,normal,0,0
3,5632,2,2,injection,injection,1,1
3,5633,3,3,normal,normal,0,0
3,5634,3,3,normal,normal,0,0
3,5635,3,3,normal,normal,0,0
3,5636,3,3,normal,normal,0,0
3,5637,2,2,injection,injection,1,1
3,5638,4,4,password,password,1,1
3,5639,3,3,normal,normal,0,0
3,5640,3,3,normal,normal,0,0
3,5641,3,3,normal,normal,0,0
3,5642,3,3,normal,normal,0,0
3,5643,4,4,password,password,1,1
3,5644,2,2,injection,injection,1,1
3,5645,3,3,normal,normal,0,0
3,5646,3,3,normal,normal,0,0
3,5647,0,0,backdoor,backdoor,1,1
3,5648,0,0,backdoor,backdoor,1,1
3,5649,3,3,normal,normal,0,0
3,5650,4,4,password,password,1,1
3,5651,3,3,normal,normal,0,0
3,5652,3,3,normal,normal,0,0
3,5653,3,3,normal,normal,0,0
3,5654,3,3,normal,normal,0,0
3,5655,3,3,normal,normal,0,0
3,5656,3,3,normal,normal,0,0
3,5657,3,3,normal,normal,0,0
3,5658,3,3,normal,normal,0,0
3,5659,3,3,normal,normal,0,0
3,5660,3,3,normal,normal,0,0
3,5661,3,3,normal,normal,0,0
3,5662,2,2,injection,injection,1,1
3,5663,3,3,normal,normal,0,0
3,5664,4,4,password,password,1,1
3,5665,0,0,backdoor,backdoor,1,1
3,5666,3,3,normal,normal,0,0
3,5667,4,4,password,password,1,1
3,5668,3,3,normal,normal,0,0
3,5669,4,4,password,password,1,1
3,5670,4,4,password,password,1,1
3,5671,4,4,password,password,1,1
3,5672,3,3,normal,normal,0,0
3,5673,2,2,injection,injection,1,1
3,5674,0,2,backdoor,injection,1,1
3,5675,3,3,normal,normal,0,0
3,5676,2,2,injection,injection,1,1
3,5677,0,0,backdoor,backdoor,1,1
3,5678,3,3,normal,normal,0,0
3,5679,0,0,backdoor,backdoor,1,1
3,5680,3,3,normal,normal,0,0
3,5681,2,2,injection,injection,1,1
3,5682,0,0,backdoor,backdoor,1,1
3,5683,3,3,normal,normal,0,0
3,5684,3,3,normal,normal,0,0
3,5685,4,4,password,password,1,1
3,5686,3,3,normal,normal,0,0
3,5687,3,3,normal,normal,0,0
3,5688,4,4,password,password,1,1
3,5689,3,3,normal,normal,0,0
3,5690,3,3,normal,normal,0,0
3,5691,2,2,injection,injection,1,1
3,5692,4,4,password,password,1,1
3,5693,2,2,injection,injection,1,1
3,5694,2,2,injection,injection,1,1
3,5695,3,3,normal,normal,0,0
3,5696,3,3,normal,normal,0,0
3,5697,3,3,normal,normal,0,0
3,5698,3,3,normal,normal,0,0
3,5699,2,2,injection,injection,1,1
3,5700,2,2,injection,injection,1,1
3,5701,2,2,injection,injection,1,1
3,5702,4,4,password,password,1,1
3,5703,2,2,injection,injection,1,1
3,5704,0,0,backdoor,backdoor,1,1
3,5705,3,3,normal,normal,0,0
3,5706,3,3,normal,normal,0,0
3,5707,3,3,normal,normal,0,0
3,5708,3,3,normal,normal,0,0
3,5709,3,3,normal,normal,0,0
3,5710,0,0,backdoor,backdoor,1,1
3,5711,3,3,normal,normal,0,0
3,5712,3,3,normal,normal,0,0
3,5713,4,4,password,password,1,1
3,5714,4,4,password,password,1,1
3,5715,2,2,injection,injection,1,1
3,5716,3,3,normal,normal,0,0
3,5717,2,2,injection,injection,1,1
3,5718,0,0,backdoor,backdoor,1,1
3,5719,3,3,normal,normal,0,0
3,5720,3,3,normal,normal,0,0
3,5721,4,4,password,password,1,1
3,5722,4,4,password,password,1,1
3,5723,3,3,normal,normal,0,0
3,5724,3,3,normal,normal,0,0
3,5725,4,4,password,password,1,1
3,5726,3,3,normal,normal,0,0
3,5727,3,3,normal,normal,0,0
3,5728,0,0,backdoor,backdoor,1,1
3,5729,3,3,normal,normal,0,0
3,5730,4,4,password,password,1,1
3,5731,3,3,normal,normal,0,0
3,5732,3,3,normal,normal,0,0
3,5733,2,2,injection,injection,1,1
3,5734,2,2,injection,injection,1,1
3,5735,0,0,backdoor,backdoor,1,1
3,5736,3,3,normal,normal,0,0
3,5737,3,3,normal,normal,0,0
3,5738,0,0,backdoor,backdoor,1,1
3,5739,4,4,password,password,1,1
3,5740,4,4,password,password,1,1
3,5741,2,2,injection,injection,1,1
3,5742,3,3,normal,normal,0,0
3,5743,3,3,normal,normal,0,0
3,5744,4,4,password,password,1,1
3,5745,3,3,normal,normal,0,0
3,5746,3,3,normal,normal,0,0
3,5747,4,4,password,password,1,1
3,5748,0,0,backdoor,backdoor,1,1
3,5749,3,3,normal,normal,0,0
3,5750,3,3,normal,normal,0,0
3,5751,3,3,normal,normal,0,0
3,5752,3,3,normal,normal,0,0
3,5753,4,4,password,password,1,1
3,5754,3,3,normal,normal,0,0
3,5755,3,3,normal,normal,0,0
3,5756,3,3,normal,normal,0,0
3,5757,3,3,normal,normal,0,0
3,5758,0,0,backdoor,backdoor,1,1
3,5759,2,2,injection,injection,1,1
3,5760,0,0,backdoor,backdoor,1,1
3,5761,3,3,normal,normal,0,0
3,5762,4,4,password,password,1,1
3,5763,4,4,password,password,1,1
3,5764,3,3,normal,normal,0,0
3,5765,2,2,injection,injection,1,1
3,5766,3,3,normal,normal,0,0
3,5767,0,2,backdoor,injection,1,1
3,5768,3,3,normal,normal,0,0
3,5769,3,3,normal,normal,0,0
3,5770,4,4,password,password,1,1
3,5771,0,0,backdoor,backdoor,1,1
3,5772,2,2,injection,injection,1,1
3,5773,3,3,normal,normal,0,0
3,5774,3,3,normal,normal,0,0
3,5775,4,4,password,password,1,1
3,5776,3,3,normal,normal,0,0
3,5777,2,2,injection,injection,1,1
3,5778,3,3,normal,normal,0,0
3,5779,0,0,backdoor,backdoor,1,1
3,5780,3,3,normal,normal,0,0
3,5781,4,4,password,password,1,1
3,5782,3,3,normal,normal,0,0
3,5783,3,3,normal,normal,0,0
3,5784,3,3,normal,normal,0,0
3,5785,3,3,normal,normal,0,0
3,5786,3,3,normal,normal,0,0
3,5787,3,3,normal,normal,0,0
3,5788,3,3,normal,normal,0,0
3,5789,2,2,injection,injection,1,1
3,5790,3,3,normal,normal,0,0
3,5791,3,3,normal,normal,0,0
3,5792,3,3,normal,normal,0,0
3,5793,0,0,backdoor,backdoor,1,1
3,5794,3,3,normal,normal,0,0
3,5795,2,2,injection,injection,1,1
3,5796,4,4,password,password,1,1
3,5797,4,4,password,password,1,1
3,5798,3,3,normal,normal,0,0
3,5799,3,3,normal,normal,0,0
3,5800,0,0,backdoor,backdoor,1,1
3,5801,3,3,normal,normal,0,0
3,5802,3,3,normal,normal,0,0
3,5803,3,3,normal,normal,0,0
3,5804,3,3,normal,normal,0,0
3,5805,0,0,backdoor,backdoor,1,1
3,5806,3,3,normal,normal,0,0
3,5807,3,3,normal,normal,0,0
3,5808,3,3,normal,normal,0,0
3,5809,4,4,password,password,1,1
3,5810,3,3,normal,normal,0,0
3,5811,3,3,normal,normal,0,0
3,5812,0,0,backdoor,backdoor,1,1
3,5813,2,2,injection,injection,1,1
3,5814,2,2,injection,injection,1,1
3,5815,3,3,normal,normal,0,0
3,5816,2,2,injection,injection,1,1
3,5817,3,3,normal,normal,0,0
3,5818,2,2,injection,injection,1,1
3,5819,4,4,password,password,1,1
3,5820,2,2,injection,injection,1,1
3,5821,4,4,password,password,1,1
3,5822,3,3,normal,normal,0,0
3,5823,2,2,injection,injection,1,1
3,5824,3,3,normal,normal,0,0
3,5825,4,4,password,password,1,1
3,5826,2,2,injection,injection,1,1
3,5827,3,3,normal,normal,0,0
3,5828,3,3,normal,normal,0,0
3,5829,3,3,normal,normal,0,0
3,5830,3,3,normal,normal,0,0
3,5831,4,4,password,password,1,1
3,5832,3,3,normal,normal,0,0
3,5833,3,3,normal,normal,0,0
3,5834,0,2,backdoor,injection,1,1
3,5835,3,3,normal,normal,0,0
3,5836,3,3,normal,normal,0,0
3,5837,3,3,normal,normal,0,0
3,5838,4,4,password,password,1,1
3,5839,3,3,normal,normal,0,0
3,5840,3,3,normal,normal,0,0
3,5841,4,4,password,password,1,1
3,5842,3,3,normal,normal,0,0
3,5843,2,2,injection,injection,1,1
3,5844,0,0,backdoor,backdoor,1,1
3,5845,2,0,injection,backdoor,1,1
3,5846,4,4,password,password,1,1
3,5847,3,3,normal,normal,0,0
3,5848,3,3,normal,normal,0,0
3,5849,3,3,normal,normal,0,0
3,5850,4,4,password,password,1,1
3,5851,4,4,password,password,1,1
3,5852,3,3,normal,normal,0,0
3,5853,0,0,backdoor,backdoor,1,1
3,5854,3,3,normal,normal,0,0
3,5855,3,3,normal,normal,0,0
3,5856,3,3,normal,normal,0,0
3,5857,0,0,backdoor,backdoor,1,1
3,5858,3,3,normal,normal,0,0
3,5859,3,3,normal,normal,0,0
3,5860,3,3,normal,normal,0,0
3,5861,3,3,normal,normal,0,0
3,5862,3,3,normal,normal,0,0
3,5863,2,2,injection,injection,1,1
3,5864,3,3,normal,normal,0,0
3,5865,3,3,normal,normal,0,0
3,5866,3,3,normal,normal,0,0
3,5867,3,3,normal,normal,0,0
3,5868,4,4,password,password,1,1
3,5869,3,3,normal,normal,0,0
3,5870,2,2,injection,injection,1,1
3,5871,3,3,normal,normal,0,0
3,5872,3,3,normal,normal,0,0
3,5873,3,3,normal,normal,0,0
3,5874,2,2,injection,injection,1,1
3,5875,0,0,backdoor,backdoor,1,1
3,5876,2,2,injection,injection,1,1
3,5877,2,2,injection,injection,1,1
3,5878,3,3,normal,normal,0,0
3,5879,3,3,normal,normal,0,0
3,5880,4,4,password,password,1,1
3,5881,4,4,password,password,1,1
3,5882,0,2,backdoor,injection,1,1
3,5883,2,2,injection,injection,1,1
3,5884,2,2,injection,injection,1,1
3,5885,0,0,backdoor,backdoor,1,1
3,5886,2,2,injection,injection,1,1
3,5887,4,4,password,password,1,1
3,5888,3,3,normal,normal,0,0
3,5889,3,3,normal,normal,0,0
3,5890,3,3,normal,normal,0,0
3,5891,3,3,normal,normal,0,0
3,5892,2,2,injection,injection,1,1
3,5893,4,4,password,password,1,1
3,5894,0,0,backdoor,backdoor,1,1
3,5895,2,2,injection,injection,1,1
3,5896,2,2,injection,injection,1,1
3,5897,2,2,injection,injection,1,1
3,5898,3,3,normal,normal,0,0
3,5899,4,4,password,password,1,1
3,5900,3,3,normal,normal,0,0
3,5901,0,0,backdoor,backdoor,1,1
3,5902,3,3,normal,normal,0,0
3,5903,0,0,backdoor,backdoor,1,1
3,5904,3,3,normal,normal,0,0
3,5905,2,2,injection,injection,1,1
3,5906,3,3,normal,normal,0,0
3,5907,0,0,backdoor,backdoor,1,1
3,5908,3,3,normal,normal,0,0
3,5909,3,3,normal,normal,0,0
3,5910,0,2,backdoor,injection,1,1
3,5911,0,2,backdoor,injection,1,1
3,5912,3,3,normal,normal,0,0
3,5913,4,4,password,password,1,1
3,5914,3,3,normal,normal,0,0
3,5915,2,2,injection,injection,1,1
3,5916,4,4,password,password,1,1
3,5917,3,3,normal,normal,0,0
3,5918,3,3,normal,normal,0,0
3,5919,3,3,normal,normal,0,0
3,5920,2,2,injection,injection,1,1
3,5921,3,3,normal,normal,0,0
3,5922,3,3,normal,normal,0,0
3,5923,3,3,normal,normal,0,0
3,5924,3,3,normal,normal,0,0
3,5925,3,3,normal,normal,0,0
3,5926,3,3,normal,normal,0,0
3,5927,3,3,normal,normal,0,0
3,5928,4,4,password,password,1,1
3,5929,4,4,password,password,1,1
3,5930,4,4,password,password,1,1
3,5931,4,4,password,password,1,1
3,5932,0,0,backdoor,backdoor,1,1
3,5933,2,2,injection,injection,1,1
3,5934,3,3,normal,normal,0,0
3,5935,3,3,normal,normal,0,0
3,5936,2,2,injection,injection,1,1
3,5937,3,3,normal,normal,0,0
3,5938,0,0,backdoor,backdoor,1,1
3,5939,2,2,injection,injection,1,1
3,5940,0,0,backdoor,backdoor,1,1
3,5941,2,2,injection,injection,1,1
3,5942,3,3,normal,normal,0,0
3,5943,0,2,backdoor,injection,1,1
3,5944,0,2,backdoor,injection,1,1
3,5945,3,3,normal,normal,0,0
3,5946,3,3,normal,normal,0,0
3,5947,4,4,password,password,1,1
3,5948,0,0,backdoor,backdoor,1,1
3,5949,0,0,backdoor,backdoor,1,1
3,5950,0,0,backdoor,backdoor,1,1
3,5951,3,3,normal,normal,0,0
3,5952,3,3,normal,normal,0,0
3,5953,3,3,normal,normal,0,0
3,5954,2,2,injection,injection,1,1
3,5955,3,3,normal,normal,0,0
3,5956,3,3,normal,normal,0,0
3,5957,3,3,normal,normal,0,0
3,5958,3,3,normal,normal,0,0
3,5959,3,3,normal,normal,0,0
3,5960,3,3,normal,normal,0,0
3,5961,3,3,normal,normal,0,0
3,5962,4,4,password,password,1,1
3,5963,3,3,normal,normal,0,0
3,5964,3,3,normal,normal,0,0
3,5965,4,4,password,password,1,1
3,5966,3,3,normal,normal,0,0
3,5967,2,2,injection,injection,1,1
3,5968,3,3,normal,normal,0,0
3,5969,0,0,backdoor,backdoor,1,1
3,5970,3,3,normal,normal,0,0
3,5971,4,4,password,password,1,1
3,5972,3,3,normal,normal,0,0
3,5973,3,3,normal,normal,0,0
3,5974,0,0,backdoor,backdoor,1,1
3,5975,3,3,normal,normal,0,0
3,5976,4,4,password,password,1,1
3,5977,3,3,normal,normal,0,0
3,5978,3,3,normal,normal,0,0
3,5979,2,2,injection,injection,1,1
3,5980,3,3,normal,normal,0,0
3,5981,0,0,backdoor,backdoor,1,1
3,5982,3,3,normal,normal,0,0
3,5983,3,3,normal,normal,0,0
3,5984,3,3,normal,normal,0,0
3,5985,2,2,injection,injection,1,1
3,5986,3,3,normal,normal,0,0
3,5987,4,4,password,password,1,1
3,5988,3,3,normal,normal,0,0
3,5989,3,3,normal,normal,0,0
3,5990,4,4,password,password,1,1
3,5991,0,0,backdoor,backdoor,1,1
3,5992,0,0,backdoor,backdoor,1,1
3,5993,2,2,injection,injection,1,1
3,5994,3,3,normal,normal,0,0
3,5995,3,3,normal,normal,0,0
3,5996,0,0,backdoor,backdoor,1,1
3,5997,0,0,backdoor,backdoor,1,1
3,5998,4,4,password,password,1,1
3,5999,2,2,injection,injection,1,1
4,0,4,4,password,password,1,1
4,1,3,3,normal,normal,0,0
4,2,3,3,normal,normal,0,0
4,3,0,0,backdoor,backdoor,1,1
4,4,3,3,normal,normal,0,0
4,5,3,3,normal,normal,0,0
4,6,2,2,injection,injection,1,1
4,7,3,3,normal,normal,0,0
4,8,4,4,password,password,1,1
4,9,3,3,normal,normal,0,0
4,10,0,0,backdoor,backdoor,1,1
4,11,2,2,injection,injection,1,1
4,12,3,3,normal,normal,0,0
4,13,2,2,injection,injection,1,1
4,14,2,2,injection,injection,1,1
4,15,3,3,normal,normal,0,0
4,16,2,2,injection,injection,1,1
4,17,3,3,normal,normal,0,0
4,18,4,4,password,password,1,1
4,19,0,0,backdoor,backdoor,1,1
4,20,3,3,normal,normal,0,0
4,21,4,4,password,password,1,1
4,22,4,4,password,password,1,1
4,23,3,3,normal,normal,0,0
4,24,3,3,normal,normal,0,0
4,25,3,3,normal,normal,0,0
4,26,2,2,injection,injection,1,1
4,27,2,2,injection,injection,1,1
4,28,3,3,normal,normal,0,0
4,29,2,2,injection,injection,1,1
4,30,3,3,normal,normal,0,0
4,31,3,3,normal,normal,0,0
4,32,3,3,normal,normal,0,0
4,33,3,3,normal,normal,0,0
4,34,4,4,password,password,1,1
4,35,3,3,normal,normal,0,0
4,36,0,2,backdoor,injection,1,1
4,37,2,2,injection,injection,1,1
4,38,3,3,normal,normal,0,0
4,39,2,2,injection,injection,1,1
4,40,2,2,injection,injection,1,1
4,41,0,0,backdoor,backdoor,1,1
4,42,2,2,injection,injection,1,1
4,43,4,4,password,password,1,1
4,44,0,0,backdoor,backdoor,1,1
4,45,3,3,normal,normal,0,0
4,46,2,2,injection,injection,1,1
4,47,4,4,password,password,1,1
4,48,3,3,normal,normal,0,0
4,49,3,3,normal,normal,0,0
4,50,4,4,password,password,1,1
4,51,4,4,password,password,1,1
4,52,4,4,password,password,1,1
4,53,4,4,password,password,1,1
4,54,3,3,normal,normal,0,0
4,55,4,4,password,password,1,1
4,56,4,4,password,password,1,1
4,57,0,0,backdoor,backdoor,1,1
4,58,4,4,password,password,1,1
4,59,4,4,password,password,1,1
4,60,3,3,normal,normal,0,0
4,61,3,3,normal,normal,0,0
4,62,0,0,backdoor,backdoor,1,1
4,63,2,2,injection,injection,1,1
4,64,0,2,backdoor,injection,1,1
4,65,3,3,normal,normal,0,0
4,66,4,4,password,password,1,1
4,67,3,3,normal,normal,0,0
4,68,3,3,normal,normal,0,0
4,69,3,3,normal,normal,0,0
4,70,2,2,injection,injection,1,1
4,71,0,2,backdoor,injection,1,1
4,72,3,3,normal,normal,0,0
4,73,3,3,normal,normal,0,0
4,74,3,3,normal,normal,0,0
4,75,2,2,injection,injection,1,1
4,76,3,3,normal,normal,0,0
4,77,0,0,backdoor,backdoor,1,1
4,78,3,3,normal,normal,0,0
4,79,3,3,normal,normal,0,0
4,80,4,4,password,password,1,1
4,81,3,3,normal,normal,0,0
4,82,4,4,password,password,1,1
4,83,3,3,normal,normal,0,0
4,84,3,3,normal,normal,0,0
4,85,2,2,injection,injection,1,1
4,86,3,3,normal,normal,0,0
4,87,3,3,normal,normal,0,0
4,88,3,3,normal,normal,0,0
4,89,2,2,injection,injection,1,1
4,90,3,3,normal,normal,0,0
4,91,2,2,injection,injection,1,1
4,92,2,2,injection,injection,1,1
4,93,3,3,normal,normal,0,0
4,94,4,4,password,password,1,1
4,95,3,3,normal,normal,0,0
4,96,4,4,password,password,1,1
4,97,3,3,normal,normal,0,0
4,98,2,2,injection,injection,1,1
4,99,0,0,backdoor,backdoor,1,1
4,100,3,3,normal,normal,0,0
4,101,3,3,normal,normal,0,0
4,102,0,2,backdoor,injection,1,1
4,103,3,3,normal,normal,0,0
4,104,4,4,password,password,1,1
4,105,2,2,injection,injection,1,1
4,106,3,3,normal,normal,0,0
4,107,2,2,injection,injection,1,1
4,108,2,2,injection,injection,1,1
4,109,3,3,normal,normal,0,0
4,110,3,3,normal,normal,0,0
4,111,4,4,password,password,1,1
4,112,3,3,normal,normal,0,0
4,113,3,3,normal,normal,0,0
4,114,3,3,normal,normal,0,0
4,115,4,4,password,password,1,1
4,116,3,3,normal,normal,0,0
4,117,4,4,password,password,1,1
4,118,3,3,normal,normal,0,0
4,119,3,3,normal,normal,0,0
4,120,0,0,backdoor,backdoor,1,1
4,121,3,3,normal,normal,0,0
4,122,0,0,backdoor,backdoor,1,1
4,123,3,3,normal,normal,0,0
4,124,2,2,injection,injection,1,1
4,125,2,2,injection,injection,1,1
4,126,3,3,normal,normal,0,0
4,127,2,2,injection,injection,1,1
4,128,4,4,password,password,1,1
4,129,0,0,backdoor,backdoor,1,1
4,130,4,4,password,password,1,1
4,131,2,2,injection,injection,1,1
4,132,3,3,normal,normal,0,0
4,133,2,2,injection,injection,1,1
4,134,3,3,normal,normal,0,0
4,135,2,2,injection,injection,1,1
4,136,3,3,normal,normal,0,0
4,137,3,3,normal,normal,0,0
4,138,3,3,normal,normal,0,0
4,139,2,2,injection,injection,1,1
4,140,0,2,backdoor,injection,1,1
4,141,0,0,backdoor,backdoor,1,1
4,142,3,3,normal,normal,0,0
4,143,4,4,password,password,1,1
4,144,2,2,injection,injection,1,1
4,145,3,3,normal,normal,0,0
4,146,3,3,normal,normal,0,0
4,147,3,3,normal,normal,0,0
4,148,3,3,normal,normal,0,0
4,149,0,2,backdoor,injection,1,1
4,150,4,4,password,password,1,1
4,151,3,3,normal,normal,0,0
4,152,3,3,normal,normal,0,0
4,153,4,4,password,password,1,1
4,154,0,0,backdoor,backdoor,1,1
4,155,3,3,normal,normal,0,0
4,156,3,3,normal,normal,0,0
4,157,3,3,normal,normal,0,0
4,158,0,0,backdoor,backdoor,1,1
4,159,3,3,normal,normal,0,0
4,160,4,4,password,password,1,1
4,161,3,3,normal,normal,0,0
4,162,4,4,password,password,1,1
4,163,3,3,normal,normal,0,0
4,164,0,0,backdoor,backdoor,1,1
4,165,0,0,backdoor,backdoor,1,1
4,166,0,0,backdoor,backdoor,1,1
4,167,2,2,injection,injection,1,1
4,168,3,3,normal,normal,0,0
4,169,0,0,backdoor,backdoor,1,1
4,170,4,4,password,password,1,1
4,171,4,4,password,password,1,1
4,172,0,0,backdoor,backdoor,1,1
4,173,0,0,backdoor,backdoor,1,1
4,174,3,3,normal,normal,0,0
4,175,4,4,password,password,1,1
4,176,3,3,normal,normal,0,0
4,177,2,2,injection,injection,1,1
4,178,4,4,password,password,1,1
4,179,4,4,password,password,1,1
4,180,2,2,injection,injection,1,1
4,181,3,3,normal,normal,0,0
4,182,3,3,normal,normal,0,0
4,183,2,2,injection,injection,1,1
4,184,2,2,injection,injection,1,1
4,185,0,0,backdoor,backdoor,1,1
4,186,3,3,normal,normal,0,0
4,187,3,3,normal,normal,0,0
4,188,4,4,password,password,1,1
4,189,0,0,backdoor,backdoor,1,1
4,190,3,3,normal,normal,0,0
4,191,0,0,backdoor,backdoor,1,1
4,192,3,3,normal,normal,0,0
4,193,3,3,normal,normal,0,0
4,194,3,3,normal,normal,0,0
4,195,3,3,normal,normal,0,0
4,196,0,0,backdoor,backdoor,1,1
4,197,3,3,normal,normal,0,0
4,198,3,3,normal,normal,0,0
4,199,3,3,normal,normal,0,0
4,200,2,2,injection,injection,1,1
4,201,3,3,normal,normal,0,0
4,202,3,3,normal,normal,0,0
4,203,3,3,normal,normal,0,0
4,204,3,3,normal,normal,0,0
4,205,3,3,normal,normal,0,0
4,206,0,0,backdoor,backdoor,1,1
4,207,4,4,password,password,1,1
4,208,4,4,password,password,1,1
4,209,3,3,normal,normal,0,0
4,210,3,3,normal,normal,0,0
4,211,3,3,normal,normal,0,0
4,212,3,3,normal,normal,0,0
4,213,3,3,normal,normal,0,0
4,214,2,2,injection,injection,1,1
4,215,3,3,normal,normal,0,0
4,216,2,2,injection,injection,1,1
4,217,4,4,password,password,1,1
4,218,3,3,normal,normal,0,0
4,219,2,2,injection,injection,1,1
4,220,2,2,injection,injection,1,1
4,221,2,2,injection,injection,1,1
4,222,2,2,injection,injection,1,1
4,223,3,3,normal,normal,0,0
4,224,3,3,normal,normal,0,0
4,225,4,4,password,password,1,1
4,226,3,3,normal,normal,0,0
4,227,2,2,injection,injection,1,1
4,228,0,0,backdoor,backdoor,1,1
4,229,0,2,backdoor,injection,1,1
4,230,3,3,normal,normal,0,0
4,231,4,4,password,password,1,1
4,232,0,0,backdoor,backdoor,1,1
4,233,4,4,password,password,1,1
4,234,3,3,normal,normal,0,0
4,235,0,2,backdoor,injection,1,1
4,236,3,3,normal,normal,0,0
4,237,3,3,normal,normal,0,0
4,238,3,3,normal,normal,0,0
4,239,3,3,normal,normal,0,0
4,240,3,3,normal,normal,0,0
4,241,3,3,normal,normal,0,0
4,242,3,3,normal,normal,0,0
4,243,0,0,backdoor,backdoor,1,1
4,244,3,3,normal,normal,0,0
4,245,3,3,normal,normal,0,0
4,246,0,2,backdoor,injection,1,1
4,247,2,2,injection,injection,1,1
4,248,4,4,password,password,1,1
4,249,3,3,normal,normal,0,0
4,250,3,3,normal,normal,0,0
4,251,2,2,injection,injection,1,1
4,252,4,4,password,password,1,1
4,253,3,3,normal,normal,0,0
4,254,0,0,backdoor,backdoor,1,1
4,255,2,2,injection,injection,1,1
4,256,4,4,password,password,1,1
4,257,0,2,backdoor,injection,1,1
4,258,3,3,normal,normal,0,0
4,259,0,2,backdoor,injection,1,1
4,260,3,3,normal,normal,0,0
4,261,0,0,backdoor,backdoor,1,1
4,262,3,3,normal,normal,0,0
4,263,3,3,normal,normal,0,0
4,264,3,3,normal,normal,0,0
4,265,0,0,backdoor,backdoor,1,1
4,266,2,2,injection,injection,1,1
4,267,3,3,normal,normal,0,0
4,268,3,3,normal,normal,0,0
4,269,2,2,injection,injection,1,1
4,270,3,3,normal,normal,0,0
4,271,3,3,normal,normal,0,0
4,272,3,3,normal,normal,0,0
4,273,0,0,backdoor,backdoor,1,1
4,274,4,4,password,password,1,1
4,275,3,3,normal,normal,0,0
4,276,0,0,backdoor,backdoor,1,1
4,277,3,3,normal,normal,0,0
4,278,3,3,normal,normal,0,0
4,279,3,3,normal,normal,0,0
4,280,0,2,backdoor,injection,1,1
4,281,4,4,password,password,1,1
4,282,3,3,normal,normal,0,0
4,283,3,3,normal,normal,0,0
4,284,3,3,normal,normal,0,0
4,285,2,2,injection,injection,1,1
4,286,3,3,normal,normal,0,0
4,287,4,4,password,password,1,1
4,288,3,3,normal,normal,0,0
4,289,3,3,normal,normal,0,0
4,290,3,3,normal,normal,0,0
4,291,3,3,normal,normal,0,0
4,292,4,4,password,password,1,1
4,293,4,4,password,password,1,1
4,294,3,3,normal,normal,0,0
4,295,0,2,backdoor,injection,1,1
4,296,0,0,backdoor,backdoor,1,1
4,297,4,4,password,password,1,1
4,298,2,2,injection,injection,1,1
4,299,4,4,password,password,1,1
4,300,3,3,normal,normal,0,0
4,301,2,2,injection,injection,1,1
4,302,3,3,normal,normal,0,0
4,303,0,0,backdoor,backdoor,1,1
4,304,3,3,normal,normal,0,0
4,305,4,4,password,password,1,1
4,306,2,2,injection,injection,1,1
4,307,3,3,normal,normal,0,0
4,308,3,3,normal,normal,0,0
4,309,3,3,normal,normal,0,0
4,310,2,2,injection,injection,1,1
4,311,2,2,injection,injection,1,1
4,312,4,4,password,password,1,1
4,313,3,3,normal,normal,0,0
4,314,0,2,backdoor,injection,1,1
4,315,4,4,password,password,1,1
4,316,4,4,password,password,1,1
4,317,3,3,normal,normal,0,0
4,318,3,3,normal,normal,0,0
4,319,3,3,normal,normal,0,0
4,320,3,3,normal,normal,0,0
4,321,2,2,injection,injection,1,1
4,322,3,3,normal,normal,0,0
4,323,3,3,normal,normal,0,0
4,324,2,2,injection,injection,1,1
4,325,3,3,normal,normal,0,0
4,326,3,3,normal,normal,0,0
4,327,4,4,password,password,1,1
4,328,0,0,backdoor,backdoor,1,1
4,329,0,0,backdoor,backdoor,1,1
4,330,3,3,normal,normal,0,0
4,331,3,3,normal,normal,0,0
4,332,0,0,backdoor,backdoor,1,1
4,333,0,0,backdoor,backdoor,1,1
4,334,4,4,password,password,1,1
4,335,4,4,password,password,1,1
4,336,3,3,normal,normal,0,0
4,337,0,0,backdoor,backdoor,1,1
4,338,2,2,injection,injection,1,1
4,339,2,2,injection,injection,1,1
4,340,3,3,normal,normal,0,0
4,341,3,3,normal,normal,0,0
4,342,2,2,injection,injection,1,1
4,343,3,3,normal,normal,0,0
4,344,0,2,backdoor,injection,1,1
4,345,3,3,normal,normal,0,0
4,346,3,3,normal,normal,0,0
4,347,3,3,normal,normal,0,0
4,348,2,2,injection,injection,1,1
4,349,2,2,injection,injection,1,1
4,350,3,3,normal,normal,0,0
4,351,2,2,injection,injection,1,1
4,352,4,4,password,password,1,1
4,353,4,4,password,password,1,1
4,354,4,4,password,password,1,1
4,355,0,0,backdoor,backdoor,1,1
4,356,3,3,normal,normal,0,0
4,357,3,3,normal,normal,0,0
4,358,3,3,normal,normal,0,0
4,359,3,3,normal,normal,0,0
4,360,2,2,injection,injection,1,1
4,361,3,3,normal,normal,0,0
4,362,4,4,password,password,1,1
4,363,3,3,normal,normal,0,0
4,364,3,3,normal,normal,0,0
4,365,2,2,injection,injection,1,1
4,366,3,3,normal,normal,0,0
4,367,3,3,normal,normal,0,0
4,368,3,3,normal,normal,0,0
4,369,3,3,normal,normal,0,0
4,370,3,3,normal,normal,0,0
4,371,4,4,password,password,1,1
4,372,3,3,normal,normal,0,0
4,373,3,3,normal,normal,0,0
4,374,0,0,backdoor,backdoor,1,1
4,375,4,4,password,password,1,1
4,376,0,0,backdoor,backdoor,1,1
4,377,0,0,backdoor,backdoor,1,1
4,378,2,2,injection,injection,1,1
4,379,3,3,normal,normal,0,0
4,380,0,2,backdoor,injection,1,1
4,381,3,3,normal,normal,0,0
4,382,3,3,normal,normal,0,0
4,383,3,3,normal,normal,0,0
4,384,0,3,backdoor,normal,1,0
4,385,0,0,backdoor,backdoor,1,1
4,386,3,3,normal,normal,0,0
4,387,0,0,backdoor,backdoor,1,1
4,388,3,3,normal,normal,0,0
4,389,3,3,normal,normal,0,0
4,390,3,3,normal,normal,0,0
4,391,4,4,password,password,1,1
4,392,0,0,backdoor,backdoor,1,1
4,393,3,3,normal,normal,0,0
4,394,0,0,backdoor,backdoor,1,1
4,395,4,4,password,password,1,1
4,396,3,3,normal,normal,0,0
4,397,3,3,normal,normal,0,0
4,398,0,0,backdoor,backdoor,1,1
4,399,3,3,normal,normal,0,0
4,400,3,3,normal,normal,0,0
4,401,4,4,password,password,1,1
4,402,0,2,backdoor,injection,1,1
4,403,3,3,normal,normal,0,0
4,404,4,4,password,password,1,1
4,405,3,3,normal,normal,0,0
4,406,2,2,injection,injection,1,1
4,407,3,3,normal,normal,0,0
4,408,0,0,backdoor,backdoor,1,1
4,409,0,0,backdoor,backdoor,1,1
4,410,4,4,password,password,1,1
4,411,0,0,backdoor,backdoor,1,1
4,412,0,3,backdoor,normal,1,0
4,413,3,3,normal,normal,0,0
4,414,3,3,normal,normal,0,0
4,415,0,2,backdoor,injection,1,1
4,416,2,2,injection,injection,1,1
4,417,3,3,normal,normal,0,0
4,418,3,3,normal,normal,0,0
4,419,3,3,normal,normal,0,0
4,420,0,0,backdoor,backdoor,1,1
4,421,2,2,injection,injection,1,1
4,422,0,0,backdoor,backdoor,1,1
4,423,2,2,injection,injection,1,1
4,424,0,0,backdoor,backdoor,1,1
4,425,4,4,password,password,1,1
4,426,3,3,normal,normal,0,0
4,427,3,3,normal,normal,0,0
4,428,4,4,password,password,1,1
4,429,3,3,normal,normal,0,0
4,430,3,3,normal,normal,0,0
4,431,3,3,normal,normal,0,0
4,432,4,4,password,password,1,1
4,433,3,3,normal,normal,0,0
4,434,3,3,normal,normal,0,0
4,435,4,4,password,password,1,1
4,436,3,3,normal,normal,0,0
4,437,3,3,normal,normal,0,0
4,438,3,3,normal,normal,0,0
4,439,3,3,normal,normal,0,0
4,440,2,2,injection,injection,1,1
4,441,3,3,normal,normal,0,0
4,442,3,3,normal,normal,0,0
4,443,0,0,backdoor,backdoor,1,1
4,444,0,3,backdoor,normal,1,0
4,445,3,3,normal,normal,0,0
4,446,4,4,password,password,1,1
4,447,3,3,normal,normal,0,0
4,448,3,3,normal,normal,0,0
4,449,0,0,backdoor,backdoor,1,1
4,450,3,3,normal,normal,0,0
4,451,2,2,injection,injection,1,1
4,452,4,4,password,password,1,1
4,453,3,3,normal,normal,0,0
4,454,2,2,injection,injection,1,1
4,455,3,3,normal,normal,0,0
4,456,3,3,normal,normal,0,0
4,457,2,2,injection,injection,1,1
4,458,3,3,normal,normal,0,0
4,459,3,3,normal,normal,0,0
4,460,3,3,normal,normal,0,0
4,461,3,3,normal,normal,0,0
4,462,2,2,injection,injection,1,1
4,463,4,4,password,password,1,1
4,464,2,2,injection,injection,1,1
4,465,3,3,normal,normal,0,0
4,466,0,0,backdoor,backdoor,1,1
4,467,2,2,injection,injection,1,1
4,468,0,0,backdoor,backdoor,1,1
4,469,3,3,normal,normal,0,0
4,470,3,3,normal,normal,0,0
4,471,2,2,injection,injection,1,1
4,472,3,3,normal,normal,0,0
4,473,4,4,password,password,1,1
4,474,2,2,injection,injection,1,1
4,475,4,4,password,password,1,1
4,476,2,2,injection,injection,1,1
4,477,3,3,normal,normal,0,0
4,478,2,2,injection,injection,1,1
4,479,0,0,backdoor,backdoor,1,1
4,480,3,3,normal,normal,0,0
4,481,3,3,normal,normal,0,0
4,482,3,3,normal,normal,0,0
4,483,0,0,backdoor,backdoor,1,1
4,484,0,2,backdoor,injection,1,1
4,485,3,3,normal,normal,0,0
4,486,3,3,normal,normal,0,0
4,487,2,2,injection,injection,1,1
4,488,0,2,backdoor,injection,1,1
4,489,4,4,password,password,1,1
4,490,4,4,password,password,1,1
4,491,4,4,password,password,1,1
4,492,0,0,backdoor,backdoor,1,1
4,493,4,4,password,password,1,1
4,494,3,3,normal,normal,0,0
4,495,4,4,password,password,1,1
4,496,2,2,injection,injection,1,1
4,497,3,3,normal,normal,0,0
4,498,4,4,password,password,1,1
4,499,4,4,password,password,1,1
4,500,3,3,normal,normal,0,0
4,501,0,0,backdoor,backdoor,1,1
4,502,4,4,password,password,1,1
4,503,0,0,backdoor,backdoor,1,1
4,504,3,3,normal,normal,0,0
4,505,3,3,normal,normal,0,0
4,506,0,0,backdoor,backdoor,1,1
4,507,3,3,normal,normal,0,0
4,508,3,3,normal,normal,0,0
4,509,3,3,normal,normal,0,0
4,510,3,3,normal,normal,0,0
4,511,4,4,password,password,1,1
4,512,3,3,normal,normal,0,0
4,513,3,3,normal,normal,0,0
4,514,2,2,injection,injection,1,1
4,515,2,2,injection,injection,1,1
4,516,2,2,injection,injection,1,1
4,517,2,2,injection,injection,1,1
4,518,0,0,backdoor,backdoor,1,1
4,519,0,0,backdoor,backdoor,1,1
4,520,4,4,password,password,1,1
4,521,3,3,normal,normal,0,0
4,522,2,2,injection,injection,1,1
4,523,0,0,backdoor,backdoor,1,1
4,524,3,3,normal,normal,0,0
4,525,3,3,normal,normal,0,0
4,526,4,4,password,password,1,1
4,527,4,4,password,password,1,1
4,528,3,3,normal,normal,0,0
4,529,3,3,normal,normal,0,0
4,530,4,4,password,password,1,1
4,531,3,3,normal,normal,0,0
4,532,3,3,normal,normal,0,0
4,533,3,3,normal,normal,0,0
4,534,3,3,normal,normal,0,0
4,535,3,3,normal,normal,0,0
4,536,0,0,backdoor,backdoor,1,1
4,537,2,2,injection,injection,1,1
4,538,3,3,normal,normal,0,0
4,539,3,3,normal,normal,0,0
4,540,3,3,normal,normal,0,0
4,541,3,3,normal,normal,0,0
4,542,3,3,normal,normal,0,0
4,543,3,3,normal,normal,0,0
4,544,3,3,normal,normal,0,0
4,545,3,3,normal,normal,0,0
4,546,0,0,backdoor,backdoor,1,1
4,547,3,3,normal,normal,0,0
4,548,3,3,normal,normal,0,0
4,549,3,3,normal,normal,0,0
4,550,4,4,password,password,1,1
4,551,3,3,normal,normal,0,0
4,552,3,3,normal,normal,0,0
4,553,3,3,normal,normal,0,0
4,554,3,3,normal,normal,0,0
4,555,4,4,password,password,1,1
4,556,3,3,normal,normal,0,0
4,557,3,3,normal,normal,0,0
4,558,3,3,normal,normal,0,0
4,559,3,3,normal,normal,0,0
4,560,3,3,normal,normal,0,0
4,561,3,3,normal,normal,0,0
4,562,4,4,password,password,1,1
4,563,3,3,normal,normal,0,0
4,564,3,3,normal,normal,0,0
4,565,3,3,normal,normal,0,0
4,566,3,3,normal,normal,0,0
4,567,2,2,injection,injection,1,1
4,568,2,2,injection,injection,1,1
4,569,3,3,normal,normal,0,0
4,570,2,2,injection,injection,1,1
4,571,4,4,password,password,1,1
4,572,0,2,backdoor,injection,1,1
4,573,2,2,injection,injection,1,1
4,574,2,2,injection,injection,1,1
4,575,4,4,password,password,1,1
4,576,3,3,normal,normal,0,0
4,577,3,3,normal,normal,0,0
4,578,3,3,normal,normal,0,0
4,579,3,3,normal,normal,0,0
4,580,3,3,normal,normal,0,0
4,581,3,3,normal,normal,0,0
4,582,2,2,injection,injection,1,1
4,583,3,3,normal,normal,0,0
4,584,3,3,normal,normal,0,0
4,585,0,0,backdoor,backdoor,1,1
4,586,3,3,normal,normal,0,0
4,587,3,3,normal,normal,0,0
4,588,2,2,injection,injection,1,1
4,589,3,3,normal,normal,0,0
4,590,2,2,injection,injection,1,1
4,591,4,4,password,password,1,1
4,592,4,4,password,password,1,1
4,593,4,4,password,password,1,1
4,594,3,3,normal,normal,0,0
4,595,3,3,normal,normal,0,0
4,596,0,2,backdoor,injection,1,1
4,597,3,3,normal,normal,0,0
4,598,2,2,injection,injection,1,1
4,599,4,4,password,password,1,1
4,600,0,0,backdoor,backdoor,1,1
4,601,3,3,normal,normal,0,0
4,602,3,3,normal,normal,0,0
4,603,4,4,password,password,1,1
4,604,0,0,backdoor,backdoor,1,1
4,605,3,3,normal,normal,0,0
4,606,2,2,injection,injection,1,1
4,607,3,3,normal,normal,0,0
4,608,4,4,password,password,1,1
4,609,3,3,normal,normal,0,0
4,610,3,3,normal,normal,0,0
4,611,3,3,normal,normal,0,0
4,612,3,3,normal,normal,0,0
4,613,3,3,normal,normal,0,0
4,614,0,0,backdoor,backdoor,1,1
4,615,3,3,normal,normal,0,0
4,616,4,4,password,password,1,1
4,617,3,3,normal,normal,0,0
4,618,3,3,normal,normal,0,0
4,619,0,0,backdoor,backdoor,1,1
4,620,0,0,backdoor,backdoor,1,1
4,621,2,2,injection,injection,1,1
4,622,3,3,normal,normal,0,0
4,623,3,3,normal,normal,0,0
4,624,3,3,normal,normal,0,0
4,625,2,2,injection,injection,1,1
4,626,3,3,normal,normal,0,0
4,627,0,0,backdoor,backdoor,1,1
4,628,3,3,normal,normal,0,0
4,629,3,3,normal,normal,0,0
4,630,3,3,normal,normal,0,0
4,631,3,3,normal,normal,0,0
4,632,3,3,normal,normal,0,0
4,633,3,3,normal,normal,0,0
4,634,0,0,backdoor,backdoor,1,1
4,635,3,3,normal,normal,0,0
4,636,2,2,injection,injection,1,1
4,637,0,0,backdoor,backdoor,1,1
4,638,3,3,normal,normal,0,0
4,639,0,0,backdoor,backdoor,1,1
4,640,3,3,normal,normal,0,0
4,641,2,2,injection,injection,1,1
4,642,3,3,normal,normal,0,0
4,643,4,4,password,password,1,1
4,644,0,0,backdoor,backdoor,1,1
4,645,3,3,normal,normal,0,0
4,646,0,0,backdoor,backdoor,1,1
4,647,3,3,normal,normal,0,0
4,648,0,0,backdoor,backdoor,1,1
4,649,3,3,normal,normal,0,0
4,650,3,3,normal,normal,0,0
4,651,0,0,backdoor,backdoor,1,1
4,652,0,2,backdoor,injection,1,1
4,653,3,3,normal,normal,0,0
4,654,3,3,normal,normal,0,0
4,655,2,2,injection,injection,1,1
4,656,3,3,normal,normal,0,0
4,657,4,4,password,password,1,1
4,658,3,3,normal,normal,0,0
4,659,3,3,normal,normal,0,0
4,660,4,4,password,password,1,1
4,661,3,3,normal,normal,0,0
4,662,2,2,injection,injection,1,1
4,663,2,2,injection,injection,1,1
4,664,4,4,password,password,1,1
4,665,4,4,password,password,1,1
4,666,3,3,normal,normal,0,0
4,667,3,3,normal,normal,0,0
4,668,4,4,password,password,1,1
4,669,2,2,injection,injection,1,1
4,670,0,2,backdoor,injection,1,1
4,671,3,3,normal,normal,0,0
4,672,3,3,normal,normal,0,0
4,673,4,4,password,password,1,1
4,674,3,3,normal,normal,0,0
4,675,3,3,normal,normal,0,0
4,676,3,3,normal,normal,0,0
4,677,3,3,normal,normal,0,0
4,678,3,3,normal,normal,0,0
4,679,3,3,normal,normal,0,0
4,680,4,4,password,password,1,1
4,681,3,3,normal,normal,0,0
4,682,3,3,normal,normal,0,0
4,683,2,2,injection,injection,1,1
4,684,3,3,normal,normal,0,0
4,685,3,3,normal,normal,0,0
4,686,3,3,normal,normal,0,0
4,687,3,3,normal,normal,0,0
4,688,3,3,normal,normal,0,0
4,689,3,3,normal,normal,0,0
4,690,3,3,normal,normal,0,0
4,691,2,2,injection,injection,1,1
4,692,3,3,normal,normal,0,0
4,693,2,2,injection,injection,1,1
4,694,3,3,normal,normal,0,0
4,695,3,3,normal,normal,0,0
4,696,2,2,injection,injection,1,1
4,697,0,0,backdoor,backdoor,1,1
4,698,3,3,normal,normal,0,0
4,699,3,3,normal,normal,0,0
4,700,3,3,normal,normal,0,0
4,701,3,3,normal,normal,0,0
4,702,3,3,normal,normal,0,0
4,703,4,4,password,password,1,1
4,704,4,4,password,password,1,1
4,705,0,2,backdoor,injection,1,1
4,706,2,2,injection,injection,1,1
4,707,3,3,normal,normal,0,0
4,708,3,3,normal,normal,0,0
4,709,3,3,normal,normal,0,0
4,710,0,0,backdoor,backdoor,1,1
4,711,3,3,normal,normal,0,0
4,712,3,3,normal,normal,0,0
4,713,0,0,backdoor,backdoor,1,1
4,714,4,4,password,password,1,1
4,715,4,4,password,password,1,1
4,716,3,3,normal,normal,0,0
4,717,0,0,backdoor,backdoor,1,1
4,718,3,3,normal,normal,0,0
4,719,3,3,normal,normal,0,0
4,720,3,3,normal,normal,0,0
4,721,3,3,normal,normal,0,0
4,722,3,3,normal,normal,0,0
4,723,3,3,normal,normal,0,0
4,724,2,2,injection,injection,1,1
4,725,0,0,backdoor,backdoor,1,1
4,726,3,3,normal,normal,0,0
4,727,2,2,injection,injection,1,1
4,728,4,4,password,password,1,1
4,729,3,3,normal,normal,0,0
4,730,2,2,injection,injection,1,1
4,731,4,4,password,password,1,1
4,732,3,3,normal,normal,0,0
4,733,3,3,normal,normal,0,0
4,734,2,2,injection,injection,1,1
4,735,3,3,normal,normal,0,0
4,736,0,0,backdoor,backdoor,1,1
4,737,0,0,backdoor,backdoor,1,1
4,738,3,3,normal,normal,0,0
4,739,3,3,normal,normal,0,0
4,740,3,3,normal,normal,0,0
4,741,3,3,normal,normal,0,0
4,742,3,3,normal,normal,0,0
4,743,3,3,normal,normal,0,0
4,744,4,4,password,password,1,1
4,745,3,3,normal,normal,0,0
4,746,3,3,normal,normal,0,0
4,747,0,0,backdoor,backdoor,1,1
4,748,4,4,password,password,1,1
4,749,3,3,normal,normal,0,0
4,750,3,3,normal,normal,0,0
4,751,2,2,injection,injection,1,1
4,752,3,3,normal,normal,0,0
4,753,4,4,password,password,1,1
4,754,4,4,password,password,1,1
4,755,3,3,normal,normal,0,0
4,756,3,3,normal,normal,0,0
4,757,3,3,normal,normal,0,0
4,758,3,3,normal,normal,0,0
4,759,4,4,password,password,1,1
4,760,4,4,password,password,1,1
4,761,0,0,backdoor,backdoor,1,1
4,762,2,2,injection,injection,1,1
4,763,3,3,normal,normal,0,0
4,764,3,3,normal,normal,0,0
4,765,3,3,normal,normal,0,0
4,766,3,3,normal,normal,0,0
4,767,2,2,injection,injection,1,1
4,768,3,3,normal,normal,0,0
4,769,2,2,injection,injection,1,1
4,770,4,4,password,password,1,1
4,771,3,3,normal,normal,0,0
4,772,4,4,password,password,1,1
4,773,4,4,password,password,1,1
4,774,0,0,backdoor,backdoor,1,1
4,775,3,3,normal,normal,0,0
4,776,4,4,password,password,1,1
4,777,3,3,normal,normal,0,0
4,778,3,3,normal,normal,0,0
4,779,2,2,injection,injection,1,1
4,780,4,4,password,password,1,1
4,781,3,3,normal,normal,0,0
4,782,0,2,backdoor,injection,1,1
4,783,3,3,normal,normal,0,0
4,784,0,0,backdoor,backdoor,1,1
4,785,3,3,normal,normal,0,0
4,786,3,3,normal,normal,0,0
4,787,3,3,normal,normal,0,0
4,788,3,3,normal,normal,0,0
4,789,3,3,normal,normal,0,0
4,790,3,3,normal,normal,0,0
4,791,0,0,backdoor,backdoor,1,1
4,792,3,3,normal,normal,0,0
4,793,0,0,backdoor,backdoor,1,1
4,794,4,4,password,password,1,1
4,795,4,4,password,password,1,1
4,796,3,3,normal,normal,0,0
4,797,4,4,password,password,1,1
4,798,3,3,normal,normal,0,0
4,799,3,3,normal,normal,0,0
4,800,2,2,injection,injection,1,1
4,801,3,3,normal,normal,0,0
4,802,2,2,injection,injection,1,1
4,803,3,3,normal,normal,0,0
4,804,2,2,injection,injection,1,1
4,805,3,3,normal,normal,0,0
4,806,3,3,normal,normal,0,0
4,807,3,3,normal,normal,0,0
4,808,4,4,password,password,1,1
4,809,3,3,normal,normal,0,0
4,810,0,0,backdoor,backdoor,1,1
4,811,3,3,normal,normal,0,0
4,812,0,0,backdoor,backdoor,1,1
4,813,0,0,backdoor,backdoor,1,1
4,814,3,3,normal,normal,0,0
4,815,4,4,password,password,1,1
4,816,3,3,normal,normal,0,0
4,817,4,4,password,password,1,1
4,818,3,3,normal,normal,0,0
4,819,2,2,injection,injection,1,1
4,820,3,3,normal,normal,0,0
4,821,2,2,injection,injection,1,1
4,822,3,3,normal,normal,0,0
4,823,4,4,password,password,1,1
4,824,3,3,normal,normal,0,0
4,825,3,3,normal,normal,0,0
4,826,0,0,backdoor,backdoor,1,1
4,827,2,2,injection,injection,1,1
4,828,3,3,normal,normal,0,0
4,829,3,3,normal,normal,0,0
4,830,0,0,backdoor,backdoor,1,1
4,831,4,4,password,password,1,1
4,832,3,3,normal,normal,0,0
4,833,3,3,normal,normal,0,0
4,834,4,4,password,password,1,1
4,835,3,3,normal,normal,0,0
4,836,0,0,backdoor,backdoor,1,1
4,837,3,3,normal,normal,0,0
4,838,2,2,injection,injection,1,1
4,839,4,4,password,password,1,1
4,840,3,3,normal,normal,0,0
4,841,3,3,normal,normal,0,0
4,842,3,3,normal,normal,0,0
4,843,2,2,injection,injection,1,1
4,844,3,3,normal,normal,0,0
4,845,2,2,injection,injection,1,1
4,846,3,3,normal,normal,0,0
4,847,4,4,password,password,1,1
4,848,2,2,injection,injection,1,1
4,849,3,3,normal,normal,0,0
4,850,3,3,normal,normal,0,0
4,851,3,3,normal,normal,0,0
4,852,3,3,normal,normal,0,0
4,853,3,3,normal,normal,0,0
4,854,3,3,normal,normal,0,0
4,855,2,2,injection,injection,1,1
4,856,3,3,normal,normal,0,0
4,857,4,4,password,password,1,1
4,858,4,4,password,password,1,1
4,859,0,0,backdoor,backdoor,1,1
4,860,3,3,normal,normal,0,0
4,861,3,3,normal,normal,0,0
4,862,3,3,normal,normal,0,0
4,863,0,0,backdoor,backdoor,1,1
4,864,3,3,normal,normal,0,0
4,865,3,3,normal,normal,0,0
4,866,3,3,normal,normal,0,0
4,867,0,0,backdoor,backdoor,1,1
4,868,3,3,normal,normal,0,0
4,869,4,4,password,password,1,1
4,870,2,2,injection,injection,1,1
4,871,4,4,password,password,1,1
4,872,2,2,injection,injection,1,1
4,873,0,2,backdoor,injection,1,1
4,874,3,3,normal,normal,0,0
4,875,2,2,injection,injection,1,1
4,876,3,3,normal,normal,0,0
4,877,3,3,normal,normal,0,0
4,878,3,3,normal,normal,0,0
4,879,3,3,normal,normal,0,0
4,880,0,0,backdoor,backdoor,1,1
4,881,3,3,normal,normal,0,0
4,882,3,3,normal,normal,0,0
4,883,0,0,backdoor,backdoor,1,1
4,884,4,4,password,password,1,1
4,885,2,2,injection,injection,1,1
4,886,3,3,normal,normal,0,0
4,887,4,4,password,password,1,1
4,888,3,3,normal,normal,0,0
4,889,3,3,normal,normal,0,0
4,890,3,3,normal,normal,0,0
4,891,4,4,password,password,1,1
4,892,3,3,normal,normal,0,0
4,893,4,4,password,password,1,1
4,894,2,2,injection,injection,1,1
4,895,0,3,backdoor,normal,1,0
4,896,4,4,password,password,1,1
4,897,0,0,backdoor,backdoor,1,1
4,898,0,0,backdoor,backdoor,1,1
4,899,3,3,normal,normal,0,0
4,900,0,0,backdoor,backdoor,1,1
4,901,3,3,normal,normal,0,0
4,902,3,3,normal,normal,0,0
4,903,3,3,normal,normal,0,0
4,904,3,3,normal,normal,0,0
4,905,3,3,normal,normal,0,0
4,906,3,3,normal,normal,0,0
4,907,0,2,backdoor,injection,1,1
4,908,0,0,backdoor,backdoor,1,1
4,909,4,4,password,password,1,1
4,910,0,0,backdoor,backdoor,1,1
4,911,3,3,normal,normal,0,0
4,912,0,2,backdoor,injection,1,1
4,913,3,3,normal,normal,0,0
4,914,4,4,password,password,1,1
4,915,2,2,injection,injection,1,1
4,916,0,0,backdoor,backdoor,1,1
4,917,0,0,backdoor,backdoor,1,1
4,918,3,3,normal,normal,0,0
4,919,3,3,normal,normal,0,0
4,920,4,4,password,password,1,1
4,921,3,3,normal,normal,0,0
4,922,3,3,normal,normal,0,0
4,923,4,4,password,password,1,1
4,924,0,0,backdoor,backdoor,1,1
4,925,3,3,normal,normal,0,0
4,926,4,4,password,password,1,1
4,927,2,2,injection,injection,1,1
4,928,3,3,normal,normal,0,0
4,929,2,2,injection,injection,1,1
4,930,3,3,normal,normal,0,0
4,931,3,3,normal,normal,0,0
4,932,0,0,backdoor,backdoor,1,1
4,933,4,4,password,password,1,1
4,934,2,2,injection,injection,1,1
4,935,3,3,normal,normal,0,0
4,936,3,3,normal,normal,0,0
4,937,3,3,normal,normal,0,0
4,938,4,4,password,password,1,1
4,939,3,3,normal,normal,0,0
4,940,3,3,normal,normal,0,0
4,941,3,3,normal,normal,0,0
4,942,0,0,backdoor,backdoor,1,1
4,943,4,4,password,password,1,1
4,944,3,3,normal,normal,0,0
4,945,4,4,password,password,1,1
4,946,3,3,normal,normal,0,0
4,947,3,3,normal,normal,0,0
4,948,3,3,normal,normal,0,0
4,949,3,3,normal,normal,0,0
4,950,3,3,normal,normal,0,0
4,951,2,2,injection,injection,1,1
4,952,3,3,normal,normal,0,0
4,953,4,4,password,password,1,1
4,954,2,2,injection,injection,1,1
4,955,4,4,password,password,1,1
4,956,3,3,normal,normal,0,0
4,957,3,3,normal,normal,0,0
4,958,4,4,password,password,1,1
4,959,3,3,normal,normal,0,0
4,960,3,3,normal,normal,0,0
4,961,4,4,password,password,1,1
4,962,0,0,backdoor,backdoor,1,1
4,963,3,3,normal,normal,0,0
4,964,2,2,injection,injection,1,1
4,965,2,2,injection,injection,1,1
4,966,3,3,normal,normal,0,0
4,967,3,3,normal,normal,0,0
4,968,3,3,normal,normal,0,0
4,969,3,3,normal,normal,0,0
4,970,4,4,password,password,1,1
4,971,3,3,normal,normal,0,0
4,972,2,2,injection,injection,1,1
4,973,3,3,normal,normal,0,0
4,974,3,3,normal,normal,0,0
4,975,2,2,injection,injection,1,1
4,976,2,2,injection,injection,1,1
4,977,3,3,normal,normal,0,0
4,978,3,3,normal,normal,0,0
4,979,0,0,backdoor,backdoor,1,1
4,980,0,2,backdoor,injection,1,1
4,981,3,3,normal,normal,0,0
4,982,3,3,normal,normal,0,0
4,983,0,2,backdoor,injection,1,1
4,984,3,3,normal,normal,0,0
4,985,4,4,password,password,1,1
4,986,0,0,backdoor,backdoor,1,1
4,987,3,3,normal,normal,0,0
4,988,3,3,normal,normal,0,0
4,989,3,3,normal,normal,0,0
4,990,4,4,password,password,1,1
4,991,2,2,injection,injection,1,1
4,992,3,3,normal,normal,0,0
4,993,0,0,backdoor,backdoor,1,1
4,994,3,3,normal,normal,0,0
4,995,3,3,normal,normal,0,0
4,996,3,3,normal,normal,0,0
4,997,3,3,normal,normal,0,0
4,998,3,3,normal,normal,0,0
4,999,3,3,normal,normal,0,0
4,1000,3,3,normal,normal,0,0
4,1001,4,4,password,password,1,1
4,1002,3,3,normal,normal,0,0
4,1003,3,3,normal,normal,0,0
4,1004,3,3,normal,normal,0,0
4,1005,4,4,password,password,1,1
4,1006,3,3,normal,normal,0,0
4,1007,0,3,backdoor,normal,1,0
4,1008,4,4,password,password,1,1
4,1009,2,2,injection,injection,1,1
4,1010,3,3,normal,normal,0,0
4,1011,3,3,normal,normal,0,0
4,1012,2,2,injection,injection,1,1
4,1013,2,2,injection,injection,1,1
4,1014,3,3,normal,normal,0,0
4,1015,4,4,password,password,1,1
4,1016,3,3,normal,normal,0,0
4,1017,4,4,password,password,1,1
4,1018,3,3,normal,normal,0,0
4,1019,0,0,backdoor,backdoor,1,1
4,1020,3,3,normal,normal,0,0
4,1021,0,2,backdoor,injection,1,1
4,1022,2,2,injection,injection,1,1
4,1023,3,3,normal,normal,0,0
4,1024,3,3,normal,normal,0,0
4,1025,3,3,normal,normal,0,0
4,1026,3,3,normal,normal,0,0
4,1027,4,4,password,password,1,1
4,1028,3,3,normal,normal,0,0
4,1029,3,3,normal,normal,0,0
4,1030,4,4,password,password,1,1
4,1031,0,0,backdoor,backdoor,1,1
4,1032,4,4,password,password,1,1
4,1033,3,3,normal,normal,0,0
4,1034,2,2,injection,injection,1,1
4,1035,3,3,normal,normal,0,0
4,1036,4,4,password,password,1,1
4,1037,0,0,backdoor,backdoor,1,1
4,1038,3,3,normal,normal,0,0
4,1039,3,3,normal,normal,0,0
4,1040,3,3,normal,normal,0,0
4,1041,4,4,password,password,1,1
4,1042,3,3,normal,normal,0,0
4,1043,0,0,backdoor,backdoor,1,1
4,1044,2,2,injection,injection,1,1
4,1045,0,0,backdoor,backdoor,1,1
4,1046,2,2,injection,injection,1,1
4,1047,3,3,normal,normal,0,0
4,1048,2,2,injection,injection,1,1
4,1049,4,4,password,password,1,1
4,1050,4,4,password,password,1,1
4,1051,2,2,injection,injection,1,1
4,1052,3,3,normal,normal,0,0
4,1053,3,3,normal,normal,0,0
4,1054,0,0,backdoor,backdoor,1,1
4,1055,2,2,injection,injection,1,1
4,1056,0,0,backdoor,backdoor,1,1
4,1057,3,3,normal,normal,0,0
4,1058,0,0,backdoor,backdoor,1,1
4,1059,0,0,backdoor,backdoor,1,1
4,1060,0,0,backdoor,backdoor,1,1
4,1061,3,3,normal,normal,0,0
4,1062,0,0,backdoor,backdoor,1,1
4,1063,0,2,backdoor,injection,1,1
4,1064,3,3,normal,normal,0,0
4,1065,3,3,normal,normal,0,0
4,1066,4,4,password,password,1,1
4,1067,3,3,normal,normal,0,0
4,1068,3,3,normal,normal,0,0
4,1069,0,2,backdoor,injection,1,1
4,1070,2,2,injection,injection,1,1
4,1071,3,3,normal,normal,0,0
4,1072,0,0,backdoor,backdoor,1,1
4,1073,0,0,backdoor,backdoor,1,1
4,1074,3,3,normal,normal,0,0
4,1075,0,2,backdoor,injection,1,1
4,1076,0,0,backdoor,backdoor,1,1
4,1077,0,0,backdoor,backdoor,1,1
4,1078,3,3,normal,normal,0,0
4,1079,0,2,backdoor,injection,1,1
4,1080,3,3,normal,normal,0,0
4,1081,3,3,normal,normal,0,0
4,1082,2,2,injection,injection,1,1
4,1083,0,0,backdoor,backdoor,1,1
4,1084,3,3,normal,normal,0,0
4,1085,2,2,injection,injection,1,1
4,1086,3,3,normal,normal,0,0
4,1087,3,3,normal,normal,0,0
4,1088,3,3,normal,normal,0,0
4,1089,3,3,normal,normal,0,0
4,1090,2,2,injection,injection,1,1
4,1091,3,3,normal,normal,0,0
4,1092,3,3,normal,normal,0,0
4,1093,2,2,injection,injection,1,1
4,1094,3,3,normal,normal,0,0
4,1095,4,4,password,password,1,1
4,1096,3,3,normal,normal,0,0
4,1097,4,4,password,password,1,1
4,1098,4,4,password,password,1,1
4,1099,2,2,injection,injection,1,1
4,1100,0,0,backdoor,backdoor,1,1
4,1101,3,3,normal,normal,0,0
4,1102,3,3,normal,normal,0,0
4,1103,0,0,backdoor,backdoor,1,1
4,1104,4,4,password,password,1,1
4,1105,4,4,password,password,1,1
4,1106,2,2,injection,injection,1,1
4,1107,2,2,injection,injection,1,1
4,1108,4,4,password,password,1,1
4,1109,3,3,normal,normal,0,0
4,1110,3,3,normal,normal,0,0
4,1111,0,3,backdoor,normal,1,0
4,1112,3,3,normal,normal,0,0
4,1113,3,3,normal,normal,0,0
4,1114,3,3,normal,normal,0,0
4,1115,4,4,password,password,1,1
4,1116,2,2,injection,injection,1,1
4,1117,3,3,normal,normal,0,0
4,1118,3,3,normal,normal,0,0
4,1119,4,4,password,password,1,1
4,1120,2,2,injection,injection,1,1
4,1121,3,3,normal,normal,0,0
4,1122,3,3,normal,normal,0,0
4,1123,2,2,injection,injection,1,1
4,1124,2,2,injection,injection,1,1
4,1125,3,3,normal,normal,0,0
4,1126,3,3,normal,normal,0,0
4,1127,0,0,backdoor,backdoor,1,1
4,1128,0,0,backdoor,backdoor,1,1
4,1129,4,4,password,password,1,1
4,1130,2,2,injection,injection,1,1
4,1131,3,3,normal,normal,0,0
4,1132,4,4,password,password,1,1
4,1133,2,2,injection,injection,1,1
4,1134,3,3,normal,normal,0,0
4,1135,3,3,normal,normal,0,0
4,1136,3,3,normal,normal,0,0
4,1137,3,3,normal,normal,0,0
4,1138,0,0,backdoor,backdoor,1,1
4,1139,2,2,injection,injection,1,1
4,1140,3,3,normal,normal,0,0
4,1141,2,2,injection,injection,1,1
4,1142,3,3,normal,normal,0,0
4,1143,3,3,normal,normal,0,0
4,1144,3,3,normal,normal,0,0
4,1145,3,3,normal,normal,0,0
4,1146,3,3,normal,normal,0,0
4,1147,3,3,normal,normal,0,0
4,1148,3,3,normal,normal,0,0
4,1149,3,3,normal,normal,0,0
4,1150,0,0,backdoor,backdoor,1,1
4,1151,4,4,password,password,1,1
4,1152,3,3,normal,normal,0,0
4,1153,3,3,normal,normal,0,0
4,1154,2,2,injection,injection,1,1
4,1155,0,0,backdoor,backdoor,1,1
4,1156,0,0,backdoor,backdoor,1,1
4,1157,4,4,password,password,1,1
4,1158,0,0,backdoor,backdoor,1,1
4,1159,4,4,password,password,1,1
4,1160,0,0,backdoor,backdoor,1,1
4,1161,4,4,password,password,1,1
4,1162,0,0,backdoor,backdoor,1,1
4,1163,3,3,normal,normal,0,0
4,1164,3,3,normal,normal,0,0
4,1165,3,3,normal,normal,0,0
4,1166,0,0,backdoor,backdoor,1,1
4,1167,3,3,normal,normal,0,0
4,1168,0,0,backdoor,backdoor,1,1
4,1169,4,4,password,password,1,1
4,1170,4,4,password,password,1,1
4,1171,3,3,normal,normal,0,0
4,1172,3,3,normal,normal,0,0
4,1173,4,4,password,password,1,1
4,1174,3,3,normal,normal,0,0
4,1175,0,0,backdoor,backdoor,1,1
4,1176,4,4,password,password,1,1
4,1177,3,3,normal,normal,0,0
4,1178,4,4,password,password,1,1
4,1179,2,2,injection,injection,1,1
4,1180,3,3,normal,normal,0,0
4,1181,0,0,backdoor,backdoor,1,1
4,1182,2,2,injection,injection,1,1
4,1183,4,4,password,password,1,1
4,1184,4,4,password,password,1,1
4,1185,0,0,backdoor,backdoor,1,1
4,1186,2,2,injection,injection,1,1
4,1187,4,4,password,password,1,1
4,1188,2,2,injection,injection,1,1
4,1189,3,3,normal,normal,0,0
4,1190,2,2,injection,injection,1,1
4,1191,3,3,normal,normal,0,0
4,1192,4,4,password,password,1,1
4,1193,3,3,normal,normal,0,0
4,1194,4,4,password,password,1,1
4,1195,3,3,normal,normal,0,0
4,1196,2,2,injection,injection,1,1
4,1197,0,0,backdoor,backdoor,1,1
4,1198,4,4,password,password,1,1
4,1199,4,4,password,password,1,1
4,1200,4,4,password,password,1,1
4,1201,4,4,password,password,1,1
4,1202,3,3,normal,normal,0,0
4,1203,3,3,normal,normal,0,0
4,1204,3,3,normal,normal,0,0
4,1205,2,2,injection,injection,1,1
4,1206,3,3,normal,normal,0,0
4,1207,4,4,password,password,1,1
4,1208,2,2,injection,injection,1,1
4,1209,3,3,normal,normal,0,0
4,1210,3,3,normal,normal,0,0
4,1211,3,3,normal,normal,0,0
4,1212,2,2,injection,injection,1,1
4,1213,3,3,normal,normal,0,0
4,1214,3,3,normal,normal,0,0
4,1215,0,2,backdoor,injection,1,1
4,1216,0,0,backdoor,backdoor,1,1
4,1217,3,3,normal,normal,0,0
4,1218,2,2,injection,injection,1,1
4,1219,2,2,injection,injection,1,1
4,1220,0,0,backdoor,backdoor,1,1
4,1221,3,3,normal,normal,0,0
4,1222,4,4,password,password,1,1
4,1223,3,3,normal,normal,0,0
4,1224,0,0,backdoor,backdoor,1,1
4,1225,3,3,normal,normal,0,0
4,1226,2,2,injection,injection,1,1
4,1227,0,0,backdoor,backdoor,1,1
4,1228,3,3,normal,normal,0,0
4,1229,2,2,injection,injection,1,1
4,1230,0,0,backdoor,backdoor,1,1
4,1231,2,2,injection,injection,1,1
4,1232,4,4,password,password,1,1
4,1233,4,4,password,password,1,1
4,1234,2,2,injection,injection,1,1
4,1235,3,3,normal,normal,0,0
4,1236,2,2,injection,injection,1,1
4,1237,4,4,password,password,1,1
4,1238,3,3,normal,normal,0,0
4,1239,0,0,backdoor,backdoor,1,1
4,1240,4,4,password,password,1,1
4,1241,0,3,backdoor,normal,1,0
4,1242,3,3,normal,normal,0,0
4,1243,3,3,normal,normal,0,0
4,1244,3,3,normal,normal,0,0
4,1245,4,4,password,password,1,1
4,1246,3,3,normal,normal,0,0
4,1247,3,3,normal,normal,0,0
4,1248,3,3,normal,normal,0,0
4,1249,0,0,backdoor,backdoor,1,1
4,1250,3,3,normal,normal,0,0
4,1251,3,3,normal,normal,0,0
4,1252,2,2,injection,injection,1,1
4,1253,3,3,normal,normal,0,0
4,1254,2,2,injection,injection,1,1
4,1255,2,2,injection,injection,1,1
4,1256,3,3,normal,normal,0,0
4,1257,4,4,password,password,1,1
4,1258,3,3,normal,normal,0,0
4,1259,4,4,password,password,1,1
4,1260,3,3,normal,normal,0,0
4,1261,0,0,backdoor,backdoor,1,1
4,1262,2,2,injection,injection,1,1
4,1263,0,0,backdoor,backdoor,1,1
4,1264,0,2,backdoor,injection,1,1
4,1265,4,4,password,password,1,1
4,1266,0,0,backdoor,backdoor,1,1
4,1267,0,0,backdoor,backdoor,1,1
4,1268,3,3,normal,normal,0,0
4,1269,2,2,injection,injection,1,1
4,1270,4,4,password,password,1,1
4,1271,3,3,normal,normal,0,0
4,1272,3,3,normal,normal,0,0
4,1273,4,4,password,password,1,1
4,1274,3,3,normal,normal,0,0
4,1275,3,3,normal,normal,0,0
4,1276,3,3,normal,normal,0,0
4,1277,3,3,normal,normal,0,0
4,1278,3,3,normal,normal,0,0
4,1279,3,3,normal,normal,0,0
4,1280,3,3,normal,normal,0,0
4,1281,4,4,password,password,1,1
4,1282,3,3,normal,normal,0,0
4,1283,0,0,backdoor,backdoor,1,1
4,1284,4,4,password,password,1,1
4,1285,3,3,normal,normal,0,0
4,1286,3,3,normal,normal,0,0
4,1287,4,4,password,password,1,1
4,1288,3,3,normal,normal,0,0
4,1289,3,3,normal,normal,0,0
4,1290,2,2,injection,injection,1,1
4,1291,3,3,normal,normal,0,0
4,1292,3,3,normal,normal,0,0
4,1293,4,4,password,password,1,1
4,1294,3,3,normal,normal,0,0
4,1295,3,3,normal,normal,0,0
4,1296,2,2,injection,injection,1,1
4,1297,2,2,injection,injection,1,1
4,1298,3,3,normal,normal,0,0
4,1299,3,3,normal,normal,0,0
4,1300,3,3,normal,normal,0,0
4,1301,3,3,normal,normal,0,0
4,1302,4,4,password,password,1,1
4,1303,3,3,normal,normal,0,0
4,1304,0,0,backdoor,backdoor,1,1
4,1305,0,0,backdoor,backdoor,1,1
4,1306,4,4,password,password,1,1
4,1307,3,3,normal,normal,0,0
4,1308,0,0,backdoor,backdoor,1,1
4,1309,3,3,normal,normal,0,0
4,1310,3,3,normal,normal,0,0
4,1311,0,0,backdoor,backdoor,1,1
4,1312,3,3,normal,normal,0,0
4,1313,4,4,password,password,1,1
4,1314,4,4,password,password,1,1
4,1315,2,2,injection,injection,1,1
4,1316,2,2,injection,injection,1,1
4,1317,3,3,normal,normal,0,0
4,1318,2,2,injection,injection,1,1
4,1319,2,2,injection,injection,1,1
4,1320,3,3,normal,normal,0,0
4,1321,2,2,injection,injection,1,1
4,1322,0,0,backdoor,backdoor,1,1
4,1323,0,0,backdoor,backdoor,1,1
4,1324,4,4,password,password,1,1
4,1325,3,3,normal,normal,0,0
4,1326,3,3,normal,normal,0,0
4,1327,3,3,normal,normal,0,0
4,1328,0,0,backdoor,backdoor,1,1
4,1329,4,4,password,password,1,1
4,1330,4,4,password,password,1,1
4,1331,2,2,injection,injection,1,1
4,1332,0,0,backdoor,backdoor,1,1
4,1333,3,3,normal,normal,0,0
4,1334,2,2,injection,injection,1,1
4,1335,0,0,backdoor,backdoor,1,1
4,1336,3,3,normal,normal,0,0
4,1337,3,3,normal,normal,0,0
4,1338,2,2,injection,injection,1,1
4,1339,3,3,normal,normal,0,0
4,1340,3,3,normal,normal,0,0
4,1341,2,2,injection,injection,1,1
4,1342,0,0,backdoor,backdoor,1,1
4,1343,3,3,normal,normal,0,0
4,1344,3,3,normal,normal,0,0
4,1345,4,4,password,password,1,1
4,1346,3,3,normal,normal,0,0
4,1347,4,4,password,password,1,1
4,1348,0,0,backdoor,backdoor,1,1
4,1349,3,3,normal,normal,0,0
4,1350,0,2,backdoor,injection,1,1
4,1351,3,3,normal,normal,0,0
4,1352,3,3,normal,normal,0,0
4,1353,3,3,normal,normal,0,0
4,1354,3,3,normal,normal,0,0
4,1355,3,3,normal,normal,0,0
4,1356,4,4,password,password,1,1
4,1357,3,3,normal,normal,0,0
4,1358,3,3,normal,normal,0,0
4,1359,4,4,password,password,1,1
4,1360,0,0,backdoor,backdoor,1,1
4,1361,3,3,normal,normal,0,0
4,1362,4,4,password,password,1,1
4,1363,3,3,normal,normal,0,0
4,1364,0,0,backdoor,backdoor,1,1
4,1365,3,3,normal,normal,0,0
4,1366,0,2,backdoor,injection,1,1
4,1367,3,3,normal,normal,0,0
4,1368,3,3,normal,normal,0,0
4,1369,3,3,normal,normal,0,0
4,1370,2,2,injection,injection,1,1
4,1371,3,3,normal,normal,0,0
4,1372,3,3,normal,normal,0,0
4,1373,4,4,password,password,1,1
4,1374,3,3,normal,normal,0,0
4,1375,0,0,backdoor,backdoor,1,1
4,1376,2,2,injection,injection,1,1
4,1377,3,3,normal,normal,0,0
4,1378,4,4,password,password,1,1
4,1379,2,2,injection,injection,1,1
4,1380,4,4,password,password,1,1
4,1381,3,3,normal,normal,0,0
4,1382,0,0,backdoor,backdoor,1,1
4,1383,3,3,normal,normal,0,0
4,1384,4,4,password,password,1,1
4,1385,2,2,injection,injection,1,1
4,1386,0,0,backdoor,backdoor,1,1
4,1387,3,3,normal,normal,0,0
4,1388,3,3,normal,normal,0,0
4,1389,0,0,backdoor,backdoor,1,1
4,1390,2,2,injection,injection,1,1
4,1391,0,0,backdoor,backdoor,1,1
4,1392,4,4,password,password,1,1
4,1393,2,2,injection,injection,1,1
4,1394,2,2,injection,injection,1,1
4,1395,3,3,normal,normal,0,0
4,1396,3,3,normal,normal,0,0
4,1397,2,2,injection,injection,1,1
4,1398,4,4,password,password,1,1
4,1399,4,4,password,password,1,1
4,1400,2,2,injection,injection,1,1
4,1401,3,3,normal,normal,0,0
4,1402,3,3,normal,normal,0,0
4,1403,3,3,normal,normal,0,0
4,1404,3,3,normal,normal,0,0
4,1405,2,2,injection,injection,1,1
4,1406,3,3,normal,normal,0,0
4,1407,2,2,injection,injection,1,1
4,1408,2,2,injection,injection,1,1
4,1409,4,4,password,password,1,1
4,1410,4,4,password,password,1,1
4,1411,3,3,normal,normal,0,0
4,1412,2,2,injection,injection,1,1
4,1413,4,4,password,password,1,1
4,1414,2,2,injection,injection,1,1
4,1415,4,4,password,password,1,1
4,1416,3,3,normal,normal,0,0
4,1417,3,3,normal,normal,0,0
4,1418,2,2,injection,injection,1,1
4,1419,2,2,injection,injection,1,1
4,1420,3,3,normal,normal,0,0
4,1421,3,3,normal,normal,0,0
4,1422,3,3,normal,normal,0,0
4,1423,3,3,normal,normal,0,0
4,1424,3,3,normal,normal,0,0
4,1425,3,3,normal,normal,0,0
4,1426,3,3,normal,normal,0,0
4,1427,3,3,normal,normal,0,0
4,1428,3,3,normal,normal,0,0
4,1429,4,4,password,password,1,1
4,1430,3,3,normal,normal,0,0
4,1431,3,3,normal,normal,0,0
4,1432,3,3,normal,normal,0,0
4,1433,0,0,backdoor,backdoor,1,1
4,1434,0,2,backdoor,injection,1,1
4,1435,2,2,injection,injection,1,1
4,1436,4,4,password,password,1,1
4,1437,4,4,password,password,1,1
4,1438,0,0,backdoor,backdoor,1,1
4,1439,2,2,injection,injection,1,1
4,1440,0,0,backdoor,backdoor,1,1
4,1441,4,4,password,password,1,1
4,1442,4,4,password,password,1,1
4,1443,4,4,password,password,1,1
4,1444,3,3,normal,normal,0,0
4,1445,4,4,password,password,1,1
4,1446,4,4,password,password,1,1
4,1447,2,2,injection,injection,1,1
4,1448,3,3,normal,normal,0,0
4,1449,2,2,injection,injection,1,1
4,1450,2,2,injection,injection,1,1
4,1451,4,4,password,password,1,1
4,1452,2,2,injection,injection,1,1
4,1453,3,3,normal,normal,0,0
4,1454,3,3,normal,normal,0,0
4,1455,3,3,normal,normal,0,0
4,1456,2,2,injection,injection,1,1
4,1457,3,3,normal,normal,0,0
4,1458,4,4,password,password,1,1
4,1459,3,3,normal,normal,0,0
4,1460,3,3,normal,normal,0,0
4,1461,0,0,backdoor,backdoor,1,1
4,1462,3,3,normal,normal,0,0
4,1463,4,4,password,password,1,1
4,1464,3,3,normal,normal,0,0
4,1465,3,3,normal,normal,0,0
4,1466,3,3,normal,normal,0,0
4,1467,0,0,backdoor,backdoor,1,1
4,1468,4,4,password,password,1,1
4,1469,3,3,normal,normal,0,0
4,1470,3,3,normal,normal,0,0
4,1471,2,2,injection,injection,1,1
4,1472,2,2,injection,injection,1,1
4,1473,3,3,normal,normal,0,0
4,1474,0,0,backdoor,backdoor,1,1
4,1475,0,2,backdoor,injection,1,1
4,1476,2,2,injection,injection,1,1
4,1477,2,2,injection,injection,1,1
4,1478,0,0,backdoor,backdoor,1,1
4,1479,3,3,normal,normal,0,0
4,1480,0,0,backdoor,backdoor,1,1
4,1481,3,3,normal,normal,0,0
4,1482,3,3,normal,normal,0,0
4,1483,3,3,normal,normal,0,0
4,1484,4,4,password,password,1,1
4,1485,3,3,normal,normal,0,0
4,1486,0,0,backdoor,backdoor,1,1
4,1487,4,4,password,password,1,1
4,1488,3,3,normal,normal,0,0
4,1489,3,3,normal,normal,0,0
4,1490,0,0,backdoor,backdoor,1,1
4,1491,3,3,normal,normal,0,0
4,1492,3,3,normal,normal,0,0
4,1493,4,4,password,password,1,1
4,1494,3,3,normal,normal,0,0
4,1495,0,0,backdoor,backdoor,1,1
4,1496,3,3,normal,normal,0,0
4,1497,2,2,injection,injection,1,1
4,1498,3,3,normal,normal,0,0
4,1499,3,3,normal,normal,0,0
4,1500,0,0,backdoor,backdoor,1,1
4,1501,3,3,normal,normal,0,0
4,1502,3,3,normal,normal,0,0
4,1503,3,3,normal,normal,0,0
4,1504,3,3,normal,normal,0,0
4,1505,3,3,normal,normal,0,0
4,1506,2,2,injection,injection,1,1
4,1507,2,2,injection,injection,1,1
4,1508,3,3,normal,normal,0,0
4,1509,3,3,normal,normal,0,0
4,1510,3,3,normal,normal,0,0
4,1511,3,3,normal,normal,0,0
4,1512,3,3,normal,normal,0,0
4,1513,2,2,injection,injection,1,1
4,1514,3,3,normal,normal,0,0
4,1515,3,3,normal,normal,0,0
4,1516,3,3,normal,normal,0,0
4,1517,3,3,normal,normal,0,0
4,1518,3,3,normal,normal,0,0
4,1519,0,0,backdoor,backdoor,1,1
4,1520,2,2,injection,injection,1,1
4,1521,3,3,normal,normal,0,0
4,1522,3,3,normal,normal,0,0
4,1523,0,0,backdoor,backdoor,1,1
4,1524,2,2,injection,injection,1,1
4,1525,2,2,injection,injection,1,1
4,1526,0,0,backdoor,backdoor,1,1
4,1527,4,4,password,password,1,1
4,1528,3,3,normal,normal,0,0
4,1529,2,2,injection,injection,1,1
4,1530,3,3,normal,normal,0,0
4,1531,3,3,normal,normal,0,0
4,1532,0,0,backdoor,backdoor,1,1
4,1533,3,3,normal,normal,0,0
4,1534,3,3,normal,normal,0,0
4,1535,4,4,password,password,1,1
4,1536,2,2,injection,injection,1,1
4,1537,0,2,backdoor,injection,1,1
4,1538,0,0,backdoor,backdoor,1,1
4,1539,0,0,backdoor,backdoor,1,1
4,1540,3,3,normal,normal,0,0
4,1541,4,4,password,password,1,1
4,1542,3,3,normal,normal,0,0
4,1543,4,4,password,password,1,1
4,1544,2,2,injection,injection,1,1
4,1545,2,2,injection,injection,1,1
4,1546,4,4,password,password,1,1
4,1547,0,0,backdoor,backdoor,1,1
4,1548,4,4,password,password,1,1
4,1549,3,3,normal,normal,0,0
4,1550,3,3,normal,normal,0,0
4,1551,3,3,normal,normal,0,0
4,1552,4,4,password,password,1,1
4,1553,2,2,injection,injection,1,1
4,1554,4,4,password,password,1,1
4,1555,3,3,normal,normal,0,0
4,1556,3,3,normal,normal,0,0
4,1557,4,4,password,password,1,1
4,1558,2,2,injection,injection,1,1
4,1559,0,0,backdoor,backdoor,1,1
4,1560,3,3,normal,normal,0,0
4,1561,3,3,normal,normal,0,0
4,1562,4,4,password,password,1,1
4,1563,0,2,backdoor,injection,1,1
4,1564,3,3,normal,normal,0,0
4,1565,2,2,injection,injection,1,1
4,1566,2,2,injection,injection,1,1
4,1567,0,0,backdoor,backdoor,1,1
4,1568,4,4,password,password,1,1
4,1569,3,3,normal,normal,0,0
4,1570,4,4,password,password,1,1
4,1571,0,0,backdoor,backdoor,1,1
4,1572,4,4,password,password,1,1
4,1573,3,3,normal,normal,0,0
4,1574,3,3,normal,normal,0,0
4,1575,3,3,normal,normal,0,0
4,1576,4,4,password,password,1,1
4,1577,3,3,normal,normal,0,0
4,1578,4,4,password,password,1,1
4,1579,4,4,password,password,1,1
4,1580,3,3,normal,normal,0,0
4,1581,3,3,normal,normal,0,0
4,1582,2,2,injection,injection,1,1
4,1583,3,3,normal,normal,0,0
4,1584,2,2,injection,injection,1,1
4,1585,4,4,password,password,1,1
4,1586,3,3,normal,normal,0,0
4,1587,3,3,normal,normal,0,0
4,1588,3,3,normal,normal,0,0
4,1589,4,4,password,password,1,1
4,1590,3,3,normal,normal,0,0
4,1591,3,3,normal,normal,0,0
4,1592,4,4,password,password,1,1
4,1593,3,3,normal,normal,0,0
4,1594,0,0,backdoor,backdoor,1,1
4,1595,3,3,normal,normal,0,0
4,1596,3,3,normal,normal,0,0
4,1597,3,3,normal,normal,0,0
4,1598,3,3,normal,normal,0,0
4,1599,4,4,password,password,1,1
4,1600,3,3,normal,normal,0,0
4,1601,2,2,injection,injection,1,1
4,1602,3,3,normal,normal,0,0
4,1603,3,3,normal,normal,0,0
4,1604,3,3,normal,normal,0,0
4,1605,0,0,backdoor,backdoor,1,1
4,1606,3,3,normal,normal,0,0
4,1607,3,3,normal,normal,0,0
4,1608,3,3,normal,normal,0,0
4,1609,2,2,injection,injection,1,1
4,1610,3,3,normal,normal,0,0
4,1611,0,2,backdoor,injection,1,1
4,1612,3,3,normal,normal,0,0
4,1613,4,4,password,password,1,1
4,1614,4,4,password,password,1,1
4,1615,4,4,password,password,1,1
4,1616,2,2,injection,injection,1,1
4,1617,3,3,normal,normal,0,0
4,1618,2,2,injection,injection,1,1
4,1619,3,3,normal,normal,0,0
4,1620,3,3,normal,normal,0,0
4,1621,4,4,password,password,1,1
4,1622,4,4,password,password,1,1
4,1623,3,3,normal,normal,0,0
4,1624,2,2,injection,injection,1,1
4,1625,3,3,normal,normal,0,0
4,1626,4,4,password,password,1,1
4,1627,2,2,injection,injection,1,1
4,1628,4,4,password,password,1,1
4,1629,0,0,backdoor,backdoor,1,1
4,1630,3,3,normal,normal,0,0
4,1631,3,3,normal,normal,0,0
4,1632,0,2,backdoor,injection,1,1
4,1633,4,4,password,password,1,1
4,1634,3,3,normal,normal,0,0
4,1635,3,3,normal,normal,0,0
4,1636,0,0,backdoor,backdoor,1,1
4,1637,3,3,normal,normal,0,0
4,1638,0,0,backdoor,backdoor,1,1
4,1639,3,3,normal,normal,0,0
4,1640,0,0,backdoor,backdoor,1,1
4,1641,3,3,normal,normal,0,0
4,1642,3,3,normal,normal,0,0
4,1643,3,3,normal,normal,0,0
4,1644,4,4,password,password,1,1
4,1645,4,4,password,password,1,1
4,1646,3,3,normal,normal,0,0
4,1647,3,3,normal,normal,0,0
4,1648,0,0,backdoor,backdoor,1,1
4,1649,3,3,normal,normal,0,0
4,1650,3,3,normal,normal,0,0
4,1651,0,0,backdoor,backdoor,1,1
4,1652,3,3,normal,normal,0,0
4,1653,3,3,normal,normal,0,0
4,1654,3,3,normal,normal,0,0
4,1655,3,3,normal,normal,0,0
4,1656,0,0,backdoor,backdoor,1,1
4,1657,2,2,injection,injection,1,1
4,1658,3,3,normal,normal,0,0
4,1659,3,3,normal,normal,0,0
4,1660,0,0,backdoor,backdoor,1,1
4,1661,3,3,normal,normal,0,0
4,1662,4,4,password,password,1,1
4,1663,3,3,normal,normal,0,0
4,1664,4,4,password,password,1,1
4,1665,2,2,injection,injection,1,1
4,1666,3,3,normal,normal,0,0
4,1667,2,2,injection,injection,1,1
4,1668,0,0,backdoor,backdoor,1,1
4,1669,3,3,normal,normal,0,0
4,1670,0,0,backdoor,backdoor,1,1
4,1671,4,4,password,password,1,1
4,1672,3,3,normal,normal,0,0
4,1673,2,2,injection,injection,1,1
4,1674,3,3,normal,normal,0,0
4,1675,2,2,injection,injection,1,1
4,1676,3,3,normal,normal,0,0
4,1677,0,2,backdoor,injection,1,1
4,1678,2,2,injection,injection,1,1
4,1679,4,4,password,password,1,1
4,1680,3,3,normal,normal,0,0
4,1681,3,3,normal,normal,0,0
4,1682,3,3,normal,normal,0,0
4,1683,3,3,normal,normal,0,0
4,1684,0,0,backdoor,backdoor,1,1
4,1685,0,2,backdoor,injection,1,1
4,1686,2,2,injection,injection,1,1
4,1687,3,3,normal,normal,0,0
4,1688,3,3,normal,normal,0,0
4,1689,3,3,normal,normal,0,0
4,1690,3,3,normal,normal,0,0
4,1691,4,4,password,password,1,1
4,1692,4,4,password,password,1,1
4,1693,3,3,normal,normal,0,0
4,1694,3,3,normal,normal,0,0
4,1695,2,2,injection,injection,1,1
4,1696,0,0,backdoor,backdoor,1,1
4,1697,3,3,normal,normal,0,0
4,1698,2,2,injection,injection,1,1
4,1699,0,0,backdoor,backdoor,1,1
4,1700,3,3,normal,normal,0,0
4,1701,3,3,normal,normal,0,0
4,1702,2,2,injection,injection,1,1
4,1703,3,3,normal,normal,0,0
4,1704,2,2,injection,injection,1,1
4,1705,2,2,injection,injection,1,1
4,1706,3,3,normal,normal,0,0
4,1707,3,3,normal,normal,0,0
4,1708,3,3,normal,normal,0,0
4,1709,2,2,injection,injection,1,1
4,1710,3,3,normal,normal,0,0
4,1711,2,2,injection,injection,1,1
4,1712,3,3,normal,normal,0,0
4,1713,3,3,normal,normal,0,0
4,1714,2,2,injection,injection,1,1
4,1715,0,0,backdoor,backdoor,1,1
4,1716,3,3,normal,normal,0,0
4,1717,2,2,injection,injection,1,1
4,1718,3,3,normal,normal,0,0
4,1719,4,4,password,password,1,1
4,1720,4,4,password,password,1,1
4,1721,3,3,normal,normal,0,0
4,1722,0,0,backdoor,backdoor,1,1
4,1723,3,3,normal,normal,0,0
4,1724,3,3,normal,normal,0,0
4,1725,2,2,injection,injection,1,1
4,1726,2,2,injection,injection,1,1
4,1727,3,3,normal,normal,0,0
4,1728,3,3,normal,normal,0,0
4,1729,2,2,injection,injection,1,1
4,1730,0,2,backdoor,injection,1,1
4,1731,2,2,injection,injection,1,1
4,1732,2,2,injection,injection,1,1
4,1733,3,3,normal,normal,0,0
4,1734,3,3,normal,normal,0,0
4,1735,2,2,injection,injection,1,1
4,1736,3,3,normal,normal,0,0
4,1737,4,4,password,password,1,1
4,1738,0,0,backdoor,backdoor,1,1
4,1739,0,2,backdoor,injection,1,1
4,1740,0,0,backdoor,backdoor,1,1
4,1741,2,2,injection,injection,1,1
4,1742,3,3,normal,normal,0,0
4,1743,2,2,injection,injection,1,1
4,1744,4,4,password,password,1,1
4,1745,0,0,backdoor,backdoor,1,1
4,1746,3,3,normal,normal,0,0
4,1747,3,3,normal,normal,0,0
4,1748,3,3,normal,normal,0,0
4,1749,3,3,normal,normal,0,0
4,1750,0,0,backdoor,backdoor,1,1
4,1751,4,4,password,password,1,1
4,1752,0,0,backdoor,backdoor,1,1
4,1753,2,2,injection,injection,1,1
4,1754,3,3,normal,normal,0,0
4,1755,3,3,normal,normal,0,0
4,1756,3,3,normal,normal,0,0
4,1757,2,2,injection,injection,1,1
4,1758,0,0,backdoor,backdoor,1,1
4,1759,4,4,password,password,1,1
4,1760,2,2,injection,injection,1,1
4,1761,3,3,normal,normal,0,0
4,1762,4,4,password,password,1,1
4,1763,0,0,backdoor,backdoor,1,1
4,1764,3,3,normal,normal,0,0
4,1765,2,2,injection,injection,1,1
4,1766,4,4,password,password,1,1
4,1767,3,3,normal,normal,0,0
4,1768,2,2,injection,injection,1,1
4,1769,3,3,normal,normal,0,0
4,1770,4,4,password,password,1,1
4,1771,0,0,backdoor,backdoor,1,1
4,1772,3,3,normal,normal,0,0
4,1773,0,2,backdoor,injection,1,1
4,1774,4,4,password,password,1,1
4,1775,3,3,normal,normal,0,0
4,1776,3,3,normal,normal,0,0
4,1777,4,4,password,password,1,1
4,1778,0,0,backdoor,backdoor,1,1
4,1779,0,0,backdoor,backdoor,1,1
4,1780,3,3,normal,normal,0,0
4,1781,0,0,backdoor,backdoor,1,1
4,1782,0,0,backdoor,backdoor,1,1
4,1783,3,3,normal,normal,0,0
4,1784,0,0,backdoor,backdoor,1,1
4,1785,0,0,backdoor,backdoor,1,1
4,1786,3,3,normal,normal,0,0
4,1787,2,2,injection,injection,1,1
4,1788,2,2,injection,injection,1,1
4,1789,3,3,normal,normal,0,0
4,1790,2,2,injection,injection,1,1
4,1791,2,2,injection,injection,1,1
4,1792,2,2,injection,injection,1,1
4,1793,3,3,normal,normal,0,0
4,1794,4,4,password,password,1,1
4,1795,3,3,normal,normal,0,0
4,1796,4,4,password,password,1,1
4,1797,2,2,injection,injection,1,1
4,1798,3,3,normal,normal,0,0
4,1799,2,2,injection,injection,1,1
4,1800,3,3,normal,normal,0,0
4,1801,3,3,normal,normal,0,0
4,1802,2,2,injection,injection,1,1
4,1803,2,2,injection,injection,1,1
4,1804,4,4,password,password,1,1
4,1805,4,4,password,password,1,1
4,1806,3,3,normal,normal,0,0
4,1807,3,3,normal,normal,0,0
4,1808,3,3,normal,normal,0,0
4,1809,0,0,backdoor,backdoor,1,1
4,1810,4,4,password,password,1,1
4,1811,0,0,backdoor,backdoor,1,1
4,1812,0,2,backdoor,injection,1,1
4,1813,4,4,password,password,1,1
4,1814,0,0,backdoor,backdoor,1,1
4,1815,4,4,password,password,1,1
4,1816,3,3,normal,normal,0,0
4,1817,3,3,normal,normal,0,0
4,1818,4,4,password,password,1,1
4,1819,4,4,password,password,1,1
4,1820,4,4,password,password,1,1
4,1821,3,3,normal,normal,0,0
4,1822,4,4,password,password,1,1
4,1823,3,3,normal,normal,0,0
4,1824,4,4,password,password,1,1
4,1825,3,3,normal,normal,0,0
4,1826,3,3,normal,normal,0,0
4,1827,0,0,backdoor,backdoor,1,1
4,1828,2,2,injection,injection,1,1
4,1829,3,3,normal,normal,0,0
4,1830,3,3,normal,normal,0,0
4,1831,0,0,backdoor,backdoor,1,1
4,1832,0,2,backdoor,injection,1,1
4,1833,3,3,normal,normal,0,0
4,1834,3,3,normal,normal,0,0
4,1835,0,0,backdoor,backdoor,1,1
4,1836,3,3,normal,normal,0,0
4,1837,2,2,injection,injection,1,1
4,1838,0,2,backdoor,injection,1,1
4,1839,3,3,normal,normal,0,0
4,1840,3,3,normal,normal,0,0
4,1841,0,2,backdoor,injection,1,1
4,1842,2,2,injection,injection,1,1
4,1843,3,3,normal,normal,0,0
4,1844,3,3,normal,normal,0,0
4,1845,3,3,normal,normal,0,0
4,1846,2,2,injection,injection,1,1
4,1847,3,3,normal,normal,0,0
4,1848,4,4,password,password,1,1
4,1849,0,0,backdoor,backdoor,1,1
4,1850,3,3,normal,normal,0,0
4,1851,4,4,password,password,1,1
4,1852,2,2,injection,injection,1,1
4,1853,2,2,injection,injection,1,1
4,1854,3,3,normal,normal,0,0
4,1855,3,3,normal,normal,0,0
4,1856,0,0,backdoor,backdoor,1,1
4,1857,0,0,backdoor,backdoor,1,1
4,1858,2,2,injection,injection,1,1
4,1859,3,3,normal,normal,0,0
4,1860,2,2,injection,injection,1,1
4,1861,2,2,injection,injection,1,1
4,1862,0,2,backdoor,injection,1,1
4,1863,3,3,normal,normal,0,0
4,1864,0,0,backdoor,backdoor,1,1
4,1865,3,3,normal,normal,0,0
4,1866,4,4,password,password,1,1
4,1867,2,2,injection,injection,1,1
4,1868,2,2,injection,injection,1,1
4,1869,2,2,injection,injection,1,1
4,1870,3,3,normal,normal,0,0
4,1871,0,0,backdoor,backdoor,1,1
4,1872,2,2,injection,injection,1,1
4,1873,3,3,normal,normal,0,0
4,1874,2,2,injection,injection,1,1
4,1875,4,4,password,password,1,1
4,1876,3,3,normal,normal,0,0
4,1877,3,3,normal,normal,0,0
4,1878,3,3,normal,normal,0,0
4,1879,3,3,normal,normal,0,0
4,1880,3,3,normal,normal,0,0
4,1881,0,0,backdoor,backdoor,1,1
4,1882,3,3,normal,normal,0,0
4,1883,3,3,normal,normal,0,0
4,1884,0,0,backdoor,backdoor,1,1
4,1885,2,2,injection,injection,1,1
4,1886,0,0,backdoor,backdoor,1,1
4,1887,3,3,normal,normal,0,0
4,1888,4,4,password,password,1,1
4,1889,3,3,normal,normal,0,0
4,1890,0,0,backdoor,backdoor,1,1
4,1891,3,3,normal,normal,0,0
4,1892,3,3,normal,normal,0,0
4,1893,3,3,normal,normal,0,0
4,1894,3,3,normal,normal,0,0
4,1895,3,3,normal,normal,0,0
4,1896,3,3,normal,normal,0,0
4,1897,2,2,injection,injection,1,1
4,1898,0,0,backdoor,backdoor,1,1
4,1899,4,4,password,password,1,1
4,1900,4,4,password,password,1,1
4,1901,3,3,normal,normal,0,0
4,1902,2,2,injection,injection,1,1
4,1903,4,4,password,password,1,1
4,1904,0,0,backdoor,backdoor,1,1
4,1905,3,3,normal,normal,0,0
4,1906,3,3,normal,normal,0,0
4,1907,3,3,normal,normal,0,0
4,1908,3,3,normal,normal,0,0
4,1909,3,3,normal,normal,0,0
4,1910,2,2,injection,injection,1,1
4,1911,3,3,normal,normal,0,0
4,1912,4,4,password,password,1,1
4,1913,0,0,backdoor,backdoor,1,1
4,1914,4,4,password,password,1,1
4,1915,4,4,password,password,1,1
4,1916,0,0,backdoor,backdoor,1,1
4,1917,4,4,password,password,1,1
4,1918,0,0,backdoor,backdoor,1,1
4,1919,2,2,injection,injection,1,1
4,1920,0,0,backdoor,backdoor,1,1
4,1921,3,3,normal,normal,0,0
4,1922,0,0,backdoor,backdoor,1,1
4,1923,2,2,injection,injection,1,1
4,1924,3,3,normal,normal,0,0
4,1925,3,3,normal,normal,0,0
4,1926,3,3,normal,normal,0,0
4,1927,3,3,normal,normal,0,0
4,1928,2,2,injection,injection,1,1
4,1929,4,4,password,password,1,1
4,1930,3,3,normal,normal,0,0
4,1931,3,3,normal,normal,0,0
4,1932,0,0,backdoor,backdoor,1,1
4,1933,2,2,injection,injection,1,1
4,1934,3,3,normal,normal,0,0
4,1935,3,3,normal,normal,0,0
4,1936,2,2,injection,injection,1,1
4,1937,0,0,backdoor,backdoor,1,1
4,1938,3,3,normal,normal,0,0
4,1939,2,2,injection,injection,1,1
4,1940,3,3,normal,normal,0,0
4,1941,3,3,normal,normal,0,0
4,1942,4,4,password,password,1,1
4,1943,3,3,normal,normal,0,0
4,1944,0,0,backdoor,backdoor,1,1
4,1945,3,3,normal,normal,0,0
4,1946,2,2,injection,injection,1,1
4,1947,3,3,normal,normal,0,0
4,1948,2,2,injection,injection,1,1
4,1949,2,2,injection,injection,1,1
4,1950,3,3,normal,normal,0,0
4,1951,3,3,normal,normal,0,0
4,1952,3,3,normal,normal,0,0
4,1953,3,3,normal,normal,0,0
4,1954,2,2,injection,injection,1,1
4,1955,0,0,backdoor,backdoor,1,1
4,1956,0,0,backdoor,backdoor,1,1
4,1957,4,4,password,password,1,1
4,1958,3,3,normal,normal,0,0
4,1959,2,2,injection,injection,1,1
4,1960,0,0,backdoor,backdoor,1,1
4,1961,3,3,normal,normal,0,0
4,1962,3,3,normal,normal,0,0
4,1963,3,3,normal,normal,0,0
4,1964,2,2,injection,injection,1,1
4,1965,0,0,backdoor,backdoor,1,1
4,1966,2,2,injection,injection,1,1
4,1967,3,3,normal,normal,0,0
4,1968,3,3,normal,normal,0,0
4,1969,3,3,normal,normal,0,0
4,1970,4,4,password,password,1,1
4,1971,2,2,injection,injection,1,1
4,1972,2,2,injection,injection,1,1
4,1973,0,2,backdoor,injection,1,1
4,1974,2,2,injection,injection,1,1
4,1975,2,2,injection,injection,1,1
4,1976,3,3,normal,normal,0,0
4,1977,2,2,injection,injection,1,1
4,1978,3,3,normal,normal,0,0
4,1979,3,3,normal,normal,0,0
4,1980,3,3,normal,normal,0,0
4,1981,3,3,normal,normal,0,0
4,1982,0,0,backdoor,backdoor,1,1
4,1983,3,3,normal,normal,0,0
4,1984,4,4,password,password,1,1
4,1985,3,3,normal,normal,0,0
4,1986,3,3,normal,normal,0,0
4,1987,3,3,normal,normal,0,0
4,1988,0,0,backdoor,backdoor,1,1
4,1989,3,3,normal,normal,0,0
4,1990,2,2,injection,injection,1,1
4,1991,3,3,normal,normal,0,0
4,1992,3,3,normal,normal,0,0
4,1993,4,4,password,password,1,1
4,1994,4,4,password,password,1,1
4,1995,0,0,backdoor,backdoor,1,1
4,1996,3,3,normal,normal,0,0
4,1997,3,3,normal,normal,0,0
4,1998,3,3,normal,normal,0,0
4,1999,0,0,backdoor,backdoor,1,1
4,2000,4,4,password,password,1,1
4,2001,0,0,backdoor,backdoor,1,1
4,2002,3,3,normal,normal,0,0
4,2003,2,0,injection,backdoor,1,1
4,2004,3,3,normal,normal,0,0
4,2005,2,2,injection,injection,1,1
4,2006,3,3,normal,normal,0,0
4,2007,3,3,normal,normal,0,0
4,2008,3,3,normal,normal,0,0
4,2009,3,3,normal,normal,0,0
4,2010,3,3,normal,normal,0,0
4,2011,3,3,normal,normal,0,0
4,2012,3,3,normal,normal,0,0
4,2013,3,3,normal,normal,0,0
4,2014,3,3,normal,normal,0,0
4,2015,3,3,normal,normal,0,0
4,2016,2,2,injection,injection,1,1
4,2017,0,0,backdoor,backdoor,1,1
4,2018,4,4,password,password,1,1
4,2019,0,0,backdoor,backdoor,1,1
4,2020,3,3,normal,normal,0,0
4,2021,3,3,normal,normal,0,0
4,2022,4,4,password,password,1,1
4,2023,2,2,injection,injection,1,1
4,2024,3,3,normal,normal,0,0
4,2025,2,2,injection,injection,1,1
4,2026,4,4,password,password,1,1
4,2027,3,3,normal,normal,0,0
4,2028,2,2,injection,injection,1,1
4,2029,0,0,backdoor,backdoor,1,1
4,2030,3,3,normal,normal,0,0
4,2031,3,3,normal,normal,0,0
4,2032,4,4,password,password,1,1
4,2033,3,3,normal,normal,0,0
4,2034,3,3,normal,normal,0,0
4,2035,0,0,backdoor,backdoor,1,1
4,2036,3,3,normal,normal,0,0
4,2037,3,3,normal,normal,0,0
4,2038,0,0,backdoor,backdoor,1,1
4,2039,2,2,injection,injection,1,1
4,2040,4,4,password,password,1,1
4,2041,3,3,normal,normal,0,0
4,2042,2,2,injection,injection,1,1
4,2043,3,3,normal,normal,0,0
4,2044,3,3,normal,normal,0,0
4,2045,3,3,normal,normal,0,0
4,2046,3,3,normal,normal,0,0
4,2047,2,2,injection,injection,1,1
4,2048,0,0,backdoor,backdoor,1,1
4,2049,3,3,normal,normal,0,0
4,2050,0,0,backdoor,backdoor,1,1
4,2051,2,2,injection,injection,1,1
4,2052,3,3,normal,normal,0,0
4,2053,3,3,normal,normal,0,0
4,2054,3,3,normal,normal,0,0
4,2055,3,3,normal,normal,0,0
4,2056,3,3,normal,normal,0,0
4,2057,4,4,password,password,1,1
4,2058,4,4,password,password,1,1
4,2059,4,4,password,password,1,1
4,2060,0,0,backdoor,backdoor,1,1
4,2061,3,3,normal,normal,0,0
4,2062,3,3,normal,normal,0,0
4,2063,3,3,normal,normal,0,0
4,2064,4,4,password,password,1,1
4,2065,3,3,normal,normal,0,0
4,2066,4,4,password,password,1,1
4,2067,3,3,normal,normal,0,0
4,2068,4,4,password,password,1,1
4,2069,3,3,normal,normal,0,0
4,2070,3,3,normal,normal,0,0
4,2071,2,2,injection,injection,1,1
4,2072,0,0,backdoor,backdoor,1,1
4,2073,2,2,injection,injection,1,1
4,2074,3,3,normal,normal,0,0
4,2075,3,3,normal,normal,0,0
4,2076,3,3,normal,normal,0,0
4,2077,3,3,normal,normal,0,0
4,2078,4,4,password,password,1,1
4,2079,3,3,normal,normal,0,0
4,2080,4,4,password,password,1,1
4,2081,3,3,normal,normal,0,0
4,2082,3,3,normal,normal,0,0
4,2083,2,2,injection,injection,1,1
4,2084,3,3,normal,normal,0,0
4,2085,2,2,injection,injection,1,1
4,2086,4,4,password,password,1,1
4,2087,2,2,injection,injection,1,1
4,2088,3,3,normal,normal,0,0
4,2089,3,3,normal,normal,0,0
4,2090,4,4,password,password,1,1
4,2091,0,0,backdoor,backdoor,1,1
4,2092,3,3,normal,normal,0,0
4,2093,0,0,backdoor,backdoor,1,1
4,2094,3,3,normal,normal,0,0
4,2095,0,0,backdoor,backdoor,1,1
4,2096,2,2,injection,injection,1,1
4,2097,3,3,normal,normal,0,0
4,2098,3,3,normal,normal,0,0
4,2099,0,0,backdoor,backdoor,1,1
4,2100,4,4,password,password,1,1
4,2101,2,2,injection,injection,1,1
4,2102,3,3,normal,normal,0,0
4,2103,3,3,normal,normal,0,0
4,2104,3,3,normal,normal,0,0
4,2105,2,2,injection,injection,1,1
4,2106,2,2,injection,injection,1,1
4,2107,4,4,password,password,1,1
4,2108,2,2,injection,injection,1,1
4,2109,3,3,normal,normal,0,0
4,2110,3,3,normal,normal,0,0
4,2111,0,0,backdoor,backdoor,1,1
4,2112,3,3,normal,normal,0,0
4,2113,0,0,backdoor,backdoor,1,1
4,2114,3,3,normal,normal,0,0
4,2115,4,4,password,password,1,1
4,2116,3,3,normal,normal,0,0
4,2117,3,3,normal,normal,0,0
4,2118,3,3,normal,normal,0,0
4,2119,2,2,injection,injection,1,1
4,2120,2,2,injection,injection,1,1
4,2121,3,3,normal,normal,0,0
4,2122,3,3,normal,normal,0,0
4,2123,2,2,injection,injection,1,1
4,2124,0,0,backdoor,backdoor,1,1
4,2125,2,2,injection,injection,1,1
4,2126,0,2,backdoor,injection,1,1
4,2127,2,2,injection,injection,1,1
4,2128,2,2,injection,injection,1,1
4,2129,4,4,password,password,1,1
4,2130,4,4,password,password,1,1
4,2131,4,4,password,password,1,1
4,2132,3,3,normal,normal,0,0
4,2133,0,2,backdoor,injection,1,1
4,2134,2,2,injection,injection,1,1
4,2135,3,3,normal,normal,0,0
4,2136,3,3,normal,normal,0,0
4,2137,3,3,normal,normal,0,0
4,2138,2,2,injection,injection,1,1
4,2139,2,2,injection,injection,1,1
4,2140,4,4,password,password,1,1
4,2141,4,4,password,password,1,1
4,2142,0,0,backdoor,backdoor,1,1
4,2143,0,0,backdoor,backdoor,1,1
4,2144,3,3,normal,normal,0,0
4,2145,3,3,normal,normal,0,0
4,2146,2,2,injection,injection,1,1
4,2147,3,3,normal,normal,0,0
4,2148,3,3,normal,normal,0,0
4,2149,3,3,normal,normal,0,0
4,2150,0,0,backdoor,backdoor,1,1
4,2151,0,0,backdoor,backdoor,1,1
4,2152,0,0,backdoor,backdoor,1,1
4,2153,3,3,normal,normal,0,0
4,2154,4,4,password,password,1,1
4,2155,0,0,backdoor,backdoor,1,1
4,2156,3,3,normal,normal,0,0
4,2157,3,3,normal,normal,0,0
4,2158,3,3,normal,normal,0,0
4,2159,0,2,backdoor,injection,1,1
4,2160,3,3,normal,normal,0,0
4,2161,2,2,injection,injection,1,1
4,2162,4,4,password,password,1,1
4,2163,3,3,normal,normal,0,0
4,2164,3,3,normal,normal,0,0
4,2165,4,4,password,password,1,1
4,2166,2,2,injection,injection,1,1
4,2167,3,3,normal,normal,0,0
4,2168,4,4,password,password,1,1
4,2169,3,3,normal,normal,0,0
4,2170,3,3,normal,normal,0,0
4,2171,4,4,password,password,1,1
4,2172,2,2,injection,injection,1,1
4,2173,4,4,password,password,1,1
4,2174,3,3,normal,normal,0,0
4,2175,3,3,normal,normal,0,0
4,2176,3,3,normal,normal,0,0
4,2177,0,0,backdoor,backdoor,1,1
4,2178,0,0,backdoor,backdoor,1,1
4,2179,2,2,injection,injection,1,1
4,2180,2,2,injection,injection,1,1
4,2181,0,0,backdoor,backdoor,1,1
4,2182,3,3,normal,normal,0,0
4,2183,3,3,normal,normal,0,0
4,2184,4,4,password,password,1,1
4,2185,3,3,normal,normal,0,0
4,2186,2,2,injection,injection,1,1
4,2187,0,0,backdoor,backdoor,1,1
4,2188,4,4,password,password,1,1
4,2189,4,4,password,password,1,1
4,2190,3,3,normal,normal,0,0
4,2191,3,3,normal,normal,0,0
4,2192,0,0,backdoor,backdoor,1,1
4,2193,4,4,password,password,1,1
4,2194,2,2,injection,injection,1,1
4,2195,0,0,backdoor,backdoor,1,1
4,2196,2,2,injection,injection,1,1
4,2197,4,4,password,password,1,1
4,2198,4,4,password,password,1,1
4,2199,3,3,normal,normal,0,0
4,2200,0,0,backdoor,backdoor,1,1
4,2201,3,3,normal,normal,0,0
4,2202,3,3,normal,normal,0,0
4,2203,0,0,backdoor,backdoor,1,1
4,2204,3,3,normal,normal,0,0
4,2205,4,4,password,password,1,1
4,2206,3,3,normal,normal,0,0
4,2207,3,3,normal,normal,0,0
4,2208,3,3,normal,normal,0,0
4,2209,3,3,normal,normal,0,0
4,2210,3,3,normal,normal,0,0
4,2211,3,3,normal,normal,0,0
4,2212,0,0,backdoor,backdoor,1,1
4,2213,3,3,normal,normal,0,0
4,2214,3,3,normal,normal,0,0
4,2215,3,3,normal,normal,0,0
4,2216,0,2,backdoor,injection,1,1
4,2217,0,2,backdoor,injection,1,1
4,2218,0,0,backdoor,backdoor,1,1
4,2219,4,4,password,password,1,1
4,2220,2,2,injection,injection,1,1
4,2221,4,4,password,password,1,1
4,2222,0,0,backdoor,backdoor,1,1
4,2223,3,3,normal,normal,0,0
4,2224,4,4,password,password,1,1
4,2225,2,2,injection,injection,1,1
4,2226,4,4,password,password,1,1
4,2227,3,3,normal,normal,0,0
4,2228,3,3,normal,normal,0,0
4,2229,4,4,password,password,1,1
4,2230,0,0,backdoor,backdoor,1,1
4,2231,3,3,normal,normal,0,0
4,2232,2,2,injection,injection,1,1
4,2233,0,0,backdoor,backdoor,1,1
4,2234,2,2,injection,injection,1,1
4,2235,0,0,backdoor,backdoor,1,1
4,2236,0,0,backdoor,backdoor,1,1
4,2237,2,2,injection,injection,1,1
4,2238,0,2,backdoor,injection,1,1
4,2239,2,2,injection,injection,1,1
4,2240,2,2,injection,injection,1,1
4,2241,3,3,normal,normal,0,0
4,2242,3,3,normal,normal,0,0
4,2243,0,0,backdoor,backdoor,1,1
4,2244,4,4,password,password,1,1
4,2245,3,3,normal,normal,0,0
4,2246,3,3,normal,normal,0,0
4,2247,3,3,normal,normal,0,0
4,2248,3,3,normal,normal,0,0
4,2249,3,3,normal,normal,0,0
4,2250,3,3,normal,normal,0,0
4,2251,4,4,password,password,1,1
4,2252,4,4,password,password,1,1
4,2253,3,3,normal,normal,0,0
4,2254,2,2,injection,injection,1,1
4,2255,4,4,password,password,1,1
4,2256,3,3,normal,normal,0,0
4,2257,3,3,normal,normal,0,0
4,2258,3,3,normal,normal,0,0
4,2259,2,2,injection,injection,1,1
4,2260,2,2,injection,injection,1,1
4,2261,3,3,normal,normal,0,0
4,2262,2,2,injection,injection,1,1
4,2263,3,3,normal,normal,0,0
4,2264,3,3,normal,normal,0,0
4,2265,0,0,backdoor,backdoor,1,1
4,2266,2,2,injection,injection,1,1
4,2267,3,3,normal,normal,0,0
4,2268,3,3,normal,normal,0,0
4,2269,0,0,backdoor,backdoor,1,1
4,2270,2,2,injection,injection,1,1
4,2271,0,0,backdoor,backdoor,1,1
4,2272,2,2,injection,injection,1,1
4,2273,0,2,backdoor,injection,1,1
4,2274,2,2,injection,injection,1,1
4,2275,2,2,injection,injection,1,1
4,2276,2,2,injection,injection,1,1
4,2277,0,0,backdoor,backdoor,1,1
4,2278,3,3,normal,normal,0,0
4,2279,3,3,normal,normal,0,0
4,2280,4,4,password,password,1,1
4,2281,2,2,injection,injection,1,1
4,2282,2,2,injection,injection,1,1
4,2283,3,3,normal,normal,0,0
4,2284,4,4,password,password,1,1
4,2285,3,3,normal,normal,0,0
4,2286,4,4,password,password,1,1
4,2287,3,3,normal,normal,0,0
4,2288,3,3,normal,normal,0,0
4,2289,0,2,backdoor,injection,1,1
4,2290,4,4,password,password,1,1
4,2291,3,3,normal,normal,0,0
4,2292,3,3,normal,normal,0,0
4,2293,3,3,normal,normal,0,0
4,2294,4,4,password,password,1,1
4,2295,3,3,normal,normal,0,0
4,2296,4,4,password,password,1,1
4,2297,3,3,normal,normal,0,0
4,2298,3,3,normal,normal,0,0
4,2299,3,3,normal,normal,0,0
4,2300,2,2,injection,injection,1,1
4,2301,0,0,backdoor,backdoor,1,1
4,2302,4,4,password,password,1,1
4,2303,3,3,normal,normal,0,0
4,2304,2,2,injection,injection,1,1
4,2305,4,4,password,password,1,1
4,2306,0,0,backdoor,backdoor,1,1
4,2307,3,3,normal,normal,0,0
4,2308,0,0,backdoor,backdoor,1,1
4,2309,0,0,backdoor,backdoor,1,1
4,2310,0,0,backdoor,backdoor,1,1
4,2311,3,3,normal,normal,0,0
4,2312,3,3,normal,normal,0,0
4,2313,3,3,normal,normal,0,0
4,2314,3,3,normal,normal,0,0
4,2315,3,3,normal,normal,0,0
4,2316,3,3,normal,normal,0,0
4,2317,3,3,normal,normal,0,0
4,2318,0,0,backdoor,backdoor,1,1
4,2319,3,3,normal,normal,0,0
4,2320,4,4,password,password,1,1
4,2321,3,3,normal,normal,0,0
4,2322,3,3,normal,normal,0,0
4,2323,2,2,injection,injection,1,1
4,2324,3,3,normal,normal,0,0
4,2325,3,3,normal,normal,0,0
4,2326,2,2,injection,injection,1,1
4,2327,3,3,normal,normal,0,0
4,2328,3,3,normal,normal,0,0
4,2329,0,0,backdoor,backdoor,1,1
4,2330,3,3,normal,normal,0,0
4,2331,2,2,injection,injection,1,1
4,2332,3,3,normal,normal,0,0
4,2333,3,3,normal,normal,0,0
4,2334,3,3,normal,normal,0,0
4,2335,3,3,normal,normal,0,0
4,2336,4,4,password,password,1,1
4,2337,3,3,normal,normal,0,0
4,2338,3,3,normal,normal,0,0
4,2339,3,3,normal,normal,0,0
4,2340,0,0,backdoor,backdoor,1,1
4,2341,3,3,normal,normal,0,0
4,2342,3,3,normal,normal,0,0
4,2343,4,4,password,password,1,1
4,2344,3,3,normal,normal,0,0
4,2345,0,0,backdoor,backdoor,1,1
4,2346,3,3,normal,normal,0,0
4,2347,3,3,normal,normal,0,0
4,2348,4,4,password,password,1,1
4,2349,3,3,normal,normal,0,0
4,2350,3,3,normal,normal,0,0
4,2351,3,3,normal,normal,0,0
4,2352,4,4,password,password,1,1
4,2353,0,0,backdoor,backdoor,1,1
4,2354,3,3,normal,normal,0,0
4,2355,0,2,backdoor,injection,1,1
4,2356,3,3,normal,normal,0,0
4,2357,3,3,normal,normal,0,0
4,2358,0,0,backdoor,backdoor,1,1
4,2359,0,0,backdoor,backdoor,1,1
4,2360,2,2,injection,injection,1,1
4,2361,4,4,password,password,1,1
4,2362,4,4,password,password,1,1
4,2363,3,3,normal,normal,0,0
4,2364,3,3,normal,normal,0,0
4,2365,3,3,normal,normal,0,0
4,2366,3,3,normal,normal,0,0
4,2367,4,4,password,password,1,1
4,2368,3,3,normal,normal,0,0
4,2369,2,2,injection,injection,1,1
4,2370,2,2,injection,injection,1,1
4,2371,4,4,password,password,1,1
4,2372,3,3,normal,normal,0,0
4,2373,2,2,injection,injection,1,1
4,2374,3,3,normal,normal,0,0
4,2375,3,3,normal,normal,0,0
4,2376,0,0,backdoor,backdoor,1,1
4,2377,4,4,password,password,1,1
4,2378,3,3,normal,normal,0,0
4,2379,3,3,normal,normal,0,0
4,2380,2,2,injection,injection,1,1
4,2381,3,3,normal,normal,0,0
4,2382,0,0,backdoor,backdoor,1,1
4,2383,3,3,normal,normal,0,0
4,2384,0,0,backdoor,backdoor,1,1
4,2385,4,4,password,password,1,1
4,2386,3,3,normal,normal,0,0
4,2387,0,0,backdoor,backdoor,1,1
4,2388,3,3,normal,normal,0,0
4,2389,3,3,normal,normal,0,0
4,2390,4,4,password,password,1,1
4,2391,4,4,password,password,1,1
4,2392,2,2,injection,injection,1,1
4,2393,0,2,backdoor,injection,1,1
4,2394,3,3,normal,normal,0,0
4,2395,2,2,injection,injection,1,1
4,2396,3,3,normal,normal,0,0
4,2397,2,2,injection,injection,1,1
4,2398,3,3,normal,normal,0,0
4,2399,2,2,injection,injection,1,1
4,2400,3,3,normal,normal,0,0
4,2401,3,3,normal,normal,0,0
4,2402,4,4,password,password,1,1
4,2403,3,3,normal,normal,0,0
4,2404,3,3,normal,normal,0,0
4,2405,3,3,normal,normal,0,0
4,2406,0,2,backdoor,injection,1,1
4,2407,3,3,normal,normal,0,0
4,2408,3,3,normal,normal,0,0
4,2409,3,3,normal,normal,0,0
4,2410,2,2,injection,injection,1,1
4,2411,3,3,normal,normal,0,0
4,2412,0,0,backdoor,backdoor,1,1
4,2413,2,2,injection,injection,1,1
4,2414,4,4,password,password,1,1
4,2415,3,3,normal,normal,0,0
4,2416,3,3,normal,normal,0,0
4,2417,3,3,normal,normal,0,0
4,2418,4,4,password,password,1,1
4,2419,3,3,normal,normal,0,0
4,2420,0,2,backdoor,injection,1,1
4,2421,4,4,password,password,1,1
4,2422,0,2,backdoor,injection,1,1
4,2423,3,3,normal,normal,0,0
4,2424,3,3,normal,normal,0,0
4,2425,2,2,injection,injection,1,1
4,2426,3,3,normal,normal,0,0
4,2427,0,0,backdoor,backdoor,1,1
4,2428,0,0,backdoor,backdoor,1,1
4,2429,3,3,normal,normal,0,0
4,2430,4,4,password,password,1,1
4,2431,0,0,backdoor,backdoor,1,1
4,2432,3,3,normal,normal,0,0
4,2433,0,0,backdoor,backdoor,1,1
4,2434,2,2,injection,injection,1,1
4,2435,2,2,injection,injection,1,1
4,2436,3,3,normal,normal,0,0
4,2437,3,3,normal,normal,0,0
4,2438,3,3,normal,normal,0,0
4,2439,0,0,backdoor,backdoor,1,1
4,2440,4,4,password,password,1,1
4,2441,3,3,normal,normal,0,0
4,2442,2,2,injection,injection,1,1
4,2443,3,3,normal,normal,0,0
4,2444,4,4,password,password,1,1
4,2445,3,3,normal,normal,0,0
4,2446,4,4,password,password,1,1
4,2447,3,3,normal,normal,0,0
4,2448,2,2,injection,injection,1,1
4,2449,0,0,backdoor,backdoor,1,1
4,2450,0,0,backdoor,backdoor,1,1
4,2451,2,2,injection,injection,1,1
4,2452,4,4,password,password,1,1
4,2453,3,3,normal,normal,0,0
4,2454,0,0,backdoor,backdoor,1,1
4,2455,3,3,normal,normal,0,0
4,2456,3,3,normal,normal,0,0
4,2457,3,3,normal,normal,0,0
4,2458,2,2,injection,injection,1,1
4,2459,4,4,password,password,1,1
4,2460,2,2,injection,injection,1,1
4,2461,3,3,normal,normal,0,0
4,2462,3,3,normal,normal,0,0
4,2463,3,3,normal,normal,0,0
4,2464,3,3,normal,normal,0,0
4,2465,0,0,backdoor,backdoor,1,1
4,2466,4,4,password,password,1,1
4,2467,3,3,normal,normal,0,0
4,2468,3,3,normal,normal,0,0
4,2469,3,3,normal,normal,0,0
4,2470,4,4,password,password,1,1
4,2471,3,3,normal,normal,0,0
4,2472,4,4,password,password,1,1
4,2473,3,3,normal,normal,0,0
4,2474,3,3,normal,normal,0,0
4,2475,4,4,password,password,1,1
4,2476,0,0,backdoor,backdoor,1,1
4,2477,3,3,normal,normal,0,0
4,2478,2,2,injection,injection,1,1
4,2479,0,0,backdoor,backdoor,1,1
4,2480,2,2,injection,injection,1,1
4,2481,2,2,injection,injection,1,1
4,2482,3,3,normal,normal,0,0
4,2483,3,3,normal,normal,0,0
4,2484,3,3,normal,normal,0,0
4,2485,3,3,normal,normal,0,0
4,2486,0,2,backdoor,injection,1,1
4,2487,4,4,password,password,1,1
4,2488,3,3,normal,normal,0,0
4,2489,3,3,normal,normal,0,0
4,2490,0,0,backdoor,backdoor,1,1
4,2491,3,3,normal,normal,0,0
4,2492,2,2,injection,injection,1,1
4,2493,3,3,normal,normal,0,0
4,2494,4,4,password,password,1,1
4,2495,2,2,injection,injection,1,1
4,2496,3,3,normal,normal,0,0
4,2497,3,3,normal,normal,0,0
4,2498,3,3,normal,normal,0,0
4,2499,3,3,normal,normal,0,0
4,2500,3,3,normal,normal,0,0
4,2501,3,3,normal,normal,0,0
4,2502,3,3,normal,normal,0,0
4,2503,3,3,normal,normal,0,0
4,2504,3,3,normal,normal,0,0
4,2505,3,3,normal,normal,0,0
4,2506,3,3,normal,normal,0,0
4,2507,3,3,normal,normal,0,0
4,2508,4,4,password,password,1,1
4,2509,4,4,password,password,1,1
4,2510,3,3,normal,normal,0,0
4,2511,4,4,password,password,1,1
4,2512,0,2,backdoor,injection,1,1
4,2513,3,3,normal,normal,0,0
4,2514,3,3,normal,normal,0,0
4,2515,2,2,injection,injection,1,1
4,2516,3,3,normal,normal,0,0
4,2517,0,0,backdoor,backdoor,1,1
4,2518,3,3,normal,normal,0,0
4,2519,2,2,injection,injection,1,1
4,2520,3,3,normal,normal,0,0
4,2521,0,0,backdoor,backdoor,1,1
4,2522,0,0,backdoor,backdoor,1,1
4,2523,4,4,password,password,1,1
4,2524,3,3,normal,normal,0,0
4,2525,2,2,injection,injection,1,1
4,2526,0,2,backdoor,injection,1,1
4,2527,3,3,normal,normal,0,0
4,2528,3,3,normal,normal,0,0
4,2529,2,2,injection,injection,1,1
4,2530,3,3,normal,normal,0,0
4,2531,3,3,normal,normal,0,0
4,2532,3,3,normal,normal,0,0
4,2533,0,0,backdoor,backdoor,1,1
4,2534,0,0,backdoor,backdoor,1,1
4,2535,0,0,backdoor,backdoor,1,1
4,2536,2,2,injection,injection,1,1
4,2537,0,0,backdoor,backdoor,1,1
4,2538,2,2,injection,injection,1,1
4,2539,3,3,normal,normal,0,0
4,2540,4,4,password,password,1,1
4,2541,4,4,password,password,1,1
4,2542,3,3,normal,normal,0,0
4,2543,2,2,injection,injection,1,1
4,2544,0,0,backdoor,backdoor,1,1
4,2545,3,3,normal,normal,0,0
4,2546,0,0,backdoor,backdoor,1,1
4,2547,0,0,backdoor,backdoor,1,1
4,2548,4,4,password,password,1,1
4,2549,3,3,normal,normal,0,0
4,2550,0,0,backdoor,backdoor,1,1
4,2551,2,2,injection,injection,1,1
4,2552,3,3,normal,normal,0,0
4,2553,3,3,normal,normal,0,0
4,2554,3,3,normal,normal,0,0
4,2555,4,4,password,password,1,1
4,2556,3,3,normal,normal,0,0
4,2557,3,3,normal,normal,0,0
4,2558,3,3,normal,normal,0,0
4,2559,3,3,normal,normal,0,0
4,2560,3,3,normal,normal,0,0
4,2561,0,0,backdoor,backdoor,1,1
4,2562,3,3,normal,normal,0,0
4,2563,3,3,normal,normal,0,0
4,2564,0,0,backdoor,backdoor,1,1
4,2565,3,3,normal,normal,0,0
4,2566,4,4,password,password,1,1
4,2567,3,3,normal,normal,0,0
4,2568,0,0,backdoor,backdoor,1,1
4,2569,2,2,injection,injection,1,1
4,2570,0,0,backdoor,backdoor,1,1
4,2571,3,3,normal,normal,0,0
4,2572,3,3,normal,normal,0,0
4,2573,3,3,normal,normal,0,0
4,2574,2,2,injection,injection,1,1
4,2575,3,3,normal,normal,0,0
4,2576,2,2,injection,injection,1,1
4,2577,2,2,injection,injection,1,1
4,2578,2,2,injection,injection,1,1
4,2579,3,3,normal,normal,0,0
4,2580,3,3,normal,normal,0,0
4,2581,3,3,normal,normal,0,0
4,2582,0,2,backdoor,injection,1,1
4,2583,3,3,normal,normal,0,0
4,2584,4,4,password,password,1,1
4,2585,3,3,normal,normal,0,0
4,2586,3,3,normal,normal,0,0
4,2587,3,3,normal,normal,0,0
4,2588,4,4,password,password,1,1
4,2589,3,3,normal,normal,0,0
4,2590,3,3,normal,normal,0,0
4,2591,4,4,password,password,1,1
4,2592,3,3,normal,normal,0,0
4,2593,2,2,injection,injection,1,1
4,2594,3,3,normal,normal,0,0
4,2595,3,3,normal,normal,0,0
4,2596,2,2,injection,injection,1,1
4,2597,3,3,normal,normal,0,0
4,2598,3,3,normal,normal,0,0
4,2599,2,2,injection,injection,1,1
4,2600,0,0,backdoor,backdoor,1,1
4,2601,3,3,normal,normal,0,0
4,2602,2,2,injection,injection,1,1
4,2603,2,2,injection,injection,1,1
4,2604,0,0,backdoor,backdoor,1,1
4,2605,3,3,normal,normal,0,0
4,2606,0,0,backdoor,backdoor,1,1
4,2607,3,3,normal,normal,0,0
4,2608,4,4,password,password,1,1
4,2609,4,4,password,password,1,1
4,2610,2,2,injection,injection,1,1
4,2611,2,2,injection,injection,1,1
4,2612,4,4,password,password,1,1
4,2613,3,3,normal,normal,0,0
4,2614,3,3,normal,normal,0,0
4,2615,4,4,password,password,1,1
4,2616,2,2,injection,injection,1,1
4,2617,0,2,backdoor,injection,1,1
4,2618,3,3,normal,normal,0,0
4,2619,3,3,normal,normal,0,0
4,2620,2,2,injection,injection,1,1
4,2621,3,3,normal,normal,0,0
4,2622,3,3,normal,normal,0,0
4,2623,2,2,injection,injection,1,1
4,2624,4,4,password,password,1,1
4,2625,3,3,normal,normal,0,0
4,2626,3,3,normal,normal,0,0
4,2627,4,4,password,password,1,1
4,2628,2,2,injection,injection,1,1
4,2629,3,3,normal,normal,0,0
4,2630,3,3,normal,normal,0,0
4,2631,4,4,password,password,1,1
4,2632,3,3,normal,normal,0,0
4,2633,3,3,normal,normal,0,0
4,2634,3,3,normal,normal,0,0
4,2635,3,3,normal,normal,0,0
4,2636,4,4,password,password,1,1
4,2637,2,2,injection,injection,1,1
4,2638,3,3,normal,normal,0,0
4,2639,0,2,backdoor,injection,1,1
4,2640,4,4,password,password,1,1
4,2641,0,0,backdoor,backdoor,1,1
4,2642,0,0,backdoor,backdoor,1,1
4,2643,2,2,injection,injection,1,1
4,2644,3,3,normal,normal,0,0
4,2645,3,3,normal,normal,0,0
4,2646,4,4,password,password,1,1
4,2647,2,2,injection,injection,1,1
4,2648,4,4,password,password,1,1
4,2649,3,3,normal,normal,0,0
4,2650,4,4,password,password,1,1
4,2651,0,2,backdoor,injection,1,1
4,2652,2,2,injection,injection,1,1
4,2653,4,4,password,password,1,1
4,2654,3,3,normal,normal,0,0
4,2655,3,3,normal,normal,0,0
4,2656,3,3,normal,normal,0,0
4,2657,2,2,injection,injection,1,1
4,2658,3,3,normal,normal,0,0
4,2659,3,3,normal,normal,0,0
4,2660,2,2,injection,injection,1,1
4,2661,0,0,backdoor,backdoor,1,1
4,2662,0,2,backdoor,injection,1,1
4,2663,3,3,normal,normal,0,0
4,2664,3,3,normal,normal,0,0
4,2665,3,3,normal,normal,0,0
4,2666,3,3,normal,normal,0,0
4,2667,0,0,backdoor,backdoor,1,1
4,2668,3,3,normal,normal,0,0
4,2669,3,3,normal,normal,0,0
4,2670,3,3,normal,normal,0,0
4,2671,0,0,backdoor,backdoor,1,1
4,2672,2,2,injection,injection,1,1
4,2673,4,4,password,password,1,1
4,2674,0,2,backdoor,injection,1,1
4,2675,3,3,normal,normal,0,0
4,2676,3,3,normal,normal,0,0
4,2677,3,3,normal,normal,0,0
4,2678,2,2,injection,injection,1,1
4,2679,3,3,normal,normal,0,0
4,2680,4,4,password,password,1,1
4,2681,4,4,password,password,1,1
4,2682,3,3,normal,normal,0,0
4,2683,3,3,normal,normal,0,0
4,2684,4,4,password,password,1,1
4,2685,0,0,backdoor,backdoor,1,1
4,2686,0,0,backdoor,backdoor,1,1
4,2687,2,2,injection,injection,1,1
4,2688,0,2,backdoor,injection,1,1
4,2689,4,4,password,password,1,1
4,2690,3,3,normal,normal,0,0
4,2691,2,2,injection,injection,1,1
4,2692,4,4,password,password,1,1
4,2693,4,4,password,password,1,1
4,2694,4,4,password,password,1,1
4,2695,2,2,injection,injection,1,1
4,2696,4,4,password,password,1,1
4,2697,3,3,normal,normal,0,0
4,2698,0,0,backdoor,backdoor,1,1
4,2699,3,3,normal,normal,0,0
4,2700,2,2,injection,injection,1,1
4,2701,3,3,normal,normal,0,0
4,2702,3,3,normal,normal,0,0
4,2703,3,3,normal,normal,0,0
4,2704,4,4,password,password,1,1
4,2705,2,2,injection,injection,1,1
4,2706,0,0,backdoor,backdoor,1,1
4,2707,4,4,password,password,1,1
4,2708,2,2,injection,injection,1,1
4,2709,3,3,normal,normal,0,0
4,2710,2,2,injection,injection,1,1
4,2711,3,3,normal,normal,0,0
4,2712,3,3,normal,normal,0,0
4,2713,2,2,injection,injection,1,1
4,2714,3,3,normal,normal,0,0
4,2715,3,3,normal,normal,0,0
4,2716,3,3,normal,normal,0,0
4,2717,0,0,backdoor,backdoor,1,1
4,2718,0,0,backdoor,backdoor,1,1
4,2719,0,0,backdoor,backdoor,1,1
4,2720,0,0,backdoor,backdoor,1,1
4,2721,0,0,backdoor,backdoor,1,1
4,2722,4,4,password,password,1,1
4,2723,3,3,normal,normal,0,0
4,2724,3,3,normal,normal,0,0
4,2725,3,3,normal,normal,0,0
4,2726,3,3,normal,normal,0,0
4,2727,4,4,password,password,1,1
4,2728,4,4,password,password,1,1
4,2729,0,0,backdoor,backdoor,1,1
4,2730,4,4,password,password,1,1
4,2731,3,3,normal,normal,0,0
4,2732,4,4,password,password,1,1
4,2733,2,2,injection,injection,1,1
4,2734,4,4,password,password,1,1
4,2735,3,3,normal,normal,0,0
4,2736,3,3,normal,normal,0,0
4,2737,3,3,normal,normal,0,0
4,2738,3,3,normal,normal,0,0
4,2739,3,3,normal,normal,0,0
4,2740,4,4,password,password,1,1
4,2741,3,3,normal,normal,0,0
4,2742,0,2,backdoor,injection,1,1
4,2743,3,3,normal,normal,0,0
4,2744,0,0,backdoor,backdoor,1,1
4,2745,2,2,injection,injection,1,1
4,2746,0,0,backdoor,backdoor,1,1
4,2747,0,0,backdoor,backdoor,1,1
4,2748,4,4,password,password,1,1
4,2749,3,3,normal,normal,0,0
4,2750,4,4,password,password,1,1
4,2751,3,3,normal,normal,0,0
4,2752,2,2,injection,injection,1,1
4,2753,3,3,normal,normal,0,0
4,2754,3,3,normal,normal,0,0
4,2755,3,3,normal,normal,0,0
4,2756,4,4,password,password,1,1
4,2757,4,4,password,password,1,1
4,2758,3,3,normal,normal,0,0
4,2759,0,0,backdoor,backdoor,1,1
4,2760,4,4,password,password,1,1
4,2761,3,3,normal,normal,0,0
4,2762,3,3,normal,normal,0,0
4,2763,0,0,backdoor,backdoor,1,1
4,2764,3,3,normal,normal,0,0
4,2765,3,3,normal,normal,0,0
4,2766,2,2,injection,injection,1,1
4,2767,3,3,normal,normal,0,0
4,2768,3,3,normal,normal,0,0
4,2769,3,3,normal,normal,0,0
4,2770,0,0,backdoor,backdoor,1,1
4,2771,3,3,normal,normal,0,0
4,2772,3,3,normal,normal,0,0
4,2773,3,3,normal,normal,0,0
4,2774,3,3,normal,normal,0,0
4,2775,3,3,normal,normal,0,0
4,2776,4,4,password,password,1,1
4,2777,3,3,normal,normal,0,0
4,2778,3,3,normal,normal,0,0
4,2779,3,3,normal,normal,0,0
4,2780,3,3,normal,normal,0,0
4,2781,4,4,password,password,1,1
4,2782,2,2,injection,injection,1,1
4,2783,3,3,normal,normal,0,0
4,2784,2,2,injection,injection,1,1
4,2785,4,4,password,password,1,1
4,2786,4,4,password,password,1,1
4,2787,3,3,normal,normal,0,0
4,2788,3,3,normal,normal,0,0
4,2789,0,0,backdoor,backdoor,1,1
4,2790,3,3,normal,normal,0,0
4,2791,0,0,backdoor,backdoor,1,1
4,2792,3,3,normal,normal,0,0
4,2793,3,3,normal,normal,0,0
4,2794,4,4,password,password,1,1
4,2795,3,3,normal,normal,0,0
4,2796,3,3,normal,normal,0,0
4,2797,2,2,injection,injection,1,1
4,2798,2,2,injection,injection,1,1
4,2799,0,2,backdoor,injection,1,1
4,2800,3,3,normal,normal,0,0
4,2801,3,3,normal,normal,0,0
4,2802,0,0,backdoor,backdoor,1,1
4,2803,3,3,normal,normal,0,0
4,2804,3,3,normal,normal,0,0
4,2805,3,3,normal,normal,0,0
4,2806,0,0,backdoor,backdoor,1,1
4,2807,3,3,normal,normal,0,0
4,2808,2,2,injection,injection,1,1
4,2809,3,3,normal,normal,0,0
4,2810,3,3,normal,normal,0,0
4,2811,3,3,normal,normal,0,0
4,2812,0,0,backdoor,backdoor,1,1
4,2813,0,0,backdoor,backdoor,1,1
4,2814,3,3,normal,normal,0,0
4,2815,4,4,password,password,1,1
4,2816,3,3,normal,normal,0,0
4,2817,3,3,normal,normal,0,0
4,2818,2,2,injection,injection,1,1
4,2819,2,2,injection,injection,1,1
4,2820,3,3,normal,normal,0,0
4,2821,4,4,password,password,1,1
4,2822,3,3,normal,normal,0,0
4,2823,3,3,normal,normal,0,0
4,2824,2,2,injection,injection,1,1
4,2825,4,4,password,password,1,1
4,2826,0,0,backdoor,backdoor,1,1
4,2827,2,2,injection,injection,1,1
4,2828,3,3,normal,normal,0,0
4,2829,3,3,normal,normal,0,0
4,2830,4,4,password,password,1,1
4,2831,3,3,normal,normal,0,0
4,2832,3,3,normal,normal,0,0
4,2833,3,3,normal,normal,0,0
4,2834,0,0,backdoor,backdoor,1,1
4,2835,2,2,injection,injection,1,1
4,2836,2,2,injection,injection,1,1
4,2837,3,3,normal,normal,0,0
4,2838,3,3,normal,normal,0,0
4,2839,4,4,password,password,1,1
4,2840,3,3,normal,normal,0,0
4,2841,0,0,backdoor,backdoor,1,1
4,2842,3,3,normal,normal,0,0
4,2843,0,0,backdoor,backdoor,1,1
4,2844,2,2,injection,injection,1,1
4,2845,3,3,normal,normal,0,0
4,2846,4,4,password,password,1,1
4,2847,0,0,backdoor,backdoor,1,1
4,2848,3,3,normal,normal,0,0
4,2849,3,3,normal,normal,0,0
4,2850,3,3,normal,normal,0,0
4,2851,3,3,normal,normal,0,0
4,2852,2,2,injection,injection,1,1
4,2853,3,3,normal,normal,0,0
4,2854,3,3,normal,normal,0,0
4,2855,0,0,backdoor,backdoor,1,1
4,2856,4,4,password,password,1,1
4,2857,3,3,normal,normal,0,0
4,2858,4,4,password,password,1,1
4,2859,2,2,injection,injection,1,1
4,2860,4,4,password,password,1,1
4,2861,3,3,normal,normal,0,0
4,2862,3,3,normal,normal,0,0
4,2863,2,2,injection,injection,1,1
4,2864,3,3,normal,normal,0,0
4,2865,3,3,normal,normal,0,0
4,2866,2,2,injection,injection,1,1
4,2867,3,3,normal,normal,0,0
4,2868,3,3,normal,normal,0,0
4,2869,0,0,backdoor,backdoor,1,1
4,2870,3,3,normal,normal,0,0
4,2871,3,3,normal,normal,0,0
4,2872,3,3,normal,normal,0,0
4,2873,3,3,normal,normal,0,0
4,2874,3,3,normal,normal,0,0
4,2875,0,2,backdoor,injection,1,1
4,2876,3,3,normal,normal,0,0
4,2877,3,3,normal,normal,0,0
4,2878,0,0,backdoor,backdoor,1,1
4,2879,3,3,normal,normal,0,0
4,2880,0,0,backdoor,backdoor,1,1
4,2881,0,0,backdoor,backdoor,1,1
4,2882,2,2,injection,injection,1,1
4,2883,2,2,injection,injection,1,1
4,2884,3,3,normal,normal,0,0
4,2885,4,4,password,password,1,1
4,2886,3,3,normal,normal,0,0
4,2887,3,3,normal,normal,0,0
4,2888,3,3,normal,normal,0,0
4,2889,4,4,password,password,1,1
4,2890,4,4,password,password,1,1
4,2891,2,2,injection,injection,1,1
4,2892,0,0,backdoor,backdoor,1,1
4,2893,3,3,normal,normal,0,0
4,2894,2,2,injection,injection,1,1
4,2895,4,4,password,password,1,1
4,2896,2,2,injection,injection,1,1
4,2897,2,2,injection,injection,1,1
4,2898,0,0,backdoor,backdoor,1,1
4,2899,0,0,backdoor,backdoor,1,1
4,2900,3,3,normal,normal,0,0
4,2901,3,3,normal,normal,0,0
4,2902,3,3,normal,normal,0,0
4,2903,3,3,normal,normal,0,0
4,2904,0,0,backdoor,backdoor,1,1
4,2905,0,0,backdoor,backdoor,1,1
4,2906,0,2,backdoor,injection,1,1
4,2907,2,2,injection,injection,1,1
4,2908,3,3,normal,normal,0,0
4,2909,2,2,injection,injection,1,1
4,2910,3,3,normal,normal,0,0
4,2911,2,2,injection,injection,1,1
4,2912,3,3,normal,normal,0,0
4,2913,4,4,password,password,1,1
4,2914,3,3,normal,normal,0,0
4,2915,4,4,password,password,1,1
4,2916,4,4,password,password,1,1
4,2917,3,3,normal,normal,0,0
4,2918,3,3,normal,normal,0,0
4,2919,3,3,normal,normal,0,0
4,2920,4,4,password,password,1,1
4,2921,3,3,normal,normal,0,0
4,2922,3,3,normal,normal,0,0
4,2923,2,2,injection,injection,1,1
4,2924,0,0,backdoor,backdoor,1,1
4,2925,4,4,password,password,1,1
4,2926,4,4,password,password,1,1
4,2927,3,3,normal,normal,0,0
4,2928,0,0,backdoor,backdoor,1,1
4,2929,3,3,normal,normal,0,0
4,2930,2,2,injection,injection,1,1
4,2931,3,3,normal,normal,0,0
4,2932,0,0,backdoor,backdoor,1,1
4,2933,4,4,password,password,1,1
4,2934,0,0,backdoor,backdoor,1,1
4,2935,3,3,normal,normal,0,0
4,2936,2,2,injection,injection,1,1
4,2937,2,2,injection,injection,1,1
4,2938,3,3,normal,normal,0,0
4,2939,0,0,backdoor,backdoor,1,1
4,2940,3,3,normal,normal,0,0
4,2941,0,0,backdoor,backdoor,1,1
4,2942,0,0,backdoor,backdoor,1,1
4,2943,3,3,normal,normal,0,0
4,2944,2,2,injection,injection,1,1
4,2945,4,4,password,password,1,1
4,2946,3,3,normal,normal,0,0
4,2947,3,3,normal,normal,0,0
4,2948,3,3,normal,normal,0,0
4,2949,3,3,normal,normal,0,0
4,2950,4,4,password,password,1,1
4,2951,2,2,injection,injection,1,1
4,2952,0,0,backdoor,backdoor,1,1
4,2953,4,4,password,password,1,1
4,2954,0,0,backdoor,backdoor,1,1
4,2955,3,3,normal,normal,0,0
4,2956,0,0,backdoor,backdoor,1,1
4,2957,0,2,backdoor,injection,1,1
4,2958,3,3,normal,normal,0,0
4,2959,3,3,normal,normal,0,0
4,2960,0,0,backdoor,backdoor,1,1
4,2961,3,3,normal,normal,0,0
4,2962,4,4,password,password,1,1
4,2963,2,2,injection,injection,1,1
4,2964,3,3,normal,normal,0,0
4,2965,2,2,injection,injection,1,1
4,2966,3,3,normal,normal,0,0
4,2967,0,0,backdoor,backdoor,1,1
4,2968,2,2,injection,injection,1,1
4,2969,3,3,normal,normal,0,0
4,2970,3,3,normal,normal,0,0
4,2971,3,3,normal,normal,0,0
4,2972,4,4,password,password,1,1
4,2973,3,3,normal,normal,0,0
4,2974,3,3,normal,normal,0,0
4,2975,0,0,backdoor,backdoor,1,1
4,2976,3,3,normal,normal,0,0
4,2977,2,2,injection,injection,1,1
4,2978,2,2,injection,injection,1,1
4,2979,0,2,backdoor,injection,1,1
4,2980,3,3,normal,normal,0,0
4,2981,2,2,injection,injection,1,1
4,2982,2,2,injection,injection,1,1
4,2983,3,3,normal,normal,0,0
4,2984,3,3,normal,normal,0,0
4,2985,0,0,backdoor,backdoor,1,1
4,2986,0,0,backdoor,backdoor,1,1
4,2987,3,3,normal,normal,0,0
4,2988,3,3,normal,normal,0,0
4,2989,2,2,injection,injection,1,1
4,2990,3,3,normal,normal,0,0
4,2991,3,3,normal,normal,0,0
4,2992,0,2,backdoor,injection,1,1
4,2993,4,4,password,password,1,1
4,2994,3,3,normal,normal,0,0
4,2995,2,2,injection,injection,1,1
4,2996,3,3,normal,normal,0,0
4,2997,3,3,normal,normal,0,0
4,2998,4,4,password,password,1,1
4,2999,4,4,password,password,1,1
4,3000,3,3,normal,normal,0,0
4,3001,3,3,normal,normal,0,0
4,3002,3,3,normal,normal,0,0
4,3003,3,3,normal,normal,0,0
4,3004,3,3,normal,normal,0,0
4,3005,3,3,normal,normal,0,0
4,3006,3,3,normal,normal,0,0
4,3007,0,0,backdoor,backdoor,1,1
4,3008,3,3,normal,normal,0,0
4,3009,2,2,injection,injection,1,1
4,3010,3,3,normal,normal,0,0
4,3011,2,2,injection,injection,1,1
4,3012,3,3,normal,normal,0,0
4,3013,3,3,normal,normal,0,0
4,3014,0,0,backdoor,backdoor,1,1
4,3015,3,3,normal,normal,0,0
4,3016,3,3,normal,normal,0,0
4,3017,3,3,normal,normal,0,0
4,3018,3,3,normal,normal,0,0
4,3019,2,2,injection,injection,1,1
4,3020,3,3,normal,normal,0,0
4,3021,3,3,normal,normal,0,0
4,3022,3,3,normal,normal,0,0
4,3023,3,3,normal,normal,0,0
4,3024,0,0,backdoor,backdoor,1,1
4,3025,0,0,backdoor,backdoor,1,1
4,3026,3,3,normal,normal,0,0
4,3027,2,2,injection,injection,1,1
4,3028,2,2,injection,injection,1,1
4,3029,3,3,normal,normal,0,0
4,3030,3,3,normal,normal,0,0
4,3031,2,2,injection,injection,1,1
4,3032,2,2,injection,injection,1,1
4,3033,3,3,normal,normal,0,0
4,3034,3,3,normal,normal,0,0
4,3035,2,2,injection,injection,1,1
4,3036,2,2,injection,injection,1,1
4,3037,4,4,password,password,1,1
4,3038,3,3,normal,normal,0,0
4,3039,0,0,backdoor,backdoor,1,1
4,3040,2,2,injection,injection,1,1
4,3041,3,3,normal,normal,0,0
4,3042,3,3,normal,normal,0,0
4,3043,3,3,normal,normal,0,0
4,3044,4,4,password,password,1,1
4,3045,3,3,normal,normal,0,0
4,3046,3,3,normal,normal,0,0
4,3047,4,4,password,password,1,1
4,3048,3,3,normal,normal,0,0
4,3049,3,3,normal,normal,0,0
4,3050,3,3,normal,normal,0,0
4,3051,4,4,password,password,1,1
4,3052,0,0,backdoor,backdoor,1,1
4,3053,2,2,injection,injection,1,1
4,3054,3,3,normal,normal,0,0
4,3055,0,0,backdoor,backdoor,1,1
4,3056,0,0,backdoor,backdoor,1,1
4,3057,3,3,normal,normal,0,0
4,3058,2,2,injection,injection,1,1
4,3059,3,3,normal,normal,0,0
4,3060,3,3,normal,normal,0,0
4,3061,4,4,password,password,1,1
4,3062,0,0,backdoor,backdoor,1,1
4,3063,4,4,password,password,1,1
4,3064,3,3,normal,normal,0,0
4,3065,3,3,normal,normal,0,0
4,3066,2,2,injection,injection,1,1
4,3067,3,3,normal,normal,0,0
4,3068,4,4,password,password,1,1
4,3069,4,4,password,password,1,1
4,3070,0,0,backdoor,backdoor,1,1
4,3071,3,3,normal,normal,0,0
4,3072,3,3,normal,normal,0,0
4,3073,3,3,normal,normal,0,0
4,3074,0,0,backdoor,backdoor,1,1
4,3075,0,0,backdoor,backdoor,1,1
4,3076,2,2,injection,injection,1,1
4,3077,4,4,password,password,1,1
4,3078,3,3,normal,normal,0,0
4,3079,3,3,normal,normal,0,0
4,3080,2,2,injection,injection,1,1
4,3081,0,0,backdoor,backdoor,1,1
4,3082,2,2,injection,injection,1,1
4,3083,3,3,normal,normal,0,0
4,3084,0,0,backdoor,backdoor,1,1
4,3085,0,2,backdoor,injection,1,1
4,3086,3,3,normal,normal,0,0
4,3087,3,3,normal,normal,0,0
4,3088,3,3,normal,normal,0,0
4,3089,3,3,normal,normal,0,0
4,3090,3,3,normal,normal,0,0
4,3091,3,3,normal,normal,0,0
4,3092,3,3,normal,normal,0,0
4,3093,4,4,password,password,1,1
4,3094,3,3,normal,normal,0,0
4,3095,2,2,injection,injection,1,1
4,3096,2,2,injection,injection,1,1
4,3097,4,4,password,password,1,1
4,3098,3,3,normal,normal,0,0
4,3099,2,2,injection,injection,1,1
4,3100,4,4,password,password,1,1
4,3101,2,2,injection,injection,1,1
4,3102,2,2,injection,injection,1,1
4,3103,3,3,normal,normal,0,0
4,3104,3,3,normal,normal,0,0
4,3105,3,3,normal,normal,0,0
4,3106,2,2,injection,injection,1,1
4,3107,0,0,backdoor,backdoor,1,1
4,3108,0,0,backdoor,backdoor,1,1
4,3109,4,4,password,password,1,1
4,3110,3,3,normal,normal,0,0
4,3111,2,2,injection,injection,1,1
4,3112,0,0,backdoor,backdoor,1,1
4,3113,3,3,normal,normal,0,0
4,3114,3,3,normal,normal,0,0
4,3115,2,2,injection,injection,1,1
4,3116,2,2,injection,injection,1,1
4,3117,2,2,injection,injection,1,1
4,3118,2,2,injection,injection,1,1
4,3119,4,4,password,password,1,1
4,3120,3,3,normal,normal,0,0
4,3121,2,2,injection,injection,1,1
4,3122,3,3,normal,normal,0,0
4,3123,4,4,password,password,1,1
4,3124,4,4,password,password,1,1
4,3125,3,3,normal,normal,0,0
4,3126,3,3,normal,normal,0,0
4,3127,4,4,password,password,1,1
4,3128,4,4,password,password,1,1
4,3129,2,2,injection,injection,1,1
4,3130,2,2,injection,injection,1,1
4,3131,3,3,normal,normal,0,0
4,3132,3,3,normal,normal,0,0
4,3133,3,3,normal,normal,0,0
4,3134,3,3,normal,normal,0,0
4,3135,3,3,normal,normal,0,0
4,3136,0,0,backdoor,backdoor,1,1
4,3137,4,4,password,password,1,1
4,3138,3,3,normal,normal,0,0
4,3139,3,3,normal,normal,0,0
4,3140,3,3,normal,normal,0,0
4,3141,0,0,backdoor,backdoor,1,1
4,3142,3,3,normal,normal,0,0
4,3143,0,0,backdoor,backdoor,1,1
4,3144,2,2,injection,injection,1,1
4,3145,0,0,backdoor,backdoor,1,1
4,3146,0,0,backdoor,backdoor,1,1
4,3147,3,3,normal,normal,0,0
4,3148,4,4,password,password,1,1
4,3149,4,4,password,password,1,1
4,3150,3,3,normal,normal,0,0
4,3151,3,3,normal,normal,0,0
4,3152,2,2,injection,injection,1,1
4,3153,3,3,normal,normal,0,0
4,3154,3,3,normal,normal,0,0
4,3155,3,3,normal,normal,0,0
4,3156,4,4,password,password,1,1
4,3157,3,3,normal,normal,0,0
4,3158,2,2,injection,injection,1,1
4,3159,3,3,normal,normal,0,0
4,3160,3,3,normal,normal,0,0
4,3161,3,3,normal,normal,0,0
4,3162,4,4,password,password,1,1
4,3163,2,2,injection,injection,1,1
4,3164,0,2,backdoor,injection,1,1
4,3165,3,3,normal,normal,0,0
4,3166,0,0,backdoor,backdoor,1,1
4,3167,3,3,normal,normal,0,0
4,3168,3,3,normal,normal,0,0
4,3169,2,2,injection,injection,1,1
4,3170,0,2,backdoor,injection,1,1
4,3171,3,3,normal,normal,0,0
4,3172,4,4,password,password,1,1
4,3173,2,2,injection,injection,1,1
4,3174,3,3,normal,normal,0,0
4,3175,0,0,backdoor,backdoor,1,1
4,3176,3,3,normal,normal,0,0
4,3177,3,3,normal,normal,0,0
4,3178,3,3,normal,normal,0,0
4,3179,0,2,backdoor,injection,1,1
4,3180,2,2,injection,injection,1,1
4,3181,0,0,backdoor,backdoor,1,1
4,3182,4,4,password,password,1,1
4,3183,3,3,normal,normal,0,0
4,3184,4,4,password,password,1,1
4,3185,4,4,password,password,1,1
4,3186,3,3,normal,normal,0,0
4,3187,0,0,backdoor,backdoor,1,1
4,3188,2,2,injection,injection,1,1
4,3189,3,3,normal,normal,0,0
4,3190,3,3,normal,normal,0,0
4,3191,0,0,backdoor,backdoor,1,1
4,3192,2,2,injection,injection,1,1
4,3193,3,3,normal,normal,0,0
4,3194,2,2,injection,injection,1,1
4,3195,2,2,injection,injection,1,1
4,3196,3,3,normal,normal,0,0
4,3197,0,0,backdoor,backdoor,1,1
4,3198,3,3,normal,normal,0,0
4,3199,0,0,backdoor,backdoor,1,1
4,3200,3,3,normal,normal,0,0
4,3201,4,4,password,password,1,1
4,3202,2,2,injection,injection,1,1
4,3203,0,0,backdoor,backdoor,1,1
4,3204,4,4,password,password,1,1
4,3205,0,2,backdoor,injection,1,1
4,3206,3,3,normal,normal,0,0
4,3207,3,3,normal,normal,0,0
4,3208,3,3,normal,normal,0,0
4,3209,4,4,password,password,1,1
4,3210,0,0,backdoor,backdoor,1,1
4,3211,4,4,password,password,1,1
4,3212,2,2,injection,injection,1,1
4,3213,3,3,normal,normal,0,0
4,3214,3,3,normal,normal,0,0
4,3215,3,3,normal,normal,0,0
4,3216,3,3,normal,normal,0,0
4,3217,0,0,backdoor,backdoor,1,1
4,3218,3,3,normal,normal,0,0
4,3219,3,3,normal,normal,0,0
4,3220,3,3,normal,normal,0,0
4,3221,3,3,normal,normal,0,0
4,3222,4,4,password,password,1,1
4,3223,3,3,normal,normal,0,0
4,3224,3,3,normal,normal,0,0
4,3225,2,2,injection,injection,1,1
4,3226,4,4,password,password,1,1
4,3227,0,0,backdoor,backdoor,1,1
4,3228,2,2,injection,injection,1,1
4,3229,3,3,normal,normal,0,0
4,3230,3,3,normal,normal,0,0
4,3231,3,3,normal,normal,0,0
4,3232,3,3,normal,normal,0,0
4,3233,3,3,normal,normal,0,0
4,3234,3,3,normal,normal,0,0
4,3235,2,2,injection,injection,1,1
4,3236,3,3,normal,normal,0,0
4,3237,0,0,backdoor,backdoor,1,1
4,3238,2,0,injection,backdoor,1,1
4,3239,3,3,normal,normal,0,0
4,3240,4,4,password,password,1,1
4,3241,4,4,password,password,1,1
4,3242,0,0,backdoor,backdoor,1,1
4,3243,3,3,normal,normal,0,0
4,3244,3,3,normal,normal,0,0
4,3245,0,0,backdoor,backdoor,1,1
4,3246,4,4,password,password,1,1
4,3247,3,3,normal,normal,0,0
4,3248,0,2,backdoor,injection,1,1
4,3249,4,4,password,password,1,1
4,3250,0,0,backdoor,backdoor,1,1
4,3251,4,4,password,password,1,1
4,3252,3,3,normal,normal,0,0
4,3253,3,3,normal,normal,0,0
4,3254,3,3,normal,normal,0,0
4,3255,4,4,password,password,1,1
4,3256,2,2,injection,injection,1,1
4,3257,3,3,normal,normal,0,0
4,3258,3,3,normal,normal,0,0
4,3259,3,3,normal,normal,0,0
4,3260,0,0,backdoor,backdoor,1,1
4,3261,3,3,normal,normal,0,0
4,3262,4,4,password,password,1,1
4,3263,3,3,normal,normal,0,0
4,3264,0,0,backdoor,backdoor,1,1
4,3265,2,2,injection,injection,1,1
4,3266,2,2,injection,injection,1,1
4,3267,3,3,normal,normal,0,0
4,3268,0,0,backdoor,backdoor,1,1
4,3269,3,3,normal,normal,0,0
4,3270,3,3,normal,normal,0,0
4,3271,0,0,backdoor,backdoor,1,1
4,3272,3,3,normal,normal,0,0
4,3273,2,2,injection,injection,1,1
4,3274,3,3,normal,normal,0,0
4,3275,2,2,injection,injection,1,1
4,3276,3,3,normal,normal,0,0
4,3277,2,2,injection,injection,1,1
4,3278,2,2,injection,injection,1,1
4,3279,3,3,normal,normal,0,0
4,3280,3,3,normal,normal,0,0
4,3281,2,2,injection,injection,1,1
4,3282,0,0,backdoor,backdoor,1,1
4,3283,3,3,normal,normal,0,0
4,3284,4,4,password,password,1,1
4,3285,3,3,normal,normal,0,0
4,3286,3,3,normal,normal,0,0
4,3287,4,4,password,password,1,1
4,3288,3,3,normal,normal,0,0
4,3289,3,3,normal,normal,0,0
4,3290,3,3,normal,normal,0,0
4,3291,3,3,normal,normal,0,0
4,3292,3,3,normal,normal,0,0
4,3293,3,3,normal,normal,0,0
4,3294,4,4,password,password,1,1
4,3295,0,2,backdoor,injection,1,1
4,3296,3,3,normal,normal,0,0
4,3297,4,4,password,password,1,1
4,3298,3,3,normal,normal,0,0
4,3299,2,2,injection,injection,1,1
4,3300,3,3,normal,normal,0,0
4,3301,2,2,injection,injection,1,1
4,3302,4,4,password,password,1,1
4,3303,3,3,normal,normal,0,0
4,3304,3,3,normal,normal,0,0
4,3305,3,3,normal,normal,0,0
4,3306,2,2,injection,injection,1,1
4,3307,3,3,normal,normal,0,0
4,3308,3,3,normal,normal,0,0
4,3309,3,3,normal,normal,0,0
4,3310,2,2,injection,injection,1,1
4,3311,3,3,normal,normal,0,0
4,3312,3,3,normal,normal,0,0
4,3313,4,4,password,password,1,1
4,3314,4,4,password,password,1,1
4,3315,3,3,normal,normal,0,0
4,3316,2,2,injection,injection,1,1
4,3317,0,0,backdoor,backdoor,1,1
4,3318,0,0,backdoor,backdoor,1,1
4,3319,4,4,password,password,1,1
4,3320,2,2,injection,injection,1,1
4,3321,3,3,normal,normal,0,0
4,3322,3,3,normal,normal,0,0
4,3323,3,3,normal,normal,0,0
4,3324,3,3,normal,normal,0,0
4,3325,3,3,normal,normal,0,0
4,3326,0,0,backdoor,backdoor,1,1
4,3327,3,3,normal,normal,0,0
4,3328,0,0,backdoor,backdoor,1,1
4,3329,3,3,normal,normal,0,0
4,3330,2,2,injection,injection,1,1
4,3331,4,4,password,password,1,1
4,3332,4,4,password,password,1,1
4,3333,3,3,normal,normal,0,0
4,3334,3,3,normal,normal,0,0
4,3335,4,4,password,password,1,1
4,3336,0,2,backdoor,injection,1,1
4,3337,2,2,injection,injection,1,1
4,3338,3,3,normal,normal,0,0
4,3339,4,4,password,password,1,1
4,3340,0,0,backdoor,backdoor,1,1
4,3341,3,3,normal,normal,0,0
4,3342,3,3,normal,normal,0,0
4,3343,3,3,normal,normal,0,0
4,3344,3,3,normal,normal,0,0
4,3345,2,2,injection,injection,1,1
4,3346,3,3,normal,normal,0,0
4,3347,3,3,normal,normal,0,0
4,3348,2,2,injection,injection,1,1
4,3349,2,2,injection,injection,1,1
4,3350,0,0,backdoor,backdoor,1,1
4,3351,2,2,injection,injection,1,1
4,3352,2,2,injection,injection,1,1
4,3353,2,2,injection,injection,1,1
4,3354,2,2,injection,injection,1,1
4,3355,3,3,normal,normal,0,0
4,3356,3,3,normal,normal,0,0
4,3357,2,2,injection,injection,1,1
4,3358,3,3,normal,normal,0,0
4,3359,3,3,normal,normal,0,0
4,3360,0,0,backdoor,backdoor,1,1
4,3361,3,3,normal,normal,0,0
4,3362,3,3,normal,normal,0,0
4,3363,4,4,password,password,1,1
4,3364,4,4,password,password,1,1
4,3365,3,3,normal,normal,0,0
4,3366,0,0,backdoor,backdoor,1,1
4,3367,3,3,normal,normal,0,0
4,3368,3,3,normal,normal,0,0
4,3369,3,3,normal,normal,0,0
4,3370,3,3,normal,normal,0,0
4,3371,3,3,normal,normal,0,0
4,3372,0,0,backdoor,backdoor,1,1
4,3373,4,4,password,password,1,1
4,3374,3,3,normal,normal,0,0
4,3375,3,3,normal,normal,0,0
4,3376,0,2,backdoor,injection,1,1
4,3377,2,2,injection,injection,1,1
4,3378,3,3,normal,normal,0,0
4,3379,2,2,injection,injection,1,1
4,3380,3,3,normal,normal,0,0
4,3381,4,4,password,password,1,1
4,3382,3,3,normal,normal,0,0
4,3383,2,2,injection,injection,1,1
4,3384,3,3,normal,normal,0,0
4,3385,3,3,normal,normal,0,0
4,3386,3,3,normal,normal,0,0
4,3387,3,3,normal,normal,0,0
4,3388,3,3,normal,normal,0,0
4,3389,3,3,normal,normal,0,0
4,3390,2,2,injection,injection,1,1
4,3391,3,3,normal,normal,0,0
4,3392,3,3,normal,normal,0,0
4,3393,3,3,normal,normal,0,0
4,3394,3,3,normal,normal,0,0
4,3395,3,3,normal,normal,0,0
4,3396,3,3,normal,normal,0,0
4,3397,0,0,backdoor,backdoor,1,1
4,3398,3,3,normal,normal,0,0
4,3399,4,4,password,password,1,1
4,3400,4,4,password,password,1,1
4,3401,2,2,injection,injection,1,1
4,3402,3,3,normal,normal,0,0
4,3403,0,0,backdoor,backdoor,1,1
4,3404,3,3,normal,normal,0,0
4,3405,4,4,password,password,1,1
4,3406,4,4,password,password,1,1
4,3407,3,3,normal,normal,0,0
4,3408,4,4,password,password,1,1
4,3409,0,0,backdoor,backdoor,1,1
4,3410,0,0,backdoor,backdoor,1,1
4,3411,3,3,normal,normal,0,0
4,3412,3,3,normal,normal,0,0
4,3413,3,3,normal,normal,0,0
4,3414,3,3,normal,normal,0,0
4,3415,3,3,normal,normal,0,0
4,3416,0,0,backdoor,backdoor,1,1
4,3417,3,3,normal,normal,0,0
4,3418,4,4,password,password,1,1
4,3419,3,3,normal,normal,0,0
4,3420,0,0,backdoor,backdoor,1,1
4,3421,4,4,password,password,1,1
4,3422,3,3,normal,normal,0,0
4,3423,0,2,backdoor,injection,1,1
4,3424,2,2,injection,injection,1,1
4,3425,0,2,backdoor,injection,1,1
4,3426,2,2,injection,injection,1,1
4,3427,0,2,backdoor,injection,1,1
4,3428,3,3,normal,normal,0,0
4,3429,3,3,normal,normal,0,0
4,3430,4,4,password,password,1,1
4,3431,3,3,normal,normal,0,0
4,3432,2,2,injection,injection,1,1
4,3433,3,3,normal,normal,0,0
4,3434,3,3,normal,normal,0,0
4,3435,4,4,password,password,1,1
4,3436,4,4,password,password,1,1
4,3437,4,4,password,password,1,1
4,3438,3,3,normal,normal,0,0
4,3439,3,3,normal,normal,0,0
4,3440,4,4,password,password,1,1
4,3441,2,2,injection,injection,1,1
4,3442,3,3,normal,normal,0,0
4,3443,3,3,normal,normal,0,0
4,3444,0,0,backdoor,backdoor,1,1
4,3445,3,3,normal,normal,0,0
4,3446,4,4,password,password,1,1
4,3447,2,2,injection,injection,1,1
4,3448,0,0,backdoor,backdoor,1,1
4,3449,3,3,normal,normal,0,0
4,3450,3,3,normal,normal,0,0
4,3451,2,2,injection,injection,1,1
4,3452,2,2,injection,injection,1,1
4,3453,3,3,normal,normal,0,0
4,3454,4,4,password,password,1,1
4,3455,3,3,normal,normal,0,0
4,3456,4,4,password,password,1,1
4,3457,2,2,injection,injection,1,1
4,3458,2,0,injection,backdoor,1,1
4,3459,4,4,password,password,1,1
4,3460,3,3,normal,normal,0,0
4,3461,2,2,injection,injection,1,1
4,3462,0,0,backdoor,backdoor,1,1
4,3463,3,3,normal,normal,0,0
4,3464,0,0,backdoor,backdoor,1,1
4,3465,3,3,normal,normal,0,0
4,3466,0,0,backdoor,backdoor,1,1
4,3467,3,3,normal,normal,0,0
4,3468,4,4,password,password,1,1
4,3469,2,2,injection,injection,1,1
4,3470,2,2,injection,injection,1,1
4,3471,3,3,normal,normal,0,0
4,3472,3,3,normal,normal,0,0
4,3473,3,3,normal,normal,0,0
4,3474,4,4,password,password,1,1
4,3475,3,3,normal,normal,0,0
4,3476,3,3,normal,normal,0,0
4,3477,0,0,backdoor,backdoor,1,1
4,3478,3,3,normal,normal,0,0
4,3479,3,3,normal,normal,0,0
4,3480,0,0,backdoor,backdoor,1,1
4,3481,3,3,normal,normal,0,0
4,3482,3,3,normal,normal,0,0
4,3483,0,0,backdoor,backdoor,1,1
4,3484,3,3,normal,normal,0,0
4,3485,3,3,normal,normal,0,0
4,3486,3,3,normal,normal,0,0
4,3487,3,3,normal,normal,0,0
4,3488,3,3,normal,normal,0,0
4,3489,0,0,backdoor,backdoor,1,1
4,3490,3,3,normal,normal,0,0
4,3491,2,2,injection,injection,1,1
4,3492,4,4,password,password,1,1
4,3493,3,3,normal,normal,0,0
4,3494,3,3,normal,normal,0,0
4,3495,0,3,backdoor,normal,1,0
4,3496,0,0,backdoor,backdoor,1,1
4,3497,3,3,normal,normal,0,0
4,3498,0,0,backdoor,backdoor,1,1
4,3499,3,3,normal,normal,0,0
4,3500,4,4,password,password,1,1
4,3501,2,2,injection,injection,1,1
4,3502,0,0,backdoor,backdoor,1,1
4,3503,0,2,backdoor,injection,1,1
4,3504,0,0,backdoor,backdoor,1,1
4,3505,2,2,injection,injection,1,1
4,3506,4,4,password,password,1,1
4,3507,4,4,password,password,1,1
4,3508,4,4,password,password,1,1
4,3509,3,3,normal,normal,0,0
4,3510,3,3,normal,normal,0,0
4,3511,3,3,normal,normal,0,0
4,3512,3,3,normal,normal,0,0
4,3513,2,2,injection,injection,1,1
4,3514,3,3,normal,normal,0,0
4,3515,0,0,backdoor,backdoor,1,1
4,3516,2,2,injection,injection,1,1
4,3517,3,3,normal,normal,0,0
4,3518,3,3,normal,normal,0,0
4,3519,3,3,normal,normal,0,0
4,3520,3,3,normal,normal,0,0
4,3521,3,3,normal,normal,0,0
4,3522,4,4,password,password,1,1
4,3523,3,3,normal,normal,0,0
4,3524,2,2,injection,injection,1,1
4,3525,2,2,injection,injection,1,1
4,3526,3,3,normal,normal,0,0
4,3527,4,4,password,password,1,1
4,3528,3,3,normal,normal,0,0
4,3529,3,3,normal,normal,0,0
4,3530,3,3,normal,normal,0,0
4,3531,2,2,injection,injection,1,1
4,3532,4,4,password,password,1,1
4,3533,3,3,normal,normal,0,0
4,3534,3,3,normal,normal,0,0
4,3535,4,4,password,password,1,1
4,3536,0,0,backdoor,backdoor,1,1
4,3537,3,3,normal,normal,0,0
4,3538,3,3,normal,normal,0,0
4,3539,4,4,password,password,1,1
4,3540,3,3,normal,normal,0,0
4,3541,3,3,normal,normal,0,0
4,3542,3,3,normal,normal,0,0
4,3543,3,3,normal,normal,0,0
4,3544,3,3,normal,normal,0,0
4,3545,3,3,normal,normal,0,0
4,3546,0,0,backdoor,backdoor,1,1
4,3547,0,2,backdoor,injection,1,1
4,3548,3,3,normal,normal,0,0
4,3549,2,2,injection,injection,1,1
4,3550,2,2,injection,injection,1,1
4,3551,0,0,backdoor,backdoor,1,1
4,3552,3,3,normal,normal,0,0
4,3553,3,3,normal,normal,0,0
4,3554,3,3,normal,normal,0,0
4,3555,4,4,password,password,1,1
4,3556,3,3,normal,normal,0,0
4,3557,4,4,password,password,1,1
4,3558,3,3,normal,normal,0,0
4,3559,3,3,normal,normal,0,0
4,3560,0,0,backdoor,backdoor,1,1
4,3561,3,3,normal,normal,0,0
4,3562,0,0,backdoor,backdoor,1,1
4,3563,3,3,normal,normal,0,0
4,3564,4,4,password,password,1,1
4,3565,4,4,password,password,1,1
4,3566,4,4,password,password,1,1
4,3567,3,3,normal,normal,0,0
4,3568,0,0,backdoor,backdoor,1,1
4,3569,2,2,injection,injection,1,1
4,3570,4,4,password,password,1,1
4,3571,4,4,password,password,1,1
4,3572,3,3,normal,normal,0,0
4,3573,3,3,normal,normal,0,0
4,3574,3,3,normal,normal,0,0
4,3575,3,3,normal,normal,0,0
4,3576,4,4,password,password,1,1
4,3577,3,3,normal,normal,0,0
4,3578,3,3,normal,normal,0,0
4,3579,2,2,injection,injection,1,1
4,3580,4,4,password,password,1,1
4,3581,3,3,normal,normal,0,0
4,3582,3,3,normal,normal,0,0
4,3583,3,3,normal,normal,0,0
4,3584,4,4,password,password,1,1
4,3585,3,3,normal,normal,0,0
4,3586,3,3,normal,normal,0,0
4,3587,3,3,normal,normal,0,0
4,3588,0,0,backdoor,backdoor,1,1
4,3589,0,0,backdoor,backdoor,1,1
4,3590,3,3,normal,normal,0,0
4,3591,3,3,normal,normal,0,0
4,3592,3,3,normal,normal,0,0
4,3593,3,3,normal,normal,0,0
4,3594,4,4,password,password,1,1
4,3595,2,2,injection,injection,1,1
4,3596,3,3,normal,normal,0,0
4,3597,3,3,normal,normal,0,0
4,3598,0,0,backdoor,backdoor,1,1
4,3599,4,4,password,password,1,1
4,3600,0,0,backdoor,backdoor,1,1
4,3601,2,2,injection,injection,1,1
4,3602,3,3,normal,normal,0,0
4,3603,0,0,backdoor,backdoor,1,1
4,3604,0,0,backdoor,backdoor,1,1
4,3605,3,3,normal,normal,0,0
4,3606,2,2,injection,injection,1,1
4,3607,3,3,normal,normal,0,0
4,3608,3,3,normal,normal,0,0
4,3609,3,3,normal,normal,0,0
4,3610,2,2,injection,injection,1,1
4,3611,3,3,normal,normal,0,0
4,3612,4,4,password,password,1,1
4,3613,2,2,injection,injection,1,1
4,3614,3,3,normal,normal,0,0
4,3615,2,2,injection,injection,1,1
4,3616,4,4,password,password,1,1
4,3617,4,4,password,password,1,1
4,3618,0,0,backdoor,backdoor,1,1
4,3619,4,4,password,password,1,1
4,3620,3,3,normal,normal,0,0
4,3621,4,4,password,password,1,1
4,3622,4,4,password,password,1,1
4,3623,3,3,normal,normal,0,0
4,3624,3,3,normal,normal,0,0
4,3625,3,3,normal,normal,0,0
4,3626,3,3,normal,normal,0,0
4,3627,2,2,injection,injection,1,1
4,3628,2,2,injection,injection,1,1
4,3629,2,2,injection,injection,1,1
4,3630,3,3,normal,normal,0,0
4,3631,4,4,password,password,1,1
4,3632,4,4,password,password,1,1
4,3633,3,3,normal,normal,0,0
4,3634,2,2,injection,injection,1,1
4,3635,4,4,password,password,1,1
4,3636,0,3,backdoor,normal,1,0
4,3637,3,3,normal,normal,0,0
4,3638,2,2,injection,injection,1,1
4,3639,3,3,normal,normal,0,0
4,3640,3,3,normal,normal,0,0
4,3641,3,3,normal,normal,0,0
4,3642,0,0,backdoor,backdoor,1,1
4,3643,3,3,normal,normal,0,0
4,3644,3,3,normal,normal,0,0
4,3645,2,2,injection,injection,1,1
4,3646,3,3,normal,normal,0,0
4,3647,2,2,injection,injection,1,1
4,3648,3,3,normal,normal,0,0
4,3649,4,4,password,password,1,1
4,3650,3,3,normal,normal,0,0
4,3651,3,3,normal,normal,0,0
4,3652,2,2,injection,injection,1,1
4,3653,3,3,normal,normal,0,0
4,3654,4,4,password,password,1,1
4,3655,3,3,normal,normal,0,0
4,3656,3,3,normal,normal,0,0
4,3657,2,2,injection,injection,1,1
4,3658,3,3,normal,normal,0,0
4,3659,0,0,backdoor,backdoor,1,1
4,3660,3,3,normal,normal,0,0
4,3661,0,0,backdoor,backdoor,1,1
4,3662,3,3,normal,normal,0,0
4,3663,3,3,normal,normal,0,0
4,3664,3,3,normal,normal,0,0
4,3665,3,3,normal,normal,0,0
4,3666,0,0,backdoor,backdoor,1,1
4,3667,0,0,backdoor,backdoor,1,1
4,3668,4,4,password,password,1,1
4,3669,3,3,normal,normal,0,0
4,3670,0,0,backdoor,backdoor,1,1
4,3671,3,3,normal,normal,0,0
4,3672,4,4,password,password,1,1
4,3673,0,0,backdoor,backdoor,1,1
4,3674,2,2,injection,injection,1,1
4,3675,3,3,normal,normal,0,0
4,3676,4,4,password,password,1,1
4,3677,3,3,normal,normal,0,0
4,3678,3,3,normal,normal,0,0
4,3679,0,2,backdoor,injection,1,1
4,3680,0,0,backdoor,backdoor,1,1
4,3681,2,2,injection,injection,1,1
4,3682,4,4,password,password,1,1
4,3683,3,3,normal,normal,0,0
4,3684,3,3,normal,normal,0,0
4,3685,3,3,normal,normal,0,0
4,3686,4,4,password,password,1,1
4,3687,2,2,injection,injection,1,1
4,3688,3,3,normal,normal,0,0
4,3689,3,3,normal,normal,0,0
4,3690,3,3,normal,normal,0,0
4,3691,0,3,backdoor,normal,1,0
4,3692,3,3,normal,normal,0,0
4,3693,3,3,normal,normal,0,0
4,3694,2,2,injection,injection,1,1
4,3695,3,3,normal,normal,0,0
4,3696,4,4,password,password,1,1
4,3697,3,3,normal,normal,0,0
4,3698,3,3,normal,normal,0,0
4,3699,3,3,normal,normal,0,0
4,3700,3,3,normal,normal,0,0
4,3701,2,2,injection,injection,1,1
4,3702,3,3,normal,normal,0,0
4,3703,4,4,password,password,1,1
4,3704,3,3,normal,normal,0,0
4,3705,3,3,normal,normal,0,0
4,3706,2,2,injection,injection,1,1
4,3707,4,4,password,password,1,1
4,3708,2,2,injection,injection,1,1
4,3709,2,2,injection,injection,1,1
4,3710,2,2,injection,injection,1,1
4,3711,3,3,normal,normal,0,0
4,3712,3,3,normal,normal,0,0
4,3713,3,3,normal,normal,0,0
4,3714,0,0,backdoor,backdoor,1,1
4,3715,0,0,backdoor,backdoor,1,1
4,3716,3,3,normal,normal,0,0
4,3717,3,3,normal,normal,0,0
4,3718,0,0,backdoor,backdoor,1,1
4,3719,3,3,normal,normal,0,0
4,3720,3,3,normal,normal,0,0
4,3721,3,3,normal,normal,0,0
4,3722,3,3,normal,normal,0,0
4,3723,3,3,normal,normal,0,0
4,3724,3,3,normal,normal,0,0
4,3725,3,3,normal,normal,0,0
4,3726,2,2,injection,injection,1,1
4,3727,3,3,normal,normal,0,0
4,3728,4,4,password,password,1,1
4,3729,4,4,password,password,1,1
4,3730,3,3,normal,normal,0,0
4,3731,3,3,normal,normal,0,0
4,3732,0,0,backdoor,backdoor,1,1
4,3733,4,4,password,password,1,1
4,3734,0,0,backdoor,backdoor,1,1
4,3735,0,0,backdoor,backdoor,1,1
4,3736,2,2,injection,injection,1,1
4,3737,2,2,injection,injection,1,1
4,3738,3,3,normal,normal,0,0
4,3739,3,3,normal,normal,0,0
4,3740,0,2,backdoor,injection,1,1
4,3741,0,0,backdoor,backdoor,1,1
4,3742,0,0,backdoor,backdoor,1,1
4,3743,4,4,password,password,1,1
4,3744,0,2,backdoor,injection,1,1
4,3745,2,2,injection,injection,1,1
4,3746,3,3,normal,normal,0,0
4,3747,3,3,normal,normal,0,0
4,3748,0,0,backdoor,backdoor,1,1
4,3749,0,0,backdoor,backdoor,1,1
4,3750,2,2,injection,injection,1,1
4,3751,3,3,normal,normal,0,0
4,3752,3,3,normal,normal,0,0
4,3753,3,3,normal,normal,0,0
4,3754,0,0,backdoor,backdoor,1,1
4,3755,3,3,normal,normal,0,0
4,3756,0,0,backdoor,backdoor,1,1
4,3757,4,4,password,password,1,1
4,3758,4,4,password,password,1,1
4,3759,4,4,password,password,1,1
4,3760,3,3,normal,normal,0,0
4,3761,3,3,normal,normal,0,0
4,3762,4,4,password,password,1,1
4,3763,0,0,backdoor,backdoor,1,1
4,3764,3,3,normal,normal,0,0
4,3765,2,2,injection,injection,1,1
4,3766,4,4,password,password,1,1
4,3767,0,0,backdoor,backdoor,1,1
4,3768,3,3,normal,normal,0,0
4,3769,3,3,normal,normal,0,0
4,3770,0,0,backdoor,backdoor,1,1
4,3771,3,3,normal,normal,0,0
4,3772,2,2,injection,injection,1,1
4,3773,3,3,normal,normal,0,0
4,3774,3,3,normal,normal,0,0
4,3775,3,3,normal,normal,0,0
4,3776,3,3,normal,normal,0,0
4,3777,3,3,normal,normal,0,0
4,3778,3,3,normal,normal,0,0
4,3779,4,4,password,password,1,1
4,3780,3,3,normal,normal,0,0
4,3781,0,0,backdoor,backdoor,1,1
4,3782,4,4,password,password,1,1
4,3783,2,0,injection,backdoor,1,1
4,3784,0,0,backdoor,backdoor,1,1
4,3785,3,3,normal,normal,0,0
4,3786,3,3,normal,normal,0,0
4,3787,3,3,normal,normal,0,0
4,3788,3,3,normal,normal,0,0
4,3789,0,0,backdoor,backdoor,1,1
4,3790,4,4,password,password,1,1
4,3791,4,4,password,password,1,1
4,3792,3,3,normal,normal,0,0
4,3793,3,3,normal,normal,0,0
4,3794,4,4,password,password,1,1
4,3795,0,0,backdoor,backdoor,1,1
4,3796,0,0,backdoor,backdoor,1,1
4,3797,3,3,normal,normal,0,0
4,3798,3,3,normal,normal,0,0
4,3799,3,3,normal,normal,0,0
4,3800,3,3,normal,normal,0,0
4,3801,4,4,password,password,1,1
4,3802,3,3,normal,normal,0,0
4,3803,0,0,backdoor,backdoor,1,1
4,3804,4,4,password,password,1,1
4,3805,3,3,normal,normal,0,0
4,3806,4,4,password,password,1,1
4,3807,3,3,normal,normal,0,0
4,3808,2,2,injection,injection,1,1
4,3809,3,3,normal,normal,0,0
4,3810,3,3,normal,normal,0,0
4,3811,4,4,password,password,1,1
4,3812,2,2,injection,injection,1,1
4,3813,2,2,injection,injection,1,1
4,3814,0,0,backdoor,backdoor,1,1
4,3815,4,4,password,password,1,1
4,3816,3,3,normal,normal,0,0
4,3817,4,4,password,password,1,1
4,3818,2,0,injection,backdoor,1,1
4,3819,0,0,backdoor,backdoor,1,1
4,3820,3,3,normal,normal,0,0
4,3821,2,2,injection,injection,1,1
4,3822,4,4,password,password,1,1
4,3823,3,3,normal,normal,0,0
4,3824,3,3,normal,normal,0,0
4,3825,3,3,normal,normal,0,0
4,3826,0,0,backdoor,backdoor,1,1
4,3827,0,2,backdoor,injection,1,1
4,3828,4,4,password,password,1,1
4,3829,0,0,backdoor,backdoor,1,1
4,3830,0,2,backdoor,injection,1,1
4,3831,3,3,normal,normal,0,0
4,3832,3,3,normal,normal,0,0
4,3833,3,3,normal,normal,0,0
4,3834,3,3,normal,normal,0,0
4,3835,4,4,password,password,1,1
4,3836,4,4,password,password,1,1
4,3837,2,2,injection,injection,1,1
4,3838,3,3,normal,normal,0,0
4,3839,4,4,password,password,1,1
4,3840,3,3,normal,normal,0,0
4,3841,3,3,normal,normal,0,0
4,3842,3,3,normal,normal,0,0
4,3843,3,3,normal,normal,0,0
4,3844,0,0,backdoor,backdoor,1,1
4,3845,3,3,normal,normal,0,0
4,3846,4,4,password,password,1,1
4,3847,2,2,injection,injection,1,1
4,3848,3,3,normal,normal,0,0
4,3849,3,3,normal,normal,0,0
4,3850,3,3,normal,normal,0,0
4,3851,0,2,backdoor,injection,1,1
4,3852,2,2,injection,injection,1,1
4,3853,0,0,backdoor,backdoor,1,1
4,3854,4,4,password,password,1,1
4,3855,3,3,normal,normal,0,0
4,3856,3,3,normal,normal,0,0
4,3857,0,0,backdoor,backdoor,1,1
4,3858,0,0,backdoor,backdoor,1,1
4,3859,3,3,normal,normal,0,0
4,3860,4,4,password,password,1,1
4,3861,3,3,normal,normal,0,0
4,3862,2,2,injection,injection,1,1
4,3863,2,2,injection,injection,1,1
4,3864,0,0,backdoor,backdoor,1,1
4,3865,4,4,password,password,1,1
4,3866,3,3,normal,normal,0,0
4,3867,0,0,backdoor,backdoor,1,1
4,3868,4,4,password,password,1,1
4,3869,3,3,normal,normal,0,0
4,3870,2,2,injection,injection,1,1
4,3871,0,0,backdoor,backdoor,1,1
4,3872,3,3,normal,normal,0,0
4,3873,2,2,injection,injection,1,1
4,3874,4,4,password,password,1,1
4,3875,3,3,normal,normal,0,0
4,3876,4,4,password,password,1,1
4,3877,3,3,normal,normal,0,0
4,3878,3,3,normal,normal,0,0
4,3879,3,3,normal,normal,0,0
4,3880,3,3,normal,normal,0,0
4,3881,3,3,normal,normal,0,0
4,3882,0,0,backdoor,backdoor,1,1
4,3883,3,3,normal,normal,0,0
4,3884,3,3,normal,normal,0,0
4,3885,0,0,backdoor,backdoor,1,1
4,3886,3,3,normal,normal,0,0
4,3887,2,2,injection,injection,1,1
4,3888,3,3,normal,normal,0,0
4,3889,4,4,password,password,1,1
4,3890,0,0,backdoor,backdoor,1,1
4,3891,0,0,backdoor,backdoor,1,1
4,3892,4,4,password,password,1,1
4,3893,3,3,normal,normal,0,0
4,3894,0,0,backdoor,backdoor,1,1
4,3895,2,2,injection,injection,1,1
4,3896,0,0,backdoor,backdoor,1,1
4,3897,0,0,backdoor,backdoor,1,1
4,3898,3,3,normal,normal,0,0
4,3899,2,2,injection,injection,1,1
4,3900,4,4,password,password,1,1
4,3901,3,3,normal,normal,0,0
4,3902,3,3,normal,normal,0,0
4,3903,2,2,injection,injection,1,1
4,3904,3,3,normal,normal,0,0
4,3905,0,0,backdoor,backdoor,1,1
4,3906,2,2,injection,injection,1,1
4,3907,3,3,normal,normal,0,0
4,3908,3,3,normal,normal,0,0
4,3909,3,3,normal,normal,0,0
4,3910,3,3,normal,normal,0,0
4,3911,3,3,normal,normal,0,0
4,3912,3,3,normal,normal,0,0
4,3913,3,3,normal,normal,0,0
4,3914,3,3,normal,normal,0,0
4,3915,3,3,normal,normal,0,0
4,3916,3,3,normal,normal,0,0
4,3917,3,3,normal,normal,0,0
4,3918,3,3,normal,normal,0,0
4,3919,3,3,normal,normal,0,0
4,3920,3,3,normal,normal,0,0
4,3921,3,3,normal,normal,0,0
4,3922,2,2,injection,injection,1,1
4,3923,0,0,backdoor,backdoor,1,1
4,3924,2,2,injection,injection,1,1
4,3925,4,4,password,password,1,1
4,3926,3,3,normal,normal,0,0
4,3927,2,2,injection,injection,1,1
4,3928,3,3,normal,normal,0,0
4,3929,0,0,backdoor,backdoor,1,1
4,3930,2,2,injection,injection,1,1
4,3931,2,2,injection,injection,1,1
4,3932,0,0,backdoor,backdoor,1,1
4,3933,3,3,normal,normal,0,0
4,3934,3,3,normal,normal,0,0
4,3935,4,4,password,password,1,1
4,3936,2,2,injection,injection,1,1
4,3937,0,0,backdoor,backdoor,1,1
4,3938,3,3,normal,normal,0,0
4,3939,3,3,normal,normal,0,0
4,3940,3,3,normal,normal,0,0
4,3941,4,4,password,password,1,1
4,3942,3,3,normal,normal,0,0
4,3943,3,3,normal,normal,0,0
4,3944,3,3,normal,normal,0,0
4,3945,0,0,backdoor,backdoor,1,1
4,3946,2,2,injection,injection,1,1
4,3947,4,4,password,password,1,1
4,3948,3,3,normal,normal,0,0
4,3949,3,3,normal,normal,0,0
4,3950,0,0,backdoor,backdoor,1,1
4,3951,0,0,backdoor,backdoor,1,1
4,3952,3,3,normal,normal,0,0
4,3953,0,0,backdoor,backdoor,1,1
4,3954,3,3,normal,normal,0,0
4,3955,4,4,password,password,1,1
4,3956,3,3,normal,normal,0,0
4,3957,4,4,password,password,1,1
4,3958,2,2,injection,injection,1,1
4,3959,3,3,normal,normal,0,0
4,3960,3,3,normal,normal,0,0
4,3961,0,0,backdoor,backdoor,1,1
4,3962,3,3,normal,normal,0,0
4,3963,2,2,injection,injection,1,1
4,3964,3,3,normal,normal,0,0
4,3965,2,2,injection,injection,1,1
4,3966,3,3,normal,normal,0,0
4,3967,3,3,normal,normal,0,0
4,3968,2,2,injection,injection,1,1
4,3969,0,0,backdoor,backdoor,1,1
4,3970,3,3,normal,normal,0,0
4,3971,4,4,password,password,1,1
4,3972,2,2,injection,injection,1,1
4,3973,0,0,backdoor,backdoor,1,1
4,3974,3,3,normal,normal,0,0
4,3975,3,3,normal,normal,0,0
4,3976,0,0,backdoor,backdoor,1,1
4,3977,2,2,injection,injection,1,1
4,3978,4,4,password,password,1,1
4,3979,3,3,normal,normal,0,0
4,3980,0,0,backdoor,backdoor,1,1
4,3981,3,3,normal,normal,0,0
4,3982,3,3,normal,normal,0,0
4,3983,3,3,normal,normal,0,0
4,3984,2,2,injection,injection,1,1
4,3985,2,2,injection,injection,1,1
4,3986,3,3,normal,normal,0,0
4,3987,3,3,normal,normal,0,0
4,3988,3,3,normal,normal,0,0
4,3989,3,3,normal,normal,0,0
4,3990,2,2,injection,injection,1,1
4,3991,4,4,password,password,1,1
4,3992,3,3,normal,normal,0,0
4,3993,3,3,normal,normal,0,0
4,3994,4,4,password,password,1,1
4,3995,3,3,normal,normal,0,0
4,3996,2,2,injection,injection,1,1
4,3997,3,3,normal,normal,0,0
4,3998,3,3,normal,normal,0,0
4,3999,3,3,normal,normal,0,0
4,4000,3,3,normal,normal,0,0
4,4001,3,3,normal,normal,0,0
4,4002,3,3,normal,normal,0,0
4,4003,0,2,backdoor,injection,1,1
4,4004,2,2,injection,injection,1,1
4,4005,3,3,normal,normal,0,0
4,4006,4,4,password,password,1,1
4,4007,3,3,normal,normal,0,0
4,4008,4,4,password,password,1,1
4,4009,3,3,normal,normal,0,0
4,4010,2,2,injection,injection,1,1
4,4011,0,0,backdoor,backdoor,1,1
4,4012,3,3,normal,normal,0,0
4,4013,3,3,normal,normal,0,0
4,4014,3,3,normal,normal,0,0
4,4015,2,2,injection,injection,1,1
4,4016,3,3,normal,normal,0,0
4,4017,3,3,normal,normal,0,0
4,4018,0,0,backdoor,backdoor,1,1
4,4019,3,3,normal,normal,0,0
4,4020,2,2,injection,injection,1,1
4,4021,4,4,password,password,1,1
4,4022,4,4,password,password,1,1
4,4023,3,3,normal,normal,0,0
4,4024,4,4,password,password,1,1
4,4025,0,0,backdoor,backdoor,1,1
4,4026,3,3,normal,normal,0,0
4,4027,3,3,normal,normal,0,0
4,4028,3,3,normal,normal,0,0
4,4029,3,3,normal,normal,0,0
4,4030,3,3,normal,normal,0,0
4,4031,3,3,normal,normal,0,0
4,4032,3,3,normal,normal,0,0
4,4033,0,0,backdoor,backdoor,1,1
4,4034,0,0,backdoor,backdoor,1,1
4,4035,0,0,backdoor,backdoor,1,1
4,4036,0,0,backdoor,backdoor,1,1
4,4037,3,3,normal,normal,0,0
4,4038,4,4,password,password,1,1
4,4039,3,3,normal,normal,0,0
4,4040,3,3,normal,normal,0,0
4,4041,4,4,password,password,1,1
4,4042,4,4,password,password,1,1
4,4043,3,3,normal,normal,0,0
4,4044,2,2,injection,injection,1,1
4,4045,4,4,password,password,1,1
4,4046,2,2,injection,injection,1,1
4,4047,2,2,injection,injection,1,1
4,4048,3,3,normal,normal,0,0
4,4049,4,4,password,password,1,1
4,4050,3,3,normal,normal,0,0
4,4051,4,4,password,password,1,1
4,4052,3,3,normal,normal,0,0
4,4053,3,3,normal,normal,0,0
4,4054,3,3,normal,normal,0,0
4,4055,3,3,normal,normal,0,0
4,4056,3,3,normal,normal,0,0
4,4057,4,4,password,password,1,1
4,4058,3,3,normal,normal,0,0
4,4059,4,4,password,password,1,1
4,4060,0,0,backdoor,backdoor,1,1
4,4061,4,4,password,password,1,1
4,4062,3,3,normal,normal,0,0
4,4063,0,0,backdoor,backdoor,1,1
4,4064,0,0,backdoor,backdoor,1,1
4,4065,4,4,password,password,1,1
4,4066,2,2,injection,injection,1,1
4,4067,0,0,backdoor,backdoor,1,1
4,4068,0,0,backdoor,backdoor,1,1
4,4069,2,2,injection,injection,1,1
4,4070,3,3,normal,normal,0,0
4,4071,4,4,password,password,1,1
4,4072,3,3,normal,normal,0,0
4,4073,4,4,password,password,1,1
4,4074,3,3,normal,normal,0,0
4,4075,3,3,normal,normal,0,0
4,4076,3,3,normal,normal,0,0
4,4077,4,4,password,password,1,1
4,4078,0,0,backdoor,backdoor,1,1
4,4079,0,0,backdoor,backdoor,1,1
4,4080,4,4,password,password,1,1
4,4081,3,3,normal,normal,0,0
4,4082,3,3,normal,normal,0,0
4,4083,4,4,password,password,1,1
4,4084,3,3,normal,normal,0,0
4,4085,3,3,normal,normal,0,0
4,4086,2,2,injection,injection,1,1
4,4087,3,3,normal,normal,0,0
4,4088,0,0,backdoor,backdoor,1,1
4,4089,2,2,injection,injection,1,1
4,4090,3,3,normal,normal,0,0
4,4091,0,0,backdoor,backdoor,1,1
4,4092,2,2,injection,injection,1,1
4,4093,3,3,normal,normal,0,0
4,4094,2,2,injection,injection,1,1
4,4095,0,0,backdoor,backdoor,1,1
4,4096,4,4,password,password,1,1
4,4097,0,2,backdoor,injection,1,1
4,4098,4,4,password,password,1,1
4,4099,0,2,backdoor,injection,1,1
4,4100,0,0,backdoor,backdoor,1,1
4,4101,2,2,injection,injection,1,1
4,4102,0,0,backdoor,backdoor,1,1
4,4103,4,4,password,password,1,1
4,4104,3,3,normal,normal,0,0
4,4105,2,2,injection,injection,1,1
4,4106,0,0,backdoor,backdoor,1,1
4,4107,3,3,normal,normal,0,0
4,4108,2,2,injection,injection,1,1
4,4109,0,0,backdoor,backdoor,1,1
4,4110,0,0,backdoor,backdoor,1,1
4,4111,2,2,injection,injection,1,1
4,4112,3,3,normal,normal,0,0
4,4113,3,3,normal,normal,0,0
4,4114,2,2,injection,injection,1,1
4,4115,3,3,normal,normal,0,0
4,4116,3,3,normal,normal,0,0
4,4117,3,3,normal,normal,0,0
4,4118,3,3,normal,normal,0,0
4,4119,2,2,injection,injection,1,1
4,4120,0,0,backdoor,backdoor,1,1
4,4121,0,2,backdoor,injection,1,1
4,4122,3,3,normal,normal,0,0
4,4123,0,2,backdoor,injection,1,1
4,4124,4,4,password,password,1,1
4,4125,4,4,password,password,1,1
4,4126,3,3,normal,normal,0,0
4,4127,4,4,password,password,1,1
4,4128,3,3,normal,normal,0,0
4,4129,2,2,injection,injection,1,1
4,4130,4,4,password,password,1,1
4,4131,2,2,injection,injection,1,1
4,4132,3,3,normal,normal,0,0
4,4133,4,4,password,password,1,1
4,4134,3,3,normal,normal,0,0
4,4135,2,2,injection,injection,1,1
4,4136,3,3,normal,normal,0,0
4,4137,3,3,normal,normal,0,0
4,4138,4,4,password,password,1,1
4,4139,3,3,normal,normal,0,0
4,4140,4,4,password,password,1,1
4,4141,0,0,backdoor,backdoor,1,1
4,4142,4,4,password,password,1,1
4,4143,2,2,injection,injection,1,1
4,4144,3,3,normal,normal,0,0
4,4145,3,3,normal,normal,0,0
4,4146,3,3,normal,normal,0,0
4,4147,3,3,normal,normal,0,0
4,4148,0,0,backdoor,backdoor,1,1
4,4149,3,3,normal,normal,0,0
4,4150,3,3,normal,normal,0,0
4,4151,3,3,normal,normal,0,0
4,4152,3,3,normal,normal,0,0
4,4153,3,3,normal,normal,0,0
4,4154,3,3,normal,normal,0,0
4,4155,0,0,backdoor,backdoor,1,1
4,4156,3,3,normal,normal,0,0
4,4157,3,3,normal,normal,0,0
4,4158,3,3,normal,normal,0,0
4,4159,3,3,normal,normal,0,0
4,4160,3,3,normal,normal,0,0
4,4161,2,2,injection,injection,1,1
4,4162,3,3,normal,normal,0,0
4,4163,0,0,backdoor,backdoor,1,1
4,4164,3,3,normal,normal,0,0
4,4165,0,0,backdoor,backdoor,1,1
4,4166,0,0,backdoor,backdoor,1,1
4,4167,3,3,normal,normal,0,0
4,4168,0,0,backdoor,backdoor,1,1
4,4169,2,2,injection,injection,1,1
4,4170,0,0,backdoor,backdoor,1,1
4,4171,2,2,injection,injection,1,1
4,4172,3,3,normal,normal,0,0
4,4173,4,4,password,password,1,1
4,4174,4,4,password,password,1,1
4,4175,0,0,backdoor,backdoor,1,1
4,4176,0,0,backdoor,backdoor,1,1
4,4177,3,3,normal,normal,0,0
4,4178,4,4,password,password,1,1
4,4179,3,3,normal,normal,0,0
4,4180,3,3,normal,normal,0,0
4,4181,3,3,normal,normal,0,0
4,4182,0,0,backdoor,backdoor,1,1
4,4183,0,0,backdoor,backdoor,1,1
4,4184,4,4,password,password,1,1
4,4185,3,3,normal,normal,0,0
4,4186,3,3,normal,normal,0,0
4,4187,0,0,backdoor,backdoor,1,1
4,4188,3,3,normal,normal,0,0
4,4189,3,3,normal,normal,0,0
4,4190,4,4,password,password,1,1
4,4191,3,3,normal,normal,0,0
4,4192,4,4,password,password,1,1
4,4193,2,2,injection,injection,1,1
4,4194,0,2,backdoor,injection,1,1
4,4195,3,3,normal,normal,0,0
4,4196,3,3,normal,normal,0,0
4,4197,2,2,injection,injection,1,1
4,4198,2,2,injection,injection,1,1
4,4199,3,3,normal,normal,0,0
4,4200,3,3,normal,normal,0,0
4,4201,3,3,normal,normal,0,0
4,4202,3,3,normal,normal,0,0
4,4203,3,3,normal,normal,0,0
4,4204,2,2,injection,injection,1,1
4,4205,0,0,backdoor,backdoor,1,1
4,4206,3,3,normal,normal,0,0
4,4207,3,3,normal,normal,0,0
4,4208,3,3,normal,normal,0,0
4,4209,0,2,backdoor,injection,1,1
4,4210,3,3,normal,normal,0,0
4,4211,3,3,normal,normal,0,0
4,4212,3,3,normal,normal,0,0
4,4213,0,2,backdoor,injection,1,1
4,4214,3,3,normal,normal,0,0
4,4215,3,3,normal,normal,0,0
4,4216,4,4,password,password,1,1
4,4217,0,0,backdoor,backdoor,1,1
4,4218,0,0,backdoor,backdoor,1,1
4,4219,3,3,normal,normal,0,0
4,4220,3,3,normal,normal,0,0
4,4221,4,4,password,password,1,1
4,4222,3,3,normal,normal,0,0
4,4223,3,3,normal,normal,0,0
4,4224,3,3,normal,normal,0,0
4,4225,3,3,normal,normal,0,0
4,4226,2,2,injection,injection,1,1
4,4227,3,3,normal,normal,0,0
4,4228,4,4,password,password,1,1
4,4229,3,3,normal,normal,0,0
4,4230,3,3,normal,normal,0,0
4,4231,3,3,normal,normal,0,0
4,4232,0,0,backdoor,backdoor,1,1
4,4233,3,3,normal,normal,0,0
4,4234,4,4,password,password,1,1
4,4235,3,3,normal,normal,0,0
4,4236,2,2,injection,injection,1,1
4,4237,0,0,backdoor,backdoor,1,1
4,4238,0,0,backdoor,backdoor,1,1
4,4239,4,4,password,password,1,1
4,4240,3,3,normal,normal,0,0
4,4241,0,0,backdoor,backdoor,1,1
4,4242,4,4,password,password,1,1
4,4243,3,3,normal,normal,0,0
4,4244,3,3,normal,normal,0,0
4,4245,3,3,normal,normal,0,0
4,4246,3,3,normal,normal,0,0
4,4247,2,2,injection,injection,1,1
4,4248,3,3,normal,normal,0,0
4,4249,0,0,backdoor,backdoor,1,1
4,4250,3,3,normal,normal,0,0
4,4251,2,2,injection,injection,1,1
4,4252,3,3,normal,normal,0,0
4,4253,4,4,password,password,1,1
4,4254,4,4,password,password,1,1
4,4255,3,3,normal,normal,0,0
4,4256,2,2,injection,injection,1,1
4,4257,3,3,normal,normal,0,0
4,4258,3,3,normal,normal,0,0
4,4259,2,2,injection,injection,1,1
4,4260,3,3,normal,normal,0,0
4,4261,0,0,backdoor,backdoor,1,1
4,4262,0,0,backdoor,backdoor,1,1
4,4263,3,3,normal,normal,0,0
4,4264,4,4,password,password,1,1
4,4265,4,4,password,password,1,1
4,4266,0,0,backdoor,backdoor,1,1
4,4267,3,3,normal,normal,0,0
4,4268,2,2,injection,injection,1,1
4,4269,3,3,normal,normal,0,0
4,4270,2,2,injection,injection,1,1
4,4271,3,3,normal,normal,0,0
4,4272,3,3,normal,normal,0,0
4,4273,2,2,injection,injection,1,1
4,4274,3,3,normal,normal,0,0
4,4275,2,2,injection,injection,1,1
4,4276,2,2,injection,injection,1,1
4,4277,3,3,normal,normal,0,0
4,4278,0,0,backdoor,backdoor,1,1
4,4279,3,3,normal,normal,0,0
4,4280,2,2,injection,injection,1,1
4,4281,4,4,password,password,1,1
4,4282,4,4,password,password,1,1
4,4283,2,2,injection,injection,1,1
4,4284,3,3,normal,normal,0,0
4,4285,4,4,password,password,1,1
4,4286,3,3,normal,normal,0,0
4,4287,3,3,normal,normal,0,0
4,4288,4,4,password,password,1,1
4,4289,3,3,normal,normal,0,0
4,4290,2,2,injection,injection,1,1
4,4291,3,3,normal,normal,0,0
4,4292,3,3,normal,normal,0,0
4,4293,2,2,injection,injection,1,1
4,4294,2,2,injection,injection,1,1
4,4295,3,3,normal,normal,0,0
4,4296,3,3,normal,normal,0,0
4,4297,3,3,normal,normal,0,0
4,4298,2,2,injection,injection,1,1
4,4299,4,4,password,password,1,1
4,4300,0,0,backdoor,backdoor,1,1
4,4301,2,2,injection,injection,1,1
4,4302,3,3,normal,normal,0,0
4,4303,3,3,normal,normal,0,0
4,4304,3,3,normal,normal,0,0
4,4305,0,0,backdoor,backdoor,1,1
4,4306,3,3,normal,normal,0,0
4,4307,2,2,injection,injection,1,1
4,4308,4,4,password,password,1,1
4,4309,3,3,normal,normal,0,0
4,4310,3,3,normal,normal,0,0
4,4311,3,3,normal,normal,0,0
4,4312,3,3,normal,normal,0,0
4,4313,4,4,password,password,1,1
4,4314,3,3,normal,normal,0,0
4,4315,2,2,injection,injection,1,1
4,4316,3,3,normal,normal,0,0
4,4317,3,3,normal,normal,0,0
4,4318,2,2,injection,injection,1,1
4,4319,3,3,normal,normal,0,0
4,4320,3,3,normal,normal,0,0
4,4321,4,4,password,password,1,1
4,4322,2,2,injection,injection,1,1
4,4323,4,4,password,password,1,1
4,4324,3,3,normal,normal,0,0
4,4325,3,3,normal,normal,0,0
4,4326,2,2,injection,injection,1,1
4,4327,4,4,password,password,1,1
4,4328,2,2,injection,injection,1,1
4,4329,4,4,password,password,1,1
4,4330,2,2,injection,injection,1,1
4,4331,3,3,normal,normal,0,0
4,4332,4,4,password,password,1,1
4,4333,4,4,password,password,1,1
4,4334,3,3,normal,normal,0,0
4,4335,3,3,normal,normal,0,0
4,4336,4,4,password,password,1,1
4,4337,4,4,password,password,1,1
4,4338,3,3,normal,normal,0,0
4,4339,4,4,password,password,1,1
4,4340,2,2,injection,injection,1,1
4,4341,3,3,normal,normal,0,0
4,4342,3,3,normal,normal,0,0
4,4343,0,2,backdoor,injection,1,1
4,4344,3,3,normal,normal,0,0
4,4345,2,2,injection,injection,1,1
4,4346,4,4,password,password,1,1
4,4347,2,2,injection,injection,1,1
4,4348,2,2,injection,injection,1,1
4,4349,4,4,password,password,1,1
4,4350,4,4,password,password,1,1
4,4351,3,3,normal,normal,0,0
4,4352,0,0,backdoor,backdoor,1,1
4,4353,3,3,normal,normal,0,0
4,4354,4,4,password,password,1,1
4,4355,3,3,normal,normal,0,0
4,4356,2,2,injection,injection,1,1
4,4357,2,2,injection,injection,1,1
4,4358,3,3,normal,normal,0,0
4,4359,3,3,normal,normal,0,0
4,4360,3,3,normal,normal,0,0
4,4361,2,2,injection,injection,1,1
4,4362,3,3,normal,normal,0,0
4,4363,2,2,injection,injection,1,1
4,4364,3,3,normal,normal,0,0
4,4365,2,2,injection,injection,1,1
4,4366,4,4,password,password,1,1
4,4367,3,3,normal,normal,0,0
4,4368,3,3,normal,normal,0,0
4,4369,0,0,backdoor,backdoor,1,1
4,4370,0,0,backdoor,backdoor,1,1
4,4371,3,3,normal,normal,0,0
4,4372,4,4,password,password,1,1
4,4373,3,3,normal,normal,0,0
4,4374,4,4,password,password,1,1
4,4375,3,3,normal,normal,0,0
4,4376,2,2,injection,injection,1,1
4,4377,3,3,normal,normal,0,0
4,4378,3,3,normal,normal,0,0
4,4379,3,3,normal,normal,0,0
4,4380,3,3,normal,normal,0,0
4,4381,4,4,password,password,1,1
4,4382,4,4,password,password,1,1
4,4383,0,0,backdoor,backdoor,1,1
4,4384,4,4,password,password,1,1
4,4385,3,3,normal,normal,0,0
4,4386,0,0,backdoor,backdoor,1,1
4,4387,3,3,normal,normal,0,0
4,4388,3,3,normal,normal,0,0
4,4389,4,4,password,password,1,1
4,4390,3,3,normal,normal,0,0
4,4391,3,3,normal,normal,0,0
4,4392,3,3,normal,normal,0,0
4,4393,4,4,password,password,1,1
4,4394,3,3,normal,normal,0,0
4,4395,0,0,backdoor,backdoor,1,1
4,4396,3,3,normal,normal,0,0
4,4397,0,2,backdoor,injection,1,1
4,4398,3,3,normal,normal,0,0
4,4399,3,3,normal,normal,0,0
4,4400,2,2,injection,injection,1,1
4,4401,3,3,normal,normal,0,0
4,4402,4,4,password,password,1,1
4,4403,4,4,password,password,1,1
4,4404,0,0,backdoor,backdoor,1,1
4,4405,2,2,injection,injection,1,1
4,4406,0,0,backdoor,backdoor,1,1
4,4407,3,3,normal,normal,0,0
4,4408,3,3,normal,normal,0,0
4,4409,0,0,backdoor,backdoor,1,1
4,4410,3,3,normal,normal,0,0
4,4411,2,2,injection,injection,1,1
4,4412,3,3,normal,normal,0,0
4,4413,0,0,backdoor,backdoor,1,1
4,4414,2,2,injection,injection,1,1
4,4415,3,3,normal,normal,0,0
4,4416,3,3,normal,normal,0,0
4,4417,0,0,backdoor,backdoor,1,1
4,4418,0,0,backdoor,backdoor,1,1
4,4419,3,3,normal,normal,0,0
4,4420,3,3,normal,normal,0,0
4,4421,3,3,normal,normal,0,0
4,4422,0,2,backdoor,injection,1,1
4,4423,3,3,normal,normal,0,0
4,4424,3,3,normal,normal,0,0
4,4425,4,4,password,password,1,1
4,4426,3,3,normal,normal,0,0
4,4427,0,2,backdoor,injection,1,1
4,4428,4,4,password,password,1,1
4,4429,3,3,normal,normal,0,0
4,4430,3,3,normal,normal,0,0
4,4431,3,3,normal,normal,0,0
4,4432,4,4,password,password,1,1
4,4433,3,3,normal,normal,0,0
4,4434,3,3,normal,normal,0,0
4,4435,3,3,normal,normal,0,0
4,4436,4,4,password,password,1,1
4,4437,4,4,password,password,1,1
4,4438,3,3,normal,normal,0,0
4,4439,4,4,password,password,1,1
4,4440,3,3,normal,normal,0,0
4,4441,3,3,normal,normal,0,0
4,4442,3,3,normal,normal,0,0
4,4443,4,4,password,password,1,1
4,4444,4,4,password,password,1,1
4,4445,2,2,injection,injection,1,1
4,4446,3,3,normal,normal,0,0
4,4447,3,3,normal,normal,0,0
4,4448,4,4,password,password,1,1
4,4449,0,0,backdoor,backdoor,1,1
4,4450,0,0,backdoor,backdoor,1,1
4,4451,3,3,normal,normal,0,0
4,4452,3,3,normal,normal,0,0
4,4453,0,2,backdoor,injection,1,1
4,4454,4,4,password,password,1,1
4,4455,3,3,normal,normal,0,0
4,4456,2,2,injection,injection,1,1
4,4457,3,3,normal,normal,0,0
4,4458,3,3,normal,normal,0,0
4,4459,4,4,password,password,1,1
4,4460,3,3,normal,normal,0,0
4,4461,3,3,normal,normal,0,0
4,4462,2,2,injection,injection,1,1
4,4463,2,2,injection,injection,1,1
4,4464,2,2,injection,injection,1,1
4,4465,3,3,normal,normal,0,0
4,4466,0,0,backdoor,backdoor,1,1
4,4467,3,3,normal,normal,0,0
4,4468,2,2,injection,injection,1,1
4,4469,3,3,normal,normal,0,0
4,4470,3,3,normal,normal,0,0
4,4471,3,3,normal,normal,0,0
4,4472,2,2,injection,injection,1,1
4,4473,2,2,injection,injection,1,1
4,4474,3,3,normal,normal,0,0
4,4475,4,4,password,password,1,1
4,4476,4,4,password,password,1,1
4,4477,2,2,injection,injection,1,1
4,4478,3,3,normal,normal,0,0
4,4479,4,4,password,password,1,1
4,4480,2,2,injection,injection,1,1
4,4481,3,3,normal,normal,0,0
4,4482,0,0,backdoor,backdoor,1,1
4,4483,3,3,normal,normal,0,0
4,4484,2,2,injection,injection,1,1
4,4485,2,2,injection,injection,1,1
4,4486,2,2,injection,injection,1,1
4,4487,3,3,normal,normal,0,0
4,4488,4,4,password,password,1,1
4,4489,2,2,injection,injection,1,1
4,4490,3,3,normal,normal,0,0
4,4491,0,0,backdoor,backdoor,1,1
4,4492,3,3,normal,normal,0,0
4,4493,3,3,normal,normal,0,0
4,4494,2,2,injection,injection,1,1
4,4495,0,0,backdoor,backdoor,1,1
4,4496,3,3,normal,normal,0,0
4,4497,0,0,backdoor,backdoor,1,1
4,4498,3,3,normal,normal,0,0
4,4499,3,3,normal,normal,0,0
4,4500,3,3,normal,normal,0,0
4,4501,4,4,password,password,1,1
4,4502,0,0,backdoor,backdoor,1,1
4,4503,4,4,password,password,1,1
4,4504,3,3,normal,normal,0,0
4,4505,3,3,normal,normal,0,0
4,4506,3,3,normal,normal,0,0
4,4507,2,2,injection,injection,1,1
4,4508,3,3,normal,normal,0,0
4,4509,0,0,backdoor,backdoor,1,1
4,4510,3,3,normal,normal,0,0
4,4511,0,0,backdoor,backdoor,1,1
4,4512,4,4,password,password,1,1
4,4513,4,4,password,password,1,1
4,4514,4,4,password,password,1,1
4,4515,4,4,password,password,1,1
4,4516,3,3,normal,normal,0,0
4,4517,3,3,normal,normal,0,0
4,4518,3,3,normal,normal,0,0
4,4519,2,2,injection,injection,1,1
4,4520,3,3,normal,normal,0,0
4,4521,3,3,normal,normal,0,0
4,4522,0,0,backdoor,backdoor,1,1
4,4523,0,2,backdoor,injection,1,1
4,4524,2,2,injection,injection,1,1
4,4525,3,3,normal,normal,0,0
4,4526,2,2,injection,injection,1,1
4,4527,3,3,normal,normal,0,0
4,4528,3,3,normal,normal,0,0
4,4529,2,2,injection,injection,1,1
4,4530,3,3,normal,normal,0,0
4,4531,0,0,backdoor,backdoor,1,1
4,4532,3,3,normal,normal,0,0
4,4533,0,0,backdoor,backdoor,1,1
4,4534,3,3,normal,normal,0,0
4,4535,0,0,backdoor,backdoor,1,1
4,4536,2,2,injection,injection,1,1
4,4537,3,3,normal,normal,0,0
4,4538,3,3,normal,normal,0,0
4,4539,4,4,password,password,1,1
4,4540,3,3,normal,normal,0,0
4,4541,4,4,password,password,1,1
4,4542,4,4,password,password,1,1
4,4543,4,4,password,password,1,1
4,4544,3,3,normal,normal,0,0
4,4545,4,4,password,password,1,1
4,4546,3,3,normal,normal,0,0
4,4547,3,3,normal,normal,0,0
4,4548,3,3,normal,normal,0,0
4,4549,3,3,normal,normal,0,0
4,4550,0,0,backdoor,backdoor,1,1
4,4551,3,3,normal,normal,0,0
4,4552,2,2,injection,injection,1,1
4,4553,2,2,injection,injection,1,1
4,4554,3,3,normal,normal,0,0
4,4555,3,3,normal,normal,0,0
4,4556,2,2,injection,injection,1,1
4,4557,4,4,password,password,1,1
4,4558,4,4,password,password,1,1
4,4559,3,3,normal,normal,0,0
4,4560,3,3,normal,normal,0,0
4,4561,3,3,normal,normal,0,0
4,4562,3,3,normal,normal,0,0
4,4563,0,0,backdoor,backdoor,1,1
4,4564,3,3,normal,normal,0,0
4,4565,3,3,normal,normal,0,0
4,4566,2,2,injection,injection,1,1
4,4567,3,3,normal,normal,0,0
4,4568,4,4,password,password,1,1
4,4569,3,3,normal,normal,0,0
4,4570,0,0,backdoor,backdoor,1,1
4,4571,0,0,backdoor,backdoor,1,1
4,4572,0,0,backdoor,backdoor,1,1
4,4573,3,3,normal,normal,0,0
4,4574,3,3,normal,normal,0,0
4,4575,0,0,backdoor,backdoor,1,1
4,4576,3,3,normal,normal,0,0
4,4577,4,4,password,password,1,1
4,4578,2,2,injection,injection,1,1
4,4579,2,2,injection,injection,1,1
4,4580,3,3,normal,normal,0,0
4,4581,3,3,normal,normal,0,0
4,4582,3,3,normal,normal,0,0
4,4583,3,3,normal,normal,0,0
4,4584,3,3,normal,normal,0,0
4,4585,3,3,normal,normal,0,0
4,4586,0,2,backdoor,injection,1,1
4,4587,3,3,normal,normal,0,0
4,4588,3,3,normal,normal,0,0
4,4589,3,3,normal,normal,0,0
4,4590,3,3,normal,normal,0,0
4,4591,4,4,password,password,1,1
4,4592,3,3,normal,normal,0,0
4,4593,3,3,normal,normal,0,0
4,4594,3,3,normal,normal,0,0
4,4595,3,3,normal,normal,0,0
4,4596,3,3,normal,normal,0,0
4,4597,0,0,backdoor,backdoor,1,1
4,4598,3,3,normal,normal,0,0
4,4599,3,3,normal,normal,0,0
4,4600,4,4,password,password,1,1
4,4601,3,3,normal,normal,0,0
4,4602,3,3,normal,normal,0,0
4,4603,0,2,backdoor,injection,1,1
4,4604,2,2,injection,injection,1,1
4,4605,3,3,normal,normal,0,0
4,4606,3,3,normal,normal,0,0
4,4607,4,4,password,password,1,1
4,4608,4,4,password,password,1,1
4,4609,3,3,normal,normal,0,0
4,4610,2,2,injection,injection,1,1
4,4611,3,3,normal,normal,0,0
4,4612,3,3,normal,normal,0,0
4,4613,3,3,normal,normal,0,0
4,4614,4,4,password,password,1,1
4,4615,0,0,backdoor,backdoor,1,1
4,4616,3,3,normal,normal,0,0
4,4617,4,4,password,password,1,1
4,4618,3,3,normal,normal,0,0
4,4619,4,4,password,password,1,1
4,4620,0,0,backdoor,backdoor,1,1
4,4621,3,3,normal,normal,0,0
4,4622,4,4,password,password,1,1
4,4623,0,0,backdoor,backdoor,1,1
4,4624,3,3,normal,normal,0,0
4,4625,4,4,password,password,1,1
4,4626,3,3,normal,normal,0,0
4,4627,3,3,normal,normal,0,0
4,4628,0,0,backdoor,backdoor,1,1
4,4629,3,3,normal,normal,0,0
4,4630,4,4,password,password,1,1
4,4631,3,3,normal,normal,0,0
4,4632,0,0,backdoor,backdoor,1,1
4,4633,3,3,normal,normal,0,0
4,4634,0,0,backdoor,backdoor,1,1
4,4635,3,3,normal,normal,0,0
4,4636,2,2,injection,injection,1,1
4,4637,2,2,injection,injection,1,1
4,4638,4,4,password,password,1,1
4,4639,4,4,password,password,1,1
4,4640,3,3,normal,normal,0,0
4,4641,3,3,normal,normal,0,0
4,4642,3,3,normal,normal,0,0
4,4643,0,0,backdoor,backdoor,1,1
4,4644,3,3,normal,normal,0,0
4,4645,4,4,password,password,1,1
4,4646,2,2,injection,injection,1,1
4,4647,4,4,password,password,1,1
4,4648,3,3,normal,normal,0,0
4,4649,3,3,normal,normal,0,0
4,4650,3,3,normal,normal,0,0
4,4651,3,3,normal,normal,0,0
4,4652,3,3,normal,normal,0,0
4,4653,0,0,backdoor,backdoor,1,1
4,4654,3,3,normal,normal,0,0
4,4655,3,3,normal,normal,0,0
4,4656,0,0,backdoor,backdoor,1,1
4,4657,0,0,backdoor,backdoor,1,1
4,4658,3,3,normal,normal,0,0
4,4659,3,3,normal,normal,0,0
4,4660,0,0,backdoor,backdoor,1,1
4,4661,3,3,normal,normal,0,0
4,4662,4,4,password,password,1,1
4,4663,2,2,injection,injection,1,1
4,4664,4,4,password,password,1,1
4,4665,3,3,normal,normal,0,0
4,4666,3,3,normal,normal,0,0
4,4667,0,0,backdoor,backdoor,1,1
4,4668,3,3,normal,normal,0,0
4,4669,2,2,injection,injection,1,1
4,4670,3,3,normal,normal,0,0
4,4671,4,4,password,password,1,1
4,4672,4,4,password,password,1,1
4,4673,0,0,backdoor,backdoor,1,1
4,4674,3,3,normal,normal,0,0
4,4675,3,3,normal,normal,0,0
4,4676,3,3,normal,normal,0,0
4,4677,0,0,backdoor,backdoor,1,1
4,4678,2,2,injection,injection,1,1
4,4679,3,3,normal,normal,0,0
4,4680,0,0,backdoor,backdoor,1,1
4,4681,4,4,password,password,1,1
4,4682,3,3,normal,normal,0,0
4,4683,3,3,normal,normal,0,0
4,4684,0,0,backdoor,backdoor,1,1
4,4685,3,3,normal,normal,0,0
4,4686,4,4,password,password,1,1
4,4687,2,2,injection,injection,1,1
4,4688,3,3,normal,normal,0,0
4,4689,3,3,normal,normal,0,0
4,4690,3,3,normal,normal,0,0
4,4691,4,4,password,password,1,1
4,4692,3,3,normal,normal,0,0
4,4693,2,2,injection,injection,1,1
4,4694,3,3,normal,normal,0,0
4,4695,2,2,injection,injection,1,1
4,4696,4,4,password,password,1,1
4,4697,0,0,backdoor,backdoor,1,1
4,4698,3,3,normal,normal,0,0
4,4699,3,3,normal,normal,0,0
4,4700,3,3,normal,normal,0,0
4,4701,4,4,password,password,1,1
4,4702,0,0,backdoor,backdoor,1,1
4,4703,3,3,normal,normal,0,0
4,4704,3,3,normal,normal,0,0
4,4705,3,3,normal,normal,0,0
4,4706,3,3,normal,normal,0,0
4,4707,3,3,normal,normal,0,0
4,4708,0,0,backdoor,backdoor,1,1
4,4709,3,3,normal,normal,0,0
4,4710,3,3,normal,normal,0,0
4,4711,3,3,normal,normal,0,0
4,4712,3,3,normal,normal,0,0
4,4713,0,2,backdoor,injection,1,1
4,4714,3,3,normal,normal,0,0
4,4715,4,4,password,password,1,1
4,4716,2,2,injection,injection,1,1
4,4717,3,3,normal,normal,0,0
4,4718,3,3,normal,normal,0,0
4,4719,4,4,password,password,1,1
4,4720,3,3,normal,normal,0,0
4,4721,3,3,normal,normal,0,0
4,4722,4,4,password,password,1,1
4,4723,3,3,normal,normal,0,0
4,4724,0,0,backdoor,backdoor,1,1
4,4725,0,0,backdoor,backdoor,1,1
4,4726,2,2,injection,injection,1,1
4,4727,3,3,normal,normal,0,0
4,4728,4,4,password,password,1,1
4,4729,3,3,normal,normal,0,0
4,4730,0,0,backdoor,backdoor,1,1
4,4731,2,2,injection,injection,1,1
4,4732,3,3,normal,normal,0,0
4,4733,2,2,injection,injection,1,1
4,4734,2,2,injection,injection,1,1
4,4735,3,3,normal,normal,0,0
4,4736,0,0,backdoor,backdoor,1,1
4,4737,3,3,normal,normal,0,0
4,4738,0,2,backdoor,injection,1,1
4,4739,3,3,normal,normal,0,0
4,4740,2,2,injection,injection,1,1
4,4741,3,3,normal,normal,0,0
4,4742,3,3,normal,normal,0,0
4,4743,0,0,backdoor,backdoor,1,1
4,4744,4,4,password,password,1,1
4,4745,3,3,normal,normal,0,0
4,4746,0,0,backdoor,backdoor,1,1
4,4747,0,2,backdoor,injection,1,1
4,4748,0,0,backdoor,backdoor,1,1
4,4749,2,2,injection,injection,1,1
4,4750,0,0,backdoor,backdoor,1,1
4,4751,2,2,injection,injection,1,1
4,4752,4,4,password,password,1,1
4,4753,2,2,injection,injection,1,1
4,4754,2,2,injection,injection,1,1
4,4755,3,3,normal,normal,0,0
4,4756,3,3,normal,normal,0,0
4,4757,3,3,normal,normal,0,0
4,4758,3,3,normal,normal,0,0
4,4759,3,3,normal,normal,0,0
4,4760,0,0,backdoor,backdoor,1,1
4,4761,0,0,backdoor,backdoor,1,1
4,4762,0,0,backdoor,backdoor,1,1
4,4763,2,2,injection,injection,1,1
4,4764,4,4,password,password,1,1
4,4765,0,0,backdoor,backdoor,1,1
4,4766,3,3,normal,normal,0,0
4,4767,4,4,password,password,1,1
4,4768,3,3,normal,normal,0,0
4,4769,4,4,password,password,1,1
4,4770,3,3,normal,normal,0,0
4,4771,3,3,normal,normal,0,0
4,4772,0,3,backdoor,normal,1,0
4,4773,2,2,injection,injection,1,1
4,4774,3,3,normal,normal,0,0
4,4775,3,3,normal,normal,0,0
4,4776,4,4,password,password,1,1
4,4777,2,2,injection,injection,1,1
4,4778,3,3,normal,normal,0,0
4,4779,3,3,normal,normal,0,0
4,4780,0,0,backdoor,backdoor,1,1
4,4781,2,2,injection,injection,1,1
4,4782,0,2,backdoor,injection,1,1
4,4783,0,0,backdoor,backdoor,1,1
4,4784,3,3,normal,normal,0,0
4,4785,3,3,normal,normal,0,0
4,4786,0,2,backdoor,injection,1,1
4,4787,3,3,normal,normal,0,0
4,4788,0,0,backdoor,backdoor,1,1
4,4789,2,2,injection,injection,1,1
4,4790,0,0,backdoor,backdoor,1,1
4,4791,2,2,injection,injection,1,1
4,4792,4,4,password,password,1,1
4,4793,0,0,backdoor,backdoor,1,1
4,4794,3,3,normal,normal,0,0
4,4795,3,3,normal,normal,0,0
4,4796,3,3,normal,normal,0,0
4,4797,3,3,normal,normal,0,0
4,4798,2,2,injection,injection,1,1
4,4799,2,2,injection,injection,1,1
4,4800,3,3,normal,normal,0,0
4,4801,3,3,normal,normal,0,0
4,4802,3,3,normal,normal,0,0
4,4803,4,4,password,password,1,1
4,4804,0,0,backdoor,backdoor,1,1
4,4805,3,3,normal,normal,0,0
4,4806,3,3,normal,normal,0,0
4,4807,3,3,normal,normal,0,0
4,4808,0,2,backdoor,injection,1,1
4,4809,3,3,normal,normal,0,0
4,4810,3,3,normal,normal,0,0
4,4811,3,3,normal,normal,0,0
4,4812,2,2,injection,injection,1,1
4,4813,0,0,backdoor,backdoor,1,1
4,4814,3,3,normal,normal,0,0
4,4815,2,2,injection,injection,1,1
4,4816,4,4,password,password,1,1
4,4817,2,2,injection,injection,1,1
4,4818,4,4,password,password,1,1
4,4819,3,3,normal,normal,0,0
4,4820,4,4,password,password,1,1
4,4821,3,3,normal,normal,0,0
4,4822,2,2,injection,injection,1,1
4,4823,3,3,normal,normal,0,0
4,4824,3,3,normal,normal,0,0
4,4825,3,3,normal,normal,0,0
4,4826,3,3,normal,normal,0,0
4,4827,2,2,injection,injection,1,1
4,4828,0,0,backdoor,backdoor,1,1
4,4829,3,3,normal,normal,0,0
4,4830,2,2,injection,injection,1,1
4,4831,3,3,normal,normal,0,0
4,4832,3,3,normal,normal,0,0
4,4833,3,3,normal,normal,0,0
4,4834,0,0,backdoor,backdoor,1,1
4,4835,3,3,normal,normal,0,0
4,4836,4,4,password,password,1,1
4,4837,0,0,backdoor,backdoor,1,1
4,4838,4,4,password,password,1,1
4,4839,3,3,normal,normal,0,0
4,4840,2,2,injection,injection,1,1
4,4841,4,4,password,password,1,1
4,4842,3,3,normal,normal,0,0
4,4843,3,3,normal,normal,0,0
4,4844,2,2,injection,injection,1,1
4,4845,2,2,injection,injection,1,1
4,4846,3,3,normal,normal,0,0
4,4847,3,3,normal,normal,0,0
4,4848,2,2,injection,injection,1,1
4,4849,4,4,password,password,1,1
4,4850,0,0,backdoor,backdoor,1,1
4,4851,4,4,password,password,1,1
4,4852,3,3,normal,normal,0,0
4,4853,2,2,injection,injection,1,1
4,4854,3,3,normal,normal,0,0
4,4855,3,3,normal,normal,0,0
4,4856,4,4,password,password,1,1
4,4857,3,3,normal,normal,0,0
4,4858,2,2,injection,injection,1,1
4,4859,3,3,normal,normal,0,0
4,4860,3,3,normal,normal,0,0
4,4861,2,2,injection,injection,1,1
4,4862,2,2,injection,injection,1,1
4,4863,0,0,backdoor,backdoor,1,1
4,4864,0,0,backdoor,backdoor,1,1
4,4865,0,2,backdoor,injection,1,1
4,4866,3,3,normal,normal,0,0
4,4867,0,0,backdoor,backdoor,1,1
4,4868,0,0,backdoor,backdoor,1,1
4,4869,3,3,normal,normal,0,0
4,4870,0,0,backdoor,backdoor,1,1
4,4871,3,3,normal,normal,0,0
4,4872,2,2,injection,injection,1,1
4,4873,3,3,normal,normal,0,0
4,4874,3,3,normal,normal,0,0
4,4875,4,4,password,password,1,1
4,4876,3,3,normal,normal,0,0
4,4877,0,0,backdoor,backdoor,1,1
4,4878,2,2,injection,injection,1,1
4,4879,3,3,normal,normal,0,0
4,4880,3,3,normal,normal,0,0
4,4881,3,3,normal,normal,0,0
4,4882,2,2,injection,injection,1,1
4,4883,3,3,normal,normal,0,0
4,4884,3,3,normal,normal,0,0
4,4885,2,2,injection,injection,1,1
4,4886,2,2,injection,injection,1,1
4,4887,3,3,normal,normal,0,0
4,4888,2,2,injection,injection,1,1
4,4889,3,3,normal,normal,0,0
4,4890,3,3,normal,normal,0,0
4,4891,3,3,normal,normal,0,0
4,4892,3,3,normal,normal,0,0
4,4893,2,2,injection,injection,1,1
4,4894,3,3,normal,normal,0,0
4,4895,4,4,password,password,1,1
4,4896,4,4,password,password,1,1
4,4897,3,3,normal,normal,0,0
4,4898,0,2,backdoor,injection,1,1
4,4899,0,0,backdoor,backdoor,1,1
4,4900,3,3,normal,normal,0,0
4,4901,0,2,backdoor,injection,1,1
4,4902,0,0,backdoor,backdoor,1,1
4,4903,3,3,normal,normal,0,0
4,4904,3,3,normal,normal,0,0
4,4905,2,2,injection,injection,1,1
4,4906,3,3,normal,normal,0,0
4,4907,3,3,normal,normal,0,0
4,4908,3,3,normal,normal,0,0
4,4909,2,2,injection,injection,1,1
4,4910,3,3,normal,normal,0,0
4,4911,4,4,password,password,1,1
4,4912,3,3,normal,normal,0,0
4,4913,4,4,password,password,1,1
4,4914,4,4,password,password,1,1
4,4915,3,3,normal,normal,0,0
4,4916,4,4,password,password,1,1
4,4917,3,3,normal,normal,0,0
4,4918,0,0,backdoor,backdoor,1,1
4,4919,4,4,password,password,1,1
4,4920,4,4,password,password,1,1
4,4921,3,3,normal,normal,0,0
4,4922,0,0,backdoor,backdoor,1,1
4,4923,3,3,normal,normal,0,0
4,4924,2,2,injection,injection,1,1
4,4925,3,3,normal,normal,0,0
4,4926,0,2,backdoor,injection,1,1
4,4927,3,3,normal,normal,0,0
4,4928,3,3,normal,normal,0,0
4,4929,4,4,password,password,1,1
4,4930,3,3,normal,normal,0,0
4,4931,4,4,password,password,1,1
4,4932,3,3,normal,normal,0,0
4,4933,3,3,normal,normal,0,0
4,4934,4,4,password,password,1,1
4,4935,3,3,normal,normal,0,0
4,4936,3,3,normal,normal,0,0
4,4937,2,2,injection,injection,1,1
4,4938,0,0,backdoor,backdoor,1,1
4,4939,0,0,backdoor,backdoor,1,1
4,4940,3,3,normal,normal,0,0
4,4941,3,3,normal,normal,0,0
4,4942,3,3,normal,normal,0,0
4,4943,3,3,normal,normal,0,0
4,4944,2,2,injection,injection,1,1
4,4945,2,2,injection,injection,1,1
4,4946,3,3,normal,normal,0,0
4,4947,3,3,normal,normal,0,0
4,4948,0,0,backdoor,backdoor,1,1
4,4949,4,4,password,password,1,1
4,4950,2,2,injection,injection,1,1
4,4951,2,2,injection,injection,1,1
4,4952,4,4,password,password,1,1
4,4953,3,3,normal,normal,0,0
4,4954,2,2,injection,injection,1,1
4,4955,4,4,password,password,1,1
4,4956,3,3,normal,normal,0,0
4,4957,3,3,normal,normal,0,0
4,4958,3,3,normal,normal,0,0
4,4959,2,2,injection,injection,1,1
4,4960,3,3,normal,normal,0,0
4,4961,3,3,normal,normal,0,0
4,4962,3,3,normal,normal,0,0
4,4963,3,3,normal,normal,0,0
4,4964,3,3,normal,normal,0,0
4,4965,4,4,password,password,1,1
4,4966,3,3,normal,normal,0,0
4,4967,3,3,normal,normal,0,0
4,4968,4,4,password,password,1,1
4,4969,2,2,injection,injection,1,1
4,4970,4,4,password,password,1,1
4,4971,0,0,backdoor,backdoor,1,1
4,4972,3,3,normal,normal,0,0
4,4973,3,3,normal,normal,0,0
4,4974,3,3,normal,normal,0,0
4,4975,3,3,normal,normal,0,0
4,4976,3,3,normal,normal,0,0
4,4977,3,3,normal,normal,0,0
4,4978,4,4,password,password,1,1
4,4979,3,3,normal,normal,0,0
4,4980,0,0,backdoor,backdoor,1,1
4,4981,2,2,injection,injection,1,1
4,4982,4,4,password,password,1,1
4,4983,2,2,injection,injection,1,1
4,4984,3,3,normal,normal,0,0
4,4985,3,3,normal,normal,0,0
4,4986,0,0,backdoor,backdoor,1,1
4,4987,3,3,normal,normal,0,0
4,4988,0,2,backdoor,injection,1,1
4,4989,3,3,normal,normal,0,0
4,4990,0,0,backdoor,backdoor,1,1
4,4991,4,4,password,password,1,1
4,4992,4,4,password,password,1,1
4,4993,4,4,password,password,1,1
4,4994,3,3,normal,normal,0,0
4,4995,3,3,normal,normal,0,0
4,4996,3,3,normal,normal,0,0
4,4997,3,3,normal,normal,0,0
4,4998,3,3,normal,normal,0,0
4,4999,0,2,backdoor,injection,1,1
4,5000,3,3,normal,normal,0,0
4,5001,3,3,normal,normal,0,0
4,5002,0,0,backdoor,backdoor,1,1
4,5003,3,3,normal,normal,0,0
4,5004,0,0,backdoor,backdoor,1,1
4,5005,3,3,normal,normal,0,0
4,5006,2,2,injection,injection,1,1
4,5007,3,3,normal,normal,0,0
4,5008,2,2,injection,injection,1,1
4,5009,3,3,normal,normal,0,0
4,5010,3,3,normal,normal,0,0
4,5011,3,3,normal,normal,0,0
4,5012,3,3,normal,normal,0,0
4,5013,3,3,normal,normal,0,0
4,5014,2,2,injection,injection,1,1
4,5015,0,0,backdoor,backdoor,1,1
4,5016,3,3,normal,normal,0,0
4,5017,2,2,injection,injection,1,1
4,5018,3,3,normal,normal,0,0
4,5019,3,3,normal,normal,0,0
4,5020,3,3,normal,normal,0,0
4,5021,2,2,injection,injection,1,1
4,5022,3,3,normal,normal,0,0
4,5023,3,3,normal,normal,0,0
4,5024,3,3,normal,normal,0,0
4,5025,0,0,backdoor,backdoor,1,1
4,5026,3,3,normal,normal,0,0
4,5027,0,0,backdoor,backdoor,1,1
4,5028,2,2,injection,injection,1,1
4,5029,2,2,injection,injection,1,1
4,5030,3,3,normal,normal,0,0
4,5031,2,2,injection,injection,1,1
4,5032,0,0,backdoor,backdoor,1,1
4,5033,2,2,injection,injection,1,1
4,5034,0,0,backdoor,backdoor,1,1
4,5035,0,0,backdoor,backdoor,1,1
4,5036,3,3,normal,normal,0,0
4,5037,3,3,normal,normal,0,0
4,5038,3,3,normal,normal,0,0
4,5039,0,0,backdoor,backdoor,1,1
4,5040,3,3,normal,normal,0,0
4,5041,2,2,injection,injection,1,1
4,5042,3,3,normal,normal,0,0
4,5043,4,4,password,password,1,1
4,5044,3,3,normal,normal,0,0
4,5045,2,2,injection,injection,1,1
4,5046,3,3,normal,normal,0,0
4,5047,3,3,normal,normal,0,0
4,5048,3,3,normal,normal,0,0
4,5049,0,0,backdoor,backdoor,1,1
4,5050,2,2,injection,injection,1,1
4,5051,0,0,backdoor,backdoor,1,1
4,5052,2,2,injection,injection,1,1
4,5053,0,0,backdoor,backdoor,1,1
4,5054,3,3,normal,normal,0,0
4,5055,2,2,injection,injection,1,1
4,5056,3,3,normal,normal,0,0
4,5057,0,0,backdoor,backdoor,1,1
4,5058,3,3,normal,normal,0,0
4,5059,3,3,normal,normal,0,0
4,5060,3,3,normal,normal,0,0
4,5061,4,4,password,password,1,1
4,5062,3,3,normal,normal,0,0
4,5063,3,3,normal,normal,0,0
4,5064,4,4,password,password,1,1
4,5065,3,3,normal,normal,0,0
4,5066,2,2,injection,injection,1,1
4,5067,4,4,password,password,1,1
4,5068,4,4,password,password,1,1
4,5069,0,0,backdoor,backdoor,1,1
4,5070,2,2,injection,injection,1,1
4,5071,3,3,normal,normal,0,0
4,5072,3,3,normal,normal,0,0
4,5073,2,2,injection,injection,1,1
4,5074,3,3,normal,normal,0,0
4,5075,4,4,password,password,1,1
4,5076,3,3,normal,normal,0,0
4,5077,3,3,normal,normal,0,0
4,5078,2,2,injection,injection,1,1
4,5079,4,4,password,password,1,1
4,5080,4,4,password,password,1,1
4,5081,3,3,normal,normal,0,0
4,5082,3,3,normal,normal,0,0
4,5083,4,4,password,password,1,1
4,5084,3,3,normal,normal,0,0
4,5085,4,4,password,password,1,1
4,5086,3,3,normal,normal,0,0
4,5087,3,3,normal,normal,0,0
4,5088,4,4,password,password,1,1
4,5089,3,3,normal,normal,0,0
4,5090,4,4,password,password,1,1
4,5091,0,0,backdoor,backdoor,1,1
4,5092,3,3,normal,normal,0,0
4,5093,2,2,injection,injection,1,1
4,5094,3,3,normal,normal,0,0
4,5095,2,2,injection,injection,1,1
4,5096,3,3,normal,normal,0,0
4,5097,3,3,normal,normal,0,0
4,5098,3,3,normal,normal,0,0
4,5099,4,4,password,password,1,1
4,5100,3,3,normal,normal,0,0
4,5101,4,4,password,password,1,1
4,5102,0,0,backdoor,backdoor,1,1
4,5103,4,4,password,password,1,1
4,5104,3,3,normal,normal,0,0
4,5105,0,0,backdoor,backdoor,1,1
4,5106,4,4,password,password,1,1
4,5107,3,3,normal,normal,0,0
4,5108,0,0,backdoor,backdoor,1,1
4,5109,3,3,normal,normal,0,0
4,5110,3,3,normal,normal,0,0
4,5111,3,3,normal,normal,0,0
4,5112,3,3,normal,normal,0,0
4,5113,3,3,normal,normal,0,0
4,5114,2,2,injection,injection,1,1
4,5115,3,3,normal,normal,0,0
4,5116,3,3,normal,normal,0,0
4,5117,2,2,injection,injection,1,1
4,5118,4,4,password,password,1,1
4,5119,0,0,backdoor,backdoor,1,1
4,5120,2,2,injection,injection,1,1
4,5121,3,3,normal,normal,0,0
4,5122,0,0,backdoor,backdoor,1,1
4,5123,3,3,normal,normal,0,0
4,5124,3,3,normal,normal,0,0
4,5125,3,3,normal,normal,0,0
4,5126,3,3,normal,normal,0,0
4,5127,0,3,backdoor,normal,1,0
4,5128,0,0,backdoor,backdoor,1,1
4,5129,3,3,normal,normal,0,0
4,5130,0,0,backdoor,backdoor,1,1
4,5131,3,3,normal,normal,0,0
4,5132,3,3,normal,normal,0,0
4,5133,4,4,password,password,1,1
4,5134,3,3,normal,normal,0,0
4,5135,0,0,backdoor,backdoor,1,1
4,5136,2,2,injection,injection,1,1
4,5137,3,3,normal,normal,0,0
4,5138,2,2,injection,injection,1,1
4,5139,3,3,normal,normal,0,0
4,5140,3,3,normal,normal,0,0
4,5141,3,3,normal,normal,0,0
4,5142,3,3,normal,normal,0,0
4,5143,3,3,normal,normal,0,0
4,5144,0,0,backdoor,backdoor,1,1
4,5145,4,4,password,password,1,1
4,5146,3,3,normal,normal,0,0
4,5147,3,3,normal,normal,0,0
4,5148,3,3,normal,normal,0,0
4,5149,4,4,password,password,1,1
4,5150,2,2,injection,injection,1,1
4,5151,3,3,normal,normal,0,0
4,5152,3,3,normal,normal,0,0
4,5153,3,3,normal,normal,0,0
4,5154,3,3,normal,normal,0,0
4,5155,2,2,injection,injection,1,1
4,5156,3,3,normal,normal,0,0
4,5157,3,3,normal,normal,0,0
4,5158,3,3,normal,normal,0,0
4,5159,0,0,backdoor,backdoor,1,1
4,5160,3,3,normal,normal,0,0
4,5161,4,4,password,password,1,1
4,5162,2,2,injection,injection,1,1
4,5163,3,3,normal,normal,0,0
4,5164,3,3,normal,normal,0,0
4,5165,3,3,normal,normal,0,0
4,5166,3,3,normal,normal,0,0
4,5167,3,3,normal,normal,0,0
4,5168,3,3,normal,normal,0,0
4,5169,0,0,backdoor,backdoor,1,1
4,5170,4,4,password,password,1,1
4,5171,3,3,normal,normal,0,0
4,5172,2,2,injection,injection,1,1
4,5173,3,3,normal,normal,0,0
4,5174,4,4,password,password,1,1
4,5175,0,0,backdoor,backdoor,1,1
4,5176,2,2,injection,injection,1,1
4,5177,3,3,normal,normal,0,0
4,5178,3,3,normal,normal,0,0
4,5179,2,2,injection,injection,1,1
4,5180,2,2,injection,injection,1,1
4,5181,4,4,password,password,1,1
4,5182,3,3,normal,normal,0,0
4,5183,0,0,backdoor,backdoor,1,1
4,5184,2,2,injection,injection,1,1
4,5185,3,3,normal,normal,0,0
4,5186,2,2,injection,injection,1,1
4,5187,4,4,password,password,1,1
4,5188,3,3,normal,normal,0,0
4,5189,3,3,normal,normal,0,0
4,5190,2,2,injection,injection,1,1
4,5191,0,3,backdoor,normal,1,0
4,5192,3,3,normal,normal,0,0
4,5193,3,3,normal,normal,0,0
4,5194,0,2,backdoor,injection,1,1
4,5195,0,0,backdoor,backdoor,1,1
4,5196,3,3,normal,normal,0,0
4,5197,3,3,normal,normal,0,0
4,5198,4,4,password,password,1,1
4,5199,2,2,injection,injection,1,1
4,5200,3,3,normal,normal,0,0
4,5201,3,3,normal,normal,0,0
4,5202,3,3,normal,normal,0,0
4,5203,2,2,injection,injection,1,1
4,5204,3,3,normal,normal,0,0
4,5205,0,0,backdoor,backdoor,1,1
4,5206,3,3,normal,normal,0,0
4,5207,3,3,normal,normal,0,0
4,5208,3,3,normal,normal,0,0
4,5209,3,3,normal,normal,0,0
4,5210,3,3,normal,normal,0,0
4,5211,3,3,normal,normal,0,0
4,5212,3,3,normal,normal,0,0
4,5213,4,4,password,password,1,1
4,5214,2,2,injection,injection,1,1
4,5215,3,3,normal,normal,0,0
4,5216,3,3,normal,normal,0,0
4,5217,3,3,normal,normal,0,0
4,5218,4,4,password,password,1,1
4,5219,0,0,backdoor,backdoor,1,1
4,5220,2,2,injection,injection,1,1
4,5221,2,2,injection,injection,1,1
4,5222,4,4,password,password,1,1
4,5223,2,2,injection,injection,1,1
4,5224,3,3,normal,normal,0,0
4,5225,3,3,normal,normal,0,0
4,5226,3,3,normal,normal,0,0
4,5227,4,4,password,password,1,1
4,5228,4,4,password,password,1,1
4,5229,3,3,normal,normal,0,0
4,5230,4,4,password,password,1,1
4,5231,3,3,normal,normal,0,0
4,5232,3,3,normal,normal,0,0
4,5233,3,3,normal,normal,0,0
4,5234,3,3,normal,normal,0,0
4,5235,3,3,normal,normal,0,0
4,5236,3,3,normal,normal,0,0
4,5237,3,3,normal,normal,0,0
4,5238,0,0,backdoor,backdoor,1,1
4,5239,3,3,normal,normal,0,0
4,5240,4,4,password,password,1,1
4,5241,0,0,backdoor,backdoor,1,1
4,5242,0,0,backdoor,backdoor,1,1
4,5243,4,4,password,password,1,1
4,5244,4,4,password,password,1,1
4,5245,0,0,backdoor,backdoor,1,1
4,5246,3,3,normal,normal,0,0
4,5247,3,3,normal,normal,0,0
4,5248,3,3,normal,normal,0,0
4,5249,3,3,normal,normal,0,0
4,5250,2,2,injection,injection,1,1
4,5251,2,2,injection,injection,1,1
4,5252,2,2,injection,injection,1,1
4,5253,4,4,password,password,1,1
4,5254,0,0,backdoor,backdoor,1,1
4,5255,0,0,backdoor,backdoor,1,1
4,5256,4,4,password,password,1,1
4,5257,2,2,injection,injection,1,1
4,5258,0,0,backdoor,backdoor,1,1
4,5259,3,3,normal,normal,0,0
4,5260,4,4,password,password,1,1
4,5261,3,3,normal,normal,0,0
4,5262,3,3,normal,normal,0,0
4,5263,2,2,injection,injection,1,1
4,5264,3,3,normal,normal,0,0
4,5265,0,0,backdoor,backdoor,1,1
4,5266,3,3,normal,normal,0,0
4,5267,3,3,normal,normal,0,0
4,5268,3,3,normal,normal,0,0
4,5269,0,3,backdoor,normal,1,0
4,5270,0,0,backdoor,backdoor,1,1
4,5271,3,3,normal,normal,0,0
4,5272,3,3,normal,normal,0,0
4,5273,3,3,normal,normal,0,0
4,5274,3,3,normal,normal,0,0
4,5275,4,4,password,password,1,1
4,5276,3,3,normal,normal,0,0
4,5277,4,4,password,password,1,1
4,5278,4,4,password,password,1,1
4,5279,2,2,injection,injection,1,1
4,5280,3,3,normal,normal,0,0
4,5281,3,3,normal,normal,0,0
4,5282,4,4,password,password,1,1
4,5283,2,2,injection,injection,1,1
4,5284,2,2,injection,injection,1,1
4,5285,0,2,backdoor,injection,1,1
4,5286,2,2,injection,injection,1,1
4,5287,3,3,normal,normal,0,0
4,5288,0,0,backdoor,backdoor,1,1
4,5289,4,4,password,password,1,1
4,5290,0,0,backdoor,backdoor,1,1
4,5291,4,4,password,password,1,1
4,5292,3,3,normal,normal,0,0
4,5293,3,3,normal,normal,0,0
4,5294,3,3,normal,normal,0,0
4,5295,3,3,normal,normal,0,0
4,5296,2,2,injection,injection,1,1
4,5297,0,0,backdoor,backdoor,1,1
4,5298,0,0,backdoor,backdoor,1,1
4,5299,0,0,backdoor,backdoor,1,1
4,5300,4,4,password,password,1,1
4,5301,3,3,normal,normal,0,0
4,5302,2,2,injection,injection,1,1
4,5303,0,0,backdoor,backdoor,1,1
4,5304,2,2,injection,injection,1,1
4,5305,4,4,password,password,1,1
4,5306,4,4,password,password,1,1
4,5307,3,3,normal,normal,0,0
4,5308,3,3,normal,normal,0,0
4,5309,0,0,backdoor,backdoor,1,1
4,5310,4,4,password,password,1,1
4,5311,3,3,normal,normal,0,0
4,5312,3,3,normal,normal,0,0
4,5313,0,2,backdoor,injection,1,1
4,5314,0,0,backdoor,backdoor,1,1
4,5315,3,3,normal,normal,0,0
4,5316,2,2,injection,injection,1,1
4,5317,3,3,normal,normal,0,0
4,5318,4,4,password,password,1,1
4,5319,3,3,normal,normal,0,0
4,5320,3,3,normal,normal,0,0
4,5321,3,3,normal,normal,0,0
4,5322,2,2,injection,injection,1,1
4,5323,3,3,normal,normal,0,0
4,5324,3,3,normal,normal,0,0
4,5325,4,4,password,password,1,1
4,5326,3,3,normal,normal,0,0
4,5327,0,3,backdoor,normal,1,0
4,5328,4,4,password,password,1,1
4,5329,2,2,injection,injection,1,1
4,5330,2,2,injection,injection,1,1
4,5331,2,2,injection,injection,1,1
4,5332,3,3,normal,normal,0,0
4,5333,4,4,password,password,1,1
4,5334,4,4,password,password,1,1
4,5335,2,2,injection,injection,1,1
4,5336,3,3,normal,normal,0,0
4,5337,3,3,normal,normal,0,0
4,5338,4,4,password,password,1,1
4,5339,2,2,injection,injection,1,1
4,5340,3,3,normal,normal,0,0
4,5341,3,3,normal,normal,0,0
4,5342,2,2,injection,injection,1,1
4,5343,3,3,normal,normal,0,0
4,5344,3,3,normal,normal,0,0
4,5345,3,3,normal,normal,0,0
4,5346,3,3,normal,normal,0,0
4,5347,3,3,normal,normal,0,0
4,5348,0,0,backdoor,backdoor,1,1
4,5349,4,4,password,password,1,1
4,5350,4,4,password,password,1,1
4,5351,4,4,password,password,1,1
4,5352,2,2,injection,injection,1,1
4,5353,3,3,normal,normal,0,0
4,5354,2,2,injection,injection,1,1
4,5355,4,4,password,password,1,1
4,5356,3,3,normal,normal,0,0
4,5357,3,3,normal,normal,0,0
4,5358,3,3,normal,normal,0,0
4,5359,0,2,backdoor,injection,1,1
4,5360,2,2,injection,injection,1,1
4,5361,3,3,normal,normal,0,0
4,5362,3,3,normal,normal,0,0
4,5363,0,0,backdoor,backdoor,1,1
4,5364,3,3,normal,normal,0,0
4,5365,3,3,normal,normal,0,0
4,5366,2,2,injection,injection,1,1
4,5367,2,2,injection,injection,1,1
4,5368,2,2,injection,injection,1,1
4,5369,4,4,password,password,1,1
4,5370,4,4,password,password,1,1
4,5371,2,2,injection,injection,1,1
4,5372,2,2,injection,injection,1,1
4,5373,3,3,normal,normal,0,0
4,5374,3,3,normal,normal,0,0
4,5375,3,3,normal,normal,0,0
4,5376,4,4,password,password,1,1
4,5377,3,3,normal,normal,0,0
4,5378,3,3,normal,normal,0,0
4,5379,4,4,password,password,1,1
4,5380,2,2,injection,injection,1,1
4,5381,3,3,normal,normal,0,0
4,5382,3,3,normal,normal,0,0
4,5383,3,3,normal,normal,0,0
4,5384,4,4,password,password,1,1
4,5385,2,2,injection,injection,1,1
4,5386,4,4,password,password,1,1
4,5387,2,2,injection,injection,1,1
4,5388,0,0,backdoor,backdoor,1,1
4,5389,3,3,normal,normal,0,0
4,5390,4,4,password,password,1,1
4,5391,3,3,normal,normal,0,0
4,5392,2,2,injection,injection,1,1
4,5393,3,3,normal,normal,0,0
4,5394,4,4,password,password,1,1
4,5395,0,0,backdoor,backdoor,1,1
4,5396,3,3,normal,normal,0,0
4,5397,3,3,normal,normal,0,0
4,5398,3,3,normal,normal,0,0
4,5399,2,2,injection,injection,1,1
4,5400,2,2,injection,injection,1,1
4,5401,2,2,injection,injection,1,1
4,5402,3,3,normal,normal,0,0
4,5403,3,3,normal,normal,0,0
4,5404,3,3,normal,normal,0,0
4,5405,2,2,injection,injection,1,1
4,5406,0,0,backdoor,backdoor,1,1
4,5407,3,3,normal,normal,0,0
4,5408,3,3,normal,normal,0,0
4,5409,4,4,password,password,1,1
4,5410,2,2,injection,injection,1,1
4,5411,3,3,normal,normal,0,0
4,5412,2,2,injection,injection,1,1
4,5413,0,2,backdoor,injection,1,1
4,5414,2,2,injection,injection,1,1
4,5415,3,3,normal,normal,0,0
4,5416,0,2,backdoor,injection,1,1
4,5417,3,3,normal,normal,0,0
4,5418,2,2,injection,injection,1,1
4,5419,3,3,normal,normal,0,0
4,5420,4,4,password,password,1,1
4,5421,3,3,normal,normal,0,0
4,5422,3,3,normal,normal,0,0
4,5423,4,4,password,password,1,1
4,5424,3,3,normal,normal,0,0
4,5425,4,4,password,password,1,1
4,5426,3,3,normal,normal,0,0
4,5427,2,2,injection,injection,1,1
4,5428,3,3,normal,normal,0,0
4,5429,3,3,normal,normal,0,0
4,5430,0,0,backdoor,backdoor,1,1
4,5431,4,4,password,password,1,1
4,5432,3,3,normal,normal,0,0
4,5433,2,2,injection,injection,1,1
4,5434,3,3,normal,normal,0,0
4,5435,0,0,backdoor,backdoor,1,1
4,5436,2,2,injection,injection,1,1
4,5437,2,2,injection,injection,1,1
4,5438,4,4,password,password,1,1
4,5439,3,3,normal,normal,0,0
4,5440,3,3,normal,normal,0,0
4,5441,3,3,normal,normal,0,0
4,5442,3,3,normal,normal,0,0
4,5443,3,3,normal,normal,0,0
4,5444,3,3,normal,normal,0,0
4,5445,3,3,normal,normal,0,0
4,5446,3,3,normal,normal,0,0
4,5447,3,3,normal,normal,0,0
4,5448,3,3,normal,normal,0,0
4,5449,3,3,normal,normal,0,0
4,5450,4,4,password,password,1,1
4,5451,2,2,injection,injection,1,1
4,5452,3,3,normal,normal,0,0
4,5453,2,2,injection,injection,1,1
4,5454,3,3,normal,normal,0,0
4,5455,3,3,normal,normal,0,0
4,5456,3,3,normal,normal,0,0
4,5457,0,0,backdoor,backdoor,1,1
4,5458,0,0,backdoor,backdoor,1,1
4,5459,3,3,normal,normal,0,0
4,5460,4,4,password,password,1,1
4,5461,3,3,normal,normal,0,0
4,5462,0,2,backdoor,injection,1,1
4,5463,0,0,backdoor,backdoor,1,1
4,5464,3,3,normal,normal,0,0
4,5465,0,0,backdoor,backdoor,1,1
4,5466,3,3,normal,normal,0,0
4,5467,3,3,normal,normal,0,0
4,5468,3,3,normal,normal,0,0
4,5469,0,0,backdoor,backdoor,1,1
4,5470,3,3,normal,normal,0,0
4,5471,3,3,normal,normal,0,0
4,5472,3,3,normal,normal,0,0
4,5473,3,3,normal,normal,0,0
4,5474,3,3,normal,normal,0,0
4,5475,2,2,injection,injection,1,1
4,5476,3,3,normal,normal,0,0
4,5477,3,3,normal,normal,0,0
4,5478,4,4,password,password,1,1
4,5479,0,0,backdoor,backdoor,1,1
4,5480,2,2,injection,injection,1,1
4,5481,3,3,normal,normal,0,0
4,5482,3,3,normal,normal,0,0
4,5483,3,3,normal,normal,0,0
4,5484,2,2,injection,injection,1,1
4,5485,4,4,password,password,1,1
4,5486,2,2,injection,injection,1,1
4,5487,3,3,normal,normal,0,0
4,5488,3,3,normal,normal,0,0
4,5489,3,3,normal,normal,0,0
4,5490,3,3,normal,normal,0,0
4,5491,0,0,backdoor,backdoor,1,1
4,5492,3,3,normal,normal,0,0
4,5493,2,2,injection,injection,1,1
4,5494,0,0,backdoor,backdoor,1,1
4,5495,3,3,normal,normal,0,0
4,5496,4,4,password,password,1,1
4,5497,3,3,normal,normal,0,0
4,5498,4,4,password,password,1,1
4,5499,0,0,backdoor,backdoor,1,1
4,5500,0,2,backdoor,injection,1,1
4,5501,3,3,normal,normal,0,0
4,5502,0,0,backdoor,backdoor,1,1
4,5503,3,3,normal,normal,0,0
4,5504,3,3,normal,normal,0,0
4,5505,3,3,normal,normal,0,0
4,5506,0,2,backdoor,injection,1,1
4,5507,2,2,injection,injection,1,1
4,5508,4,4,password,password,1,1
4,5509,3,3,normal,normal,0,0
4,5510,0,2,backdoor,injection,1,1
4,5511,3,3,normal,normal,0,0
4,5512,4,4,password,password,1,1
4,5513,3,3,normal,normal,0,0
4,5514,2,2,injection,injection,1,1
4,5515,3,3,normal,normal,0,0
4,5516,3,3,normal,normal,0,0
4,5517,4,4,password,password,1,1
4,5518,3,3,normal,normal,0,0
4,5519,3,3,normal,normal,0,0
4,5520,3,3,normal,normal,0,0
4,5521,3,3,normal,normal,0,0
4,5522,4,4,password,password,1,1
4,5523,3,3,normal,normal,0,0
4,5524,3,3,normal,normal,0,0
4,5525,3,3,normal,normal,0,0
4,5526,3,3,normal,normal,0,0
4,5527,2,2,injection,injection,1,1
4,5528,3,3,normal,normal,0,0
4,5529,3,3,normal,normal,0,0
4,5530,2,2,injection,injection,1,1
4,5531,0,0,backdoor,backdoor,1,1
4,5532,3,3,normal,normal,0,0
4,5533,3,3,normal,normal,0,0
4,5534,2,2,injection,injection,1,1
4,5535,3,3,normal,normal,0,0
4,5536,3,3,normal,normal,0,0
4,5537,0,0,backdoor,backdoor,1,1
4,5538,3,3,normal,normal,0,0
4,5539,0,0,backdoor,backdoor,1,1
4,5540,2,2,injection,injection,1,1
4,5541,4,4,password,password,1,1
4,5542,3,3,normal,normal,0,0
4,5543,0,0,backdoor,backdoor,1,1
4,5544,2,2,injection,injection,1,1
4,5545,4,4,password,password,1,1
4,5546,0,0,backdoor,backdoor,1,1
4,5547,3,3,normal,normal,0,0
4,5548,4,4,password,password,1,1
4,5549,2,2,injection,injection,1,1
4,5550,3,3,normal,normal,0,0
4,5551,0,0,backdoor,backdoor,1,1
4,5552,0,2,backdoor,injection,1,1
4,5553,0,0,backdoor,backdoor,1,1
4,5554,3,3,normal,normal,0,0
4,5555,3,3,normal,normal,0,0
4,5556,3,3,normal,normal,0,0
4,5557,3,3,normal,normal,0,0
4,5558,3,3,normal,normal,0,0
4,5559,0,0,backdoor,backdoor,1,1
4,5560,4,4,password,password,1,1
4,5561,2,2,injection,injection,1,1
4,5562,3,3,normal,normal,0,0
4,5563,0,0,backdoor,backdoor,1,1
4,5564,0,2,backdoor,injection,1,1
4,5565,4,4,password,password,1,1
4,5566,4,4,password,password,1,1
4,5567,2,2,injection,injection,1,1
4,5568,3,3,normal,normal,0,0
4,5569,3,3,normal,normal,0,0
4,5570,3,3,normal,normal,0,0
4,5571,2,2,injection,injection,1,1
4,5572,2,2,injection,injection,1,1
4,5573,2,2,injection,injection,1,1
4,5574,4,4,password,password,1,1
4,5575,2,2,injection,injection,1,1
4,5576,3,3,normal,normal,0,0
4,5577,4,4,password,password,1,1
4,5578,2,2,injection,injection,1,1
4,5579,3,3,normal,normal,0,0
4,5580,3,3,normal,normal,0,0
4,5581,4,4,password,password,1,1
4,5582,0,0,backdoor,backdoor,1,1
4,5583,4,4,password,password,1,1
4,5584,2,2,injection,injection,1,1
4,5585,3,3,normal,normal,0,0
4,5586,3,3,normal,normal,0,0
4,5587,3,3,normal,normal,0,0
4,5588,3,3,normal,normal,0,0
4,5589,4,4,password,password,1,1
4,5590,3,3,normal,normal,0,0
4,5591,3,3,normal,normal,0,0
4,5592,3,3,normal,normal,0,0
4,5593,3,3,normal,normal,0,0
4,5594,3,3,normal,normal,0,0
4,5595,3,3,normal,normal,0,0
4,5596,0,0,backdoor,backdoor,1,1
4,5597,3,3,normal,normal,0,0
4,5598,3,3,normal,normal,0,0
4,5599,3,3,normal,normal,0,0
4,5600,4,4,password,password,1,1
4,5601,4,4,password,password,1,1
4,5602,4,4,password,password,1,1
4,5603,3,3,normal,normal,0,0
4,5604,4,4,password,password,1,1
4,5605,3,3,normal,normal,0,0
4,5606,0,0,backdoor,backdoor,1,1
4,5607,2,2,injection,injection,1,1
4,5608,3,3,normal,normal,0,0
4,5609,4,4,password,password,1,1
4,5610,3,3,normal,normal,0,0
4,5611,4,4,password,password,1,1
4,5612,2,2,injection,injection,1,1
4,5613,4,4,password,password,1,1
4,5614,2,2,injection,injection,1,1
4,5615,4,4,password,password,1,1
4,5616,3,3,normal,normal,0,0
4,5617,3,3,normal,normal,0,0
4,5618,0,0,backdoor,backdoor,1,1
4,5619,3,3,normal,normal,0,0
4,5620,3,3,normal,normal,0,0
4,5621,3,3,normal,normal,0,0
4,5622,3,3,normal,normal,0,0
4,5623,3,3,normal,normal,0,0
4,5624,4,4,password,password,1,1
4,5625,0,0,backdoor,backdoor,1,1
4,5626,3,3,normal,normal,0,0
4,5627,3,3,normal,normal,0,0
4,5628,0,0,backdoor,backdoor,1,1
4,5629,0,0,backdoor,backdoor,1,1
4,5630,3,3,normal,normal,0,0
4,5631,3,3,normal,normal,0,0
4,5632,2,2,injection,injection,1,1
4,5633,3,3,normal,normal,0,0
4,5634,3,3,normal,normal,0,0
4,5635,3,3,normal,normal,0,0
4,5636,3,3,normal,normal,0,0
4,5637,2,2,injection,injection,1,1
4,5638,4,4,password,password,1,1
4,5639,3,3,normal,normal,0,0
4,5640,3,3,normal,normal,0,0
4,5641,3,3,normal,normal,0,0
4,5642,3,3,normal,normal,0,0
4,5643,4,4,password,password,1,1
4,5644,2,2,injection,injection,1,1
4,5645,3,3,normal,normal,0,0
4,5646,3,3,normal,normal,0,0
4,5647,0,0,backdoor,backdoor,1,1
4,5648,0,0,backdoor,backdoor,1,1
4,5649,3,3,normal,normal,0,0
4,5650,4,4,password,password,1,1
4,5651,3,3,normal,normal,0,0
4,5652,3,3,normal,normal,0,0
4,5653,3,3,normal,normal,0,0
4,5654,3,3,normal,normal,0,0
4,5655,3,3,normal,normal,0,0
4,5656,3,3,normal,normal,0,0
4,5657,3,3,normal,normal,0,0
4,5658,3,3,normal,normal,0,0
4,5659,3,3,normal,normal,0,0
4,5660,3,3,normal,normal,0,0
4,5661,3,3,normal,normal,0,0
4,5662,2,2,injection,injection,1,1
4,5663,3,3,normal,normal,0,0
4,5664,4,4,password,password,1,1
4,5665,0,0,backdoor,backdoor,1,1
4,5666,3,3,normal,normal,0,0
4,5667,4,4,password,password,1,1
4,5668,3,3,normal,normal,0,0
4,5669,4,4,password,password,1,1
4,5670,4,4,password,password,1,1
4,5671,4,4,password,password,1,1
4,5672,3,3,normal,normal,0,0
4,5673,2,2,injection,injection,1,1
4,5674,0,2,backdoor,injection,1,1
4,5675,3,3,normal,normal,0,0
4,5676,2,2,injection,injection,1,1
4,5677,0,0,backdoor,backdoor,1,1
4,5678,3,3,normal,normal,0,0
4,5679,0,0,backdoor,backdoor,1,1
4,5680,3,3,normal,normal,0,0
4,5681,2,2,injection,injection,1,1
4,5682,0,0,backdoor,backdoor,1,1
4,5683,3,3,normal,normal,0,0
4,5684,3,3,normal,normal,0,0
4,5685,4,4,password,password,1,1
4,5686,3,3,normal,normal,0,0
4,5687,3,3,normal,normal,0,0
4,5688,4,4,password,password,1,1
4,5689,3,3,normal,normal,0,0
4,5690,3,3,normal,normal,0,0
4,5691,2,2,injection,injection,1,1
4,5692,4,4,password,password,1,1
4,5693,2,2,injection,injection,1,1
4,5694,2,2,injection,injection,1,1
4,5695,3,3,normal,normal,0,0
4,5696,3,3,normal,normal,0,0
4,5697,3,3,normal,normal,0,0
4,5698,3,3,normal,normal,0,0
4,5699,2,2,injection,injection,1,1
4,5700,2,2,injection,injection,1,1
4,5701,2,2,injection,injection,1,1
4,5702,4,4,password,password,1,1
4,5703,2,2,injection,injection,1,1
4,5704,0,0,backdoor,backdoor,1,1
4,5705,3,3,normal,normal,0,0
4,5706,3,3,normal,normal,0,0
4,5707,3,3,normal,normal,0,0
4,5708,3,3,normal,normal,0,0
4,5709,3,3,normal,normal,0,0
4,5710,0,0,backdoor,backdoor,1,1
4,5711,3,3,normal,normal,0,0
4,5712,3,3,normal,normal,0,0
4,5713,4,4,password,password,1,1
4,5714,4,4,password,password,1,1
4,5715,2,2,injection,injection,1,1
4,5716,3,3,normal,normal,0,0
4,5717,2,2,injection,injection,1,1
4,5718,0,0,backdoor,backdoor,1,1
4,5719,3,3,normal,normal,0,0
4,5720,3,3,normal,normal,0,0
4,5721,4,4,password,password,1,1
4,5722,4,4,password,password,1,1
4,5723,3,3,normal,normal,0,0
4,5724,3,3,normal,normal,0,0
4,5725,4,4,password,password,1,1
4,5726,3,3,normal,normal,0,0
4,5727,3,3,normal,normal,0,0
4,5728,0,0,backdoor,backdoor,1,1
4,5729,3,3,normal,normal,0,0
4,5730,4,4,password,password,1,1
4,5731,3,3,normal,normal,0,0
4,5732,3,3,normal,normal,0,0
4,5733,2,2,injection,injection,1,1
4,5734,2,2,injection,injection,1,1
4,5735,0,0,backdoor,backdoor,1,1
4,5736,3,3,normal,normal,0,0
4,5737,3,3,normal,normal,0,0
4,5738,0,0,backdoor,backdoor,1,1
4,5739,4,4,password,password,1,1
4,5740,4,4,password,password,1,1
4,5741,2,2,injection,injection,1,1
4,5742,3,3,normal,normal,0,0
4,5743,3,3,normal,normal,0,0
4,5744,4,4,password,password,1,1
4,5745,3,3,normal,normal,0,0
4,5746,3,3,normal,normal,0,0
4,5747,4,4,password,password,1,1
4,5748,0,0,backdoor,backdoor,1,1
4,5749,3,3,normal,normal,0,0
4,5750,3,3,normal,normal,0,0
4,5751,3,3,normal,normal,0,0
4,5752,3,3,normal,normal,0,0
4,5753,4,4,password,password,1,1
4,5754,3,3,normal,normal,0,0
4,5755,3,3,normal,normal,0,0
4,5756,3,3,normal,normal,0,0
4,5757,3,3,normal,normal,0,0
4,5758,0,0,backdoor,backdoor,1,1
4,5759,2,2,injection,injection,1,1
4,5760,0,0,backdoor,backdoor,1,1
4,5761,3,3,normal,normal,0,0
4,5762,4,4,password,password,1,1
4,5763,4,4,password,password,1,1
4,5764,3,3,normal,normal,0,0
4,5765,2,2,injection,injection,1,1
4,5766,3,3,normal,normal,0,0
4,5767,0,2,backdoor,injection,1,1
4,5768,3,3,normal,normal,0,0
4,5769,3,3,normal,normal,0,0
4,5770,4,4,password,password,1,1
4,5771,0,0,backdoor,backdoor,1,1
4,5772,2,2,injection,injection,1,1
4,5773,3,3,normal,normal,0,0
4,5774,3,3,normal,normal,0,0
4,5775,4,4,password,password,1,1
4,5776,3,3,normal,normal,0,0
4,5777,2,2,injection,injection,1,1
4,5778,3,3,normal,normal,0,0
4,5779,0,0,backdoor,backdoor,1,1
4,5780,3,3,normal,normal,0,0
4,5781,4,4,password,password,1,1
4,5782,3,3,normal,normal,0,0
4,5783,3,3,normal,normal,0,0
4,5784,3,3,normal,normal,0,0
4,5785,3,3,normal,normal,0,0
4,5786,3,3,normal,normal,0,0
4,5787,3,3,normal,normal,0,0
4,5788,3,3,normal,normal,0,0
4,5789,2,2,injection,injection,1,1
4,5790,3,3,normal,normal,0,0
4,5791,3,3,normal,normal,0,0
4,5792,3,3,normal,normal,0,0
4,5793,0,0,backdoor,backdoor,1,1
4,5794,3,3,normal,normal,0,0
4,5795,2,2,injection,injection,1,1
4,5796,4,4,password,password,1,1
4,5797,4,4,password,password,1,1
4,5798,3,3,normal,normal,0,0
4,5799,3,3,normal,normal,0,0
4,5800,0,0,backdoor,backdoor,1,1
4,5801,3,3,normal,normal,0,0
4,5802,3,3,normal,normal,0,0
4,5803,3,3,normal,normal,0,0
4,5804,3,3,normal,normal,0,0
4,5805,0,0,backdoor,backdoor,1,1
4,5806,3,3,normal,normal,0,0
4,5807,3,3,normal,normal,0,0
4,5808,3,3,normal,normal,0,0
4,5809,4,4,password,password,1,1
4,5810,3,3,normal,normal,0,0
4,5811,3,3,normal,normal,0,0
4,5812,0,0,backdoor,backdoor,1,1
4,5813,2,2,injection,injection,1,1
4,5814,2,2,injection,injection,1,1
4,5815,3,3,normal,normal,0,0
4,5816,2,2,injection,injection,1,1
4,5817,3,3,normal,normal,0,0
4,5818,2,2,injection,injection,1,1
4,5819,4,4,password,password,1,1
4,5820,2,2,injection,injection,1,1
4,5821,4,4,password,password,1,1
4,5822,3,3,normal,normal,0,0
4,5823,2,2,injection,injection,1,1
4,5824,3,3,normal,normal,0,0
4,5825,4,4,password,password,1,1
4,5826,2,2,injection,injection,1,1
4,5827,3,3,normal,normal,0,0
4,5828,3,3,normal,normal,0,0
4,5829,3,3,normal,normal,0,0
4,5830,3,3,normal,normal,0,0
4,5831,4,4,password,password,1,1
4,5832,3,3,normal,normal,0,0
4,5833,3,3,normal,normal,0,0
4,5834,0,2,backdoor,injection,1,1
4,5835,3,3,normal,normal,0,0
4,5836,3,3,normal,normal,0,0
4,5837,3,3,normal,normal,0,0
4,5838,4,4,password,password,1,1
4,5839,3,3,normal,normal,0,0
4,5840,3,3,normal,normal,0,0
4,5841,4,4,password,password,1,1
4,5842,3,3,normal,normal,0,0
4,5843,2,2,injection,injection,1,1
4,5844,0,0,backdoor,backdoor,1,1
4,5845,2,2,injection,injection,1,1
4,5846,4,4,password,password,1,1
4,5847,3,3,normal,normal,0,0
4,5848,3,3,normal,normal,0,0
4,5849,3,3,normal,normal,0,0
4,5850,4,4,password,password,1,1
4,5851,4,4,password,password,1,1
4,5852,3,3,normal,normal,0,0
4,5853,0,0,backdoor,backdoor,1,1
4,5854,3,3,normal,normal,0,0
4,5855,3,3,normal,normal,0,0
4,5856,3,3,normal,normal,0,0
4,5857,0,0,backdoor,backdoor,1,1
4,5858,3,3,normal,normal,0,0
4,5859,3,3,normal,normal,0,0
4,5860,3,3,normal,normal,0,0
4,5861,3,3,normal,normal,0,0
4,5862,3,3,normal,normal,0,0
4,5863,2,2,injection,injection,1,1
4,5864,3,3,normal,normal,0,0
4,5865,3,3,normal,normal,0,0
4,5866,3,3,normal,normal,0,0
4,5867,3,3,normal,normal,0,0
4,5868,4,4,password,password,1,1
4,5869,3,3,normal,normal,0,0
4,5870,2,2,injection,injection,1,1
4,5871,3,3,normal,normal,0,0
4,5872,3,3,normal,normal,0,0
4,5873,3,3,normal,normal,0,0
4,5874,2,2,injection,injection,1,1
4,5875,0,0,backdoor,backdoor,1,1
4,5876,2,2,injection,injection,1,1
4,5877,2,2,injection,injection,1,1
4,5878,3,3,normal,normal,0,0
4,5879,3,3,normal,normal,0,0
4,5880,4,4,password,password,1,1
4,5881,4,4,password,password,1,1
4,5882,0,2,backdoor,injection,1,1
4,5883,2,2,injection,injection,1,1
4,5884,2,2,injection,injection,1,1
4,5885,0,0,backdoor,backdoor,1,1
4,5886,2,2,injection,injection,1,1
4,5887,4,4,password,password,1,1
4,5888,3,3,normal,normal,0,0
4,5889,3,3,normal,normal,0,0
4,5890,3,3,normal,normal,0,0
4,5891,3,3,normal,normal,0,0
4,5892,2,2,injection,injection,1,1
4,5893,4,4,password,password,1,1
4,5894,0,0,backdoor,backdoor,1,1
4,5895,2,2,injection,injection,1,1
4,5896,2,2,injection,injection,1,1
4,5897,2,2,injection,injection,1,1
4,5898,3,3,normal,normal,0,0
4,5899,4,4,password,password,1,1
4,5900,3,3,normal,normal,0,0
4,5901,0,0,backdoor,backdoor,1,1
4,5902,3,3,normal,normal,0,0
4,5903,0,2,backdoor,injection,1,1
4,5904,3,3,normal,normal,0,0
4,5905,2,2,injection,injection,1,1
4,5906,3,3,normal,normal,0,0
4,5907,0,0,backdoor,backdoor,1,1
4,5908,3,3,normal,normal,0,0
4,5909,3,3,normal,normal,0,0
4,5910,0,2,backdoor,injection,1,1
4,5911,0,2,backdoor,injection,1,1
4,5912,3,3,normal,normal,0,0
4,5913,4,4,password,password,1,1
4,5914,3,3,normal,normal,0,0
4,5915,2,2,injection,injection,1,1
4,5916,4,4,password,password,1,1
4,5917,3,3,normal,normal,0,0
4,5918,3,3,normal,normal,0,0
4,5919,3,3,normal,normal,0,0
4,5920,2,2,injection,injection,1,1
4,5921,3,3,normal,normal,0,0
4,5922,3,3,normal,normal,0,0
4,5923,3,3,normal,normal,0,0
4,5924,3,3,normal,normal,0,0
4,5925,3,3,normal,normal,0,0
4,5926,3,3,normal,normal,0,0
4,5927,3,3,normal,normal,0,0
4,5928,4,4,password,password,1,1
4,5929,4,4,password,password,1,1
4,5930,4,4,password,password,1,1
4,5931,4,4,password,password,1,1
4,5932,0,0,backdoor,backdoor,1,1
4,5933,2,2,injection,injection,1,1
4,5934,3,3,normal,normal,0,0
4,5935,3,3,normal,normal,0,0
4,5936,2,2,injection,injection,1,1
4,5937,3,3,normal,normal,0,0
4,5938,0,0,backdoor,backdoor,1,1
4,5939,2,2,injection,injection,1,1
4,5940,0,0,backdoor,backdoor,1,1
4,5941,2,2,injection,injection,1,1
4,5942,3,3,normal,normal,0,0
4,5943,0,2,backdoor,injection,1,1
4,5944,0,2,backdoor,injection,1,1
4,5945,3,3,normal,normal,0,0
4,5946,3,3,normal,normal,0,0
4,5947,4,4,password,password,1,1
4,5948,0,0,backdoor,backdoor,1,1
4,5949,0,0,backdoor,backdoor,1,1
4,5950,0,0,backdoor,backdoor,1,1
4,5951,3,3,normal,normal,0,0
4,5952,3,3,normal,normal,0,0
4,5953,3,3,normal,normal,0,0
4,5954,2,2,injection,injection,1,1
4,5955,3,3,normal,normal,0,0
4,5956,3,3,normal,normal,0,0
4,5957,3,3,normal,normal,0,0
4,5958,3,3,normal,normal,0,0
4,5959,3,3,normal,normal,0,0
4,5960,3,3,normal,normal,0,0
4,5961,3,3,normal,normal,0,0
4,5962,4,4,password,password,1,1
4,5963,3,3,normal,normal,0,0
4,5964,3,3,normal,normal,0,0
4,5965,4,4,password,password,1,1
4,5966,3,3,normal,normal,0,0
4,5967,2,2,injection,injection,1,1
4,5968,3,3,normal,normal,0,0
4,5969,0,0,backdoor,backdoor,1,1
4,5970,3,3,normal,normal,0,0
4,5971,4,4,password,password,1,1
4,5972,3,3,normal,normal,0,0
4,5973,3,3,normal,normal,0,0
4,5974,0,0,backdoor,backdoor,1,1
4,5975,3,3,normal,normal,0,0
4,5976,4,4,password,password,1,1
4,5977,3,3,normal,normal,0,0
4,5978,3,3,normal,normal,0,0
4,5979,2,2,injection,injection,1,1
4,5980,3,3,normal,normal,0,0
4,5981,0,0,backdoor,backdoor,1,1
4,5982,3,3,normal,normal,0,0
4,5983,3,3,normal,normal,0,0
4,5984,3,3,normal,normal,0,0
4,5985,2,2,injection,injection,1,1
4,5986,3,3,normal,normal,0,0
4,5987,4,4,password,password,1,1
4,5988,3,3,normal,normal,0,0
4,5989,3,3,normal,normal,0,0
4,5990,4,4,password,password,1,1
4,5991,0,0,backdoor,backdoor,1,1
4,5992,0,0,backdoor,backdoor,1,1
4,5993,2,2,injection,injection,1,1
4,5994,3,3,normal,normal,0,0
4,5995,3,3,normal,normal,0,0
4,5996,0,0,backdoor,backdoor,1,1
4,5997,0,0,backdoor,backdoor,1,1
4,5998,4,4,password,password,1,1
4,5999,2,2,injection,injection,1,1
5,0,4,4,password,password,1,1
5,1,3,3,normal,normal,0,0
5,2,3,3,normal,normal,0,0
5,3,0,0,backdoor,backdoor,1,1
5,4,3,3,normal,normal,0,0
5,5,3,3,normal,normal,0,0
5,6,2,2,injection,injection,1,1
5,7,3,3,normal,normal,0,0
5,8,4,4,password,password,1,1
5,9,3,3,normal,normal,0,0
5,10,0,0,backdoor,backdoor,1,1
5,11,2,2,injection,injection,1,1
5,12,3,3,normal,normal,0,0
5,13,2,2,injection,injection,1,1
5,14,2,2,injection,injection,1,1
5,15,3,3,normal,normal,0,0
5,16,2,2,injection,injection,1,1
5,17,3,3,normal,normal,0,0
5,18,4,4,password,password,1,1
5,19,0,0,backdoor,backdoor,1,1
5,20,3,3,normal,normal,0,0
5,21,4,4,password,password,1,1
5,22,4,4,password,password,1,1
5,23,3,3,normal,normal,0,0
5,24,3,3,normal,normal,0,0
5,25,3,3,normal,normal,0,0
5,26,2,2,injection,injection,1,1
5,27,2,2,injection,injection,1,1
5,28,3,3,normal,normal,0,0
5,29,2,2,injection,injection,1,1
5,30,3,3,normal,normal,0,0
5,31,3,3,normal,normal,0,0
5,32,3,3,normal,normal,0,0
5,33,3,3,normal,normal,0,0
5,34,4,4,password,password,1,1
5,35,3,3,normal,normal,0,0
5,36,0,2,backdoor,injection,1,1
5,37,2,2,injection,injection,1,1
5,38,3,3,normal,normal,0,0
5,39,2,2,injection,injection,1,1
5,40,2,2,injection,injection,1,1
5,41,0,0,backdoor,backdoor,1,1
5,42,2,2,injection,injection,1,1
5,43,4,4,password,password,1,1
5,44,0,0,backdoor,backdoor,1,1
5,45,3,3,normal,normal,0,0
5,46,2,2,injection,injection,1,1
5,47,4,4,password,password,1,1
5,48,3,3,normal,normal,0,0
5,49,3,3,normal,normal,0,0
5,50,4,4,password,password,1,1
5,51,4,4,password,password,1,1
5,52,4,4,password,password,1,1
5,53,4,4,password,password,1,1
5,54,3,3,normal,normal,0,0
5,55,4,4,password,password,1,1
5,56,4,4,password,password,1,1
5,57,0,0,backdoor,backdoor,1,1
5,58,4,4,password,password,1,1
5,59,4,4,password,password,1,1
5,60,3,3,normal,normal,0,0
5,61,3,3,normal,normal,0,0
5,62,0,0,backdoor,backdoor,1,1
5,63,2,2,injection,injection,1,1
5,64,0,2,backdoor,injection,1,1
5,65,3,3,normal,normal,0,0
5,66,4,4,password,password,1,1
5,67,3,3,normal,normal,0,0
5,68,3,3,normal,normal,0,0
5,69,3,3,normal,normal,0,0
5,70,2,2,injection,injection,1,1
5,71,0,2,backdoor,injection,1,1
5,72,3,3,normal,normal,0,0
5,73,3,3,normal,normal,0,0
5,74,3,3,normal,normal,0,0
5,75,2,2,injection,injection,1,1
5,76,3,3,normal,normal,0,0
5,77,0,0,backdoor,backdoor,1,1
5,78,3,3,normal,normal,0,0
5,79,3,3,normal,normal,0,0
5,80,4,4,password,password,1,1
5,81,3,3,normal,normal,0,0
5,82,4,4,password,password,1,1
5,83,3,3,normal,normal,0,0
5,84,3,3,normal,normal,0,0
5,85,2,2,injection,injection,1,1
5,86,3,3,normal,normal,0,0
5,87,3,3,normal,normal,0,0
5,88,3,3,normal,normal,0,0
5,89,2,2,injection,injection,1,1
5,90,3,3,normal,normal,0,0
5,91,2,2,injection,injection,1,1
5,92,2,2,injection,injection,1,1
5,93,3,3,normal,normal,0,0
5,94,4,4,password,password,1,1
5,95,3,3,normal,normal,0,0
5,96,4,4,password,password,1,1
5,97,3,3,normal,normal,0,0
5,98,2,2,injection,injection,1,1
5,99,0,0,backdoor,backdoor,1,1
5,100,3,3,normal,normal,0,0
5,101,3,3,normal,normal,0,0
5,102,0,2,backdoor,injection,1,1
5,103,3,3,normal,normal,0,0
5,104,4,4,password,password,1,1
5,105,2,2,injection,injection,1,1
5,106,3,3,normal,normal,0,0
5,107,2,2,injection,injection,1,1
5,108,2,2,injection,injection,1,1
5,109,3,3,normal,normal,0,0
5,110,3,3,normal,normal,0,0
5,111,4,4,password,password,1,1
5,112,3,3,normal,normal,0,0
5,113,3,3,normal,normal,0,0
5,114,3,3,normal,normal,0,0
5,115,4,4,password,password,1,1
5,116,3,3,normal,normal,0,0
5,117,4,4,password,password,1,1
5,118,3,3,normal,normal,0,0
5,119,3,3,normal,normal,0,0
5,120,0,0,backdoor,backdoor,1,1
5,121,3,3,normal,normal,0,0
5,122,0,0,backdoor,backdoor,1,1
5,123,3,3,normal,normal,0,0
5,124,2,2,injection,injection,1,1
5,125,2,2,injection,injection,1,1
5,126,3,3,normal,normal,0,0
5,127,2,2,injection,injection,1,1
5,128,4,4,password,password,1,1
5,129,0,0,backdoor,backdoor,1,1
5,130,4,4,password,password,1,1
5,131,2,2,injection,injection,1,1
5,132,3,3,normal,normal,0,0
5,133,2,2,injection,injection,1,1
5,134,3,3,normal,normal,0,0
5,135,2,2,injection,injection,1,1
5,136,3,3,normal,normal,0,0
5,137,3,3,normal,normal,0,0
5,138,3,3,normal,normal,0,0
5,139,2,2,injection,injection,1,1
5,140,0,0,backdoor,backdoor,1,1
5,141,0,0,backdoor,backdoor,1,1
5,142,3,3,normal,normal,0,0
5,143,4,4,password,password,1,1
5,144,2,2,injection,injection,1,1
5,145,3,3,normal,normal,0,0
5,146,3,3,normal,normal,0,0
5,147,3,3,normal,normal,0,0
5,148,3,3,normal,normal,0,0
5,149,0,2,backdoor,injection,1,1
5,150,4,4,password,password,1,1
5,151,3,3,normal,normal,0,0
5,152,3,3,normal,normal,0,0
5,153,4,4,password,password,1,1
5,154,0,0,backdoor,backdoor,1,1
5,155,3,3,normal,normal,0,0
5,156,3,3,normal,normal,0,0
5,157,3,3,normal,normal,0,0
5,158,0,0,backdoor,backdoor,1,1
5,159,3,3,normal,normal,0,0
5,160,4,4,password,password,1,1
5,161,3,3,normal,normal,0,0
5,162,4,4,password,password,1,1
5,163,3,3,normal,normal,0,0
5,164,0,0,backdoor,backdoor,1,1
5,165,0,0,backdoor,backdoor,1,1
5,166,0,0,backdoor,backdoor,1,1
5,167,2,2,injection,injection,1,1
5,168,3,3,normal,normal,0,0
5,169,0,0,backdoor,backdoor,1,1
5,170,4,4,password,password,1,1
5,171,4,4,password,password,1,1
5,172,0,0,backdoor,backdoor,1,1
5,173,0,0,backdoor,backdoor,1,1
5,174,3,3,normal,normal,0,0
5,175,4,4,password,password,1,1
5,176,3,3,normal,normal,0,0
5,177,2,2,injection,injection,1,1
5,178,4,4,password,password,1,1
5,179,4,4,password,password,1,1
5,180,2,2,injection,injection,1,1
5,181,3,3,normal,normal,0,0
5,182,3,3,normal,normal,0,0
5,183,2,2,injection,injection,1,1
5,184,2,2,injection,injection,1,1
5,185,0,0,backdoor,backdoor,1,1
5,186,3,3,normal,normal,0,0
5,187,3,3,normal,normal,0,0
5,188,4,4,password,password,1,1
5,189,0,0,backdoor,backdoor,1,1
5,190,3,3,normal,normal,0,0
5,191,0,0,backdoor,backdoor,1,1
5,192,3,3,normal,normal,0,0
5,193,3,3,normal,normal,0,0
5,194,3,3,normal,normal,0,0
5,195,3,3,normal,normal,0,0
5,196,0,0,backdoor,backdoor,1,1
5,197,3,3,normal,normal,0,0
5,198,3,3,normal,normal,0,0
5,199,3,3,normal,normal,0,0
5,200,2,2,injection,injection,1,1
5,201,3,3,normal,normal,0,0
5,202,3,3,normal,normal,0,0
5,203,3,3,normal,normal,0,0
5,204,3,3,normal,normal,0,0
5,205,3,3,normal,normal,0,0
5,206,0,0,backdoor,backdoor,1,1
5,207,4,4,password,password,1,1
5,208,4,4,password,password,1,1
5,209,3,3,normal,normal,0,0
5,210,3,3,normal,normal,0,0
5,211,3,3,normal,normal,0,0
5,212,3,3,normal,normal,0,0
5,213,3,3,normal,normal,0,0
5,214,2,2,injection,injection,1,1
5,215,3,3,normal,normal,0,0
5,216,2,2,injection,injection,1,1
5,217,4,4,password,password,1,1
5,218,3,3,normal,normal,0,0
5,219,2,2,injection,injection,1,1
5,220,2,2,injection,injection,1,1
5,221,2,2,injection,injection,1,1
5,222,2,2,injection,injection,1,1
5,223,3,3,normal,normal,0,0
5,224,3,3,normal,normal,0,0
5,225,4,4,password,password,1,1
5,226,3,3,normal,normal,0,0
5,227,2,2,injection,injection,1,1
5,228,0,0,backdoor,backdoor,1,1
5,229,0,2,backdoor,injection,1,1
5,230,3,3,normal,normal,0,0
5,231,4,4,password,password,1,1
5,232,0,0,backdoor,backdoor,1,1
5,233,4,4,password,password,1,1
5,234,3,3,normal,normal,0,0
5,235,0,0,backdoor,backdoor,1,1
5,236,3,3,normal,normal,0,0
5,237,3,3,normal,normal,0,0
5,238,3,3,normal,normal,0,0
5,239,3,3,normal,normal,0,0
5,240,3,3,normal,normal,0,0
5,241,3,3,normal,normal,0,0
5,242,3,3,normal,normal,0,0
5,243,0,0,backdoor,backdoor,1,1
5,244,3,3,normal,normal,0,0
5,245,3,3,normal,normal,0,0
5,246,0,2,backdoor,injection,1,1
5,247,2,2,injection,injection,1,1
5,248,4,4,password,password,1,1
5,249,3,3,normal,normal,0,0
5,250,3,3,normal,normal,0,0
5,251,2,2,injection,injection,1,1
5,252,4,4,password,password,1,1
5,253,3,3,normal,normal,0,0
5,254,0,0,backdoor,backdoor,1,1
5,255,2,2,injection,injection,1,1
5,256,4,4,password,password,1,1
5,257,0,2,backdoor,injection,1,1
5,258,3,3,normal,normal,0,0
5,259,0,2,backdoor,injection,1,1
5,260,3,3,normal,normal,0,0
5,261,0,0,backdoor,backdoor,1,1
5,262,3,3,normal,normal,0,0
5,263,3,3,normal,normal,0,0
5,264,3,3,normal,normal,0,0
5,265,0,0,backdoor,backdoor,1,1
5,266,2,2,injection,injection,1,1
5,267,3,3,normal,normal,0,0
5,268,3,3,normal,normal,0,0
5,269,2,2,injection,injection,1,1
5,270,3,3,normal,normal,0,0
5,271,3,3,normal,normal,0,0
5,272,3,3,normal,normal,0,0
5,273,0,0,backdoor,backdoor,1,1
5,274,4,4,password,password,1,1
5,275,3,3,normal,normal,0,0
5,276,0,0,backdoor,backdoor,1,1
5,277,3,3,normal,normal,0,0
5,278,3,3,normal,normal,0,0
5,279,3,3,normal,normal,0,0
5,280,0,2,backdoor,injection,1,1
5,281,4,4,password,password,1,1
5,282,3,3,normal,normal,0,0
5,283,3,3,normal,normal,0,0
5,284,3,3,normal,normal,0,0
5,285,2,2,injection,injection,1,1
5,286,3,3,normal,normal,0,0
5,287,4,4,password,password,1,1
5,288,3,3,normal,normal,0,0
5,289,3,3,normal,normal,0,0
5,290,3,3,normal,normal,0,0
5,291,3,3,normal,normal,0,0
5,292,4,4,password,password,1,1
5,293,4,4,password,password,1,1
5,294,3,3,normal,normal,0,0
5,295,0,2,backdoor,injection,1,1
5,296,0,0,backdoor,backdoor,1,1
5,297,4,4,password,password,1,1
5,298,2,2,injection,injection,1,1
5,299,4,4,password,password,1,1
5,300,3,3,normal,normal,0,0
5,301,2,2,injection,injection,1,1
5,302,3,3,normal,normal,0,0
5,303,0,0,backdoor,backdoor,1,1
5,304,3,3,normal,normal,0,0
5,305,4,4,password,password,1,1
5,306,2,2,injection,injection,1,1
5,307,3,3,normal,normal,0,0
5,308,3,3,normal,normal,0,0
5,309,3,3,normal,normal,0,0
5,310,2,2,injection,injection,1,1
5,311,2,2,injection,injection,1,1
5,312,4,4,password,password,1,1
5,313,3,3,normal,normal,0,0
5,314,0,2,backdoor,injection,1,1
5,315,4,4,password,password,1,1
5,316,4,4,password,password,1,1
5,317,3,3,normal,normal,0,0
5,318,3,3,normal,normal,0,0
5,319,3,3,normal,normal,0,0
5,320,3,3,normal,normal,0,0
5,321,2,2,injection,injection,1,1
5,322,3,3,normal,normal,0,0
5,323,3,3,normal,normal,0,0
5,324,2,2,injection,injection,1,1
5,325,3,3,normal,normal,0,0
5,326,3,3,normal,normal,0,0
5,327,4,4,password,password,1,1
5,328,0,0,backdoor,backdoor,1,1
5,329,0,0,backdoor,backdoor,1,1
5,330,3,3,normal,normal,0,0
5,331,3,3,normal,normal,0,0
5,332,0,0,backdoor,backdoor,1,1
5,333,0,0,backdoor,backdoor,1,1
5,334,4,4,password,password,1,1
5,335,4,4,password,password,1,1
5,336,3,3,normal,normal,0,0
5,337,0,0,backdoor,backdoor,1,1
5,338,2,2,injection,injection,1,1
5,339,2,2,injection,injection,1,1
5,340,3,3,normal,normal,0,0
5,341,3,3,normal,normal,0,0
5,342,2,2,injection,injection,1,1
5,343,3,3,normal,normal,0,0
5,344,0,2,backdoor,injection,1,1
5,345,3,3,normal,normal,0,0
5,346,3,3,normal,normal,0,0
5,347,3,3,normal,normal,0,0
5,348,2,2,injection,injection,1,1
5,349,2,2,injection,injection,1,1
5,350,3,3,normal,normal,0,0
5,351,2,2,injection,injection,1,1
5,352,4,4,password,password,1,1
5,353,4,4,password,password,1,1
5,354,4,4,password,password,1,1
5,355,0,0,backdoor,backdoor,1,1
5,356,3,3,normal,normal,0,0
5,357,3,3,normal,normal,0,0
5,358,3,3,normal,normal,0,0
5,359,3,3,normal,normal,0,0
5,360,2,2,injection,injection,1,1
5,361,3,3,normal,normal,0,0
5,362,4,4,password,password,1,1
5,363,3,3,normal,normal,0,0
5,364,3,3,normal,normal,0,0
5,365,2,2,injection,injection,1,1
5,366,3,3,normal,normal,0,0
5,367,3,3,normal,normal,0,0
5,368,3,3,normal,normal,0,0
5,369,3,3,normal,normal,0,0
5,370,3,3,normal,normal,0,0
5,371,4,4,password,password,1,1
5,372,3,3,normal,normal,0,0
5,373,3,3,normal,normal,0,0
5,374,0,0,backdoor,backdoor,1,1
5,375,4,4,password,password,1,1
5,376,0,0,backdoor,backdoor,1,1
5,377,0,0,backdoor,backdoor,1,1
5,378,2,2,injection,injection,1,1
5,379,3,3,normal,normal,0,0
5,380,0,2,backdoor,injection,1,1
5,381,3,3,normal,normal,0,0
5,382,3,3,normal,normal,0,0
5,383,3,3,normal,normal,0,0
5,384,0,3,backdoor,normal,1,0
5,385,0,0,backdoor,backdoor,1,1
5,386,3,3,normal,normal,0,0
5,387,0,0,backdoor,backdoor,1,1
5,388,3,3,normal,normal,0,0
5,389,3,3,normal,normal,0,0
5,390,3,3,normal,normal,0,0
5,391,4,4,password,password,1,1
5,392,0,0,backdoor,backdoor,1,1
5,393,3,3,normal,normal,0,0
5,394,0,0,backdoor,backdoor,1,1
5,395,4,4,password,password,1,1
5,396,3,3,normal,normal,0,0
5,397,3,3,normal,normal,0,0
5,398,0,0,backdoor,backdoor,1,1
5,399,3,3,normal,normal,0,0
5,400,3,3,normal,normal,0,0
5,401,4,4,password,password,1,1
5,402,0,2,backdoor,injection,1,1
5,403,3,3,normal,normal,0,0
5,404,4,4,password,password,1,1
5,405,3,3,normal,normal,0,0
5,406,2,2,injection,injection,1,1
5,407,3,3,normal,normal,0,0
5,408,0,0,backdoor,backdoor,1,1
5,409,0,0,backdoor,backdoor,1,1
5,410,4,4,password,password,1,1
5,411,0,0,backdoor,backdoor,1,1
5,412,0,0,backdoor,backdoor,1,1
5,413,3,3,normal,normal,0,0
5,414,3,3,normal,normal,0,0
5,415,0,2,backdoor,injection,1,1
5,416,2,2,injection,injection,1,1
5,417,3,3,normal,normal,0,0
5,418,3,3,normal,normal,0,0
5,419,3,3,normal,normal,0,0
5,420,0,0,backdoor,backdoor,1,1
5,421,2,2,injection,injection,1,1
5,422,0,0,backdoor,backdoor,1,1
5,423,2,2,injection,injection,1,1
5,424,0,0,backdoor,backdoor,1,1
5,425,4,4,password,password,1,1
5,426,3,3,normal,normal,0,0
5,427,3,3,normal,normal,0,0
5,428,4,4,password,password,1,1
5,429,3,3,normal,normal,0,0
5,430,3,3,normal,normal,0,0
5,431,3,3,normal,normal,0,0
5,432,4,4,password,password,1,1
5,433,3,3,normal,normal,0,0
5,434,3,3,normal,normal,0,0
5,435,4,4,password,password,1,1
5,436,3,3,normal,normal,0,0
5,437,3,3,normal,normal,0,0
5,438,3,3,normal,normal,0,0
5,439,3,3,normal,normal,0,0
5,440,2,2,injection,injection,1,1
5,441,3,3,normal,normal,0,0
5,442,3,3,normal,normal,0,0
5,443,0,0,backdoor,backdoor,1,1
5,444,0,3,backdoor,normal,1,0
5,445,3,3,normal,normal,0,0
5,446,4,4,password,password,1,1
5,447,3,3,normal,normal,0,0
5,448,3,3,normal,normal,0,0
5,449,0,0,backdoor,backdoor,1,1
5,450,3,3,normal,normal,0,0
5,451,2,2,injection,injection,1,1
5,452,4,4,password,password,1,1
5,453,3,3,normal,normal,0,0
5,454,2,2,injection,injection,1,1
5,455,3,3,normal,normal,0,0
5,456,3,3,normal,normal,0,0
5,457,2,2,injection,injection,1,1
5,458,3,3,normal,normal,0,0
5,459,3,3,normal,normal,0,0
5,460,3,3,normal,normal,0,0
5,461,3,3,normal,normal,0,0
5,462,2,2,injection,injection,1,1
5,463,4,4,password,password,1,1
5,464,2,2,injection,injection,1,1
5,465,3,3,normal,normal,0,0
5,466,0,0,backdoor,backdoor,1,1
5,467,2,2,injection,injection,1,1
5,468,0,0,backdoor,backdoor,1,1
5,469,3,3,normal,normal,0,0
5,470,3,3,normal,normal,0,0
5,471,2,2,injection,injection,1,1
5,472,3,3,normal,normal,0,0
5,473,4,4,password,password,1,1
5,474,2,2,injection,injection,1,1
5,475,4,4,password,password,1,1
5,476,2,2,injection,injection,1,1
5,477,3,3,normal,normal,0,0
5,478,2,2,injection,injection,1,1
5,479,0,0,backdoor,backdoor,1,1
5,480,3,3,normal,normal,0,0
5,481,3,3,normal,normal,0,0
5,482,3,3,normal,normal,0,0
5,483,0,0,backdoor,backdoor,1,1
5,484,0,2,backdoor,injection,1,1
5,485,3,3,normal,normal,0,0
5,486,3,3,normal,normal,0,0
5,487,2,2,injection,injection,1,1
5,488,0,2,backdoor,injection,1,1
5,489,4,4,password,password,1,1
5,490,4,4,password,password,1,1
5,491,4,4,password,password,1,1
5,492,0,0,backdoor,backdoor,1,1
5,493,4,4,password,password,1,1
5,494,3,3,normal,normal,0,0
5,495,4,4,password,password,1,1
5,496,2,2,injection,injection,1,1
5,497,3,3,normal,normal,0,0
5,498,4,4,password,password,1,1
5,499,4,4,password,password,1,1
5,500,3,3,normal,normal,0,0
5,501,0,0,backdoor,backdoor,1,1
5,502,4,4,password,password,1,1
5,503,0,0,backdoor,backdoor,1,1
5,504,3,3,normal,normal,0,0
5,505,3,3,normal,normal,0,0
5,506,0,0,backdoor,backdoor,1,1
5,507,3,3,normal,normal,0,0
5,508,3,3,normal,normal,0,0
5,509,3,3,normal,normal,0,0
5,510,3,3,normal,normal,0,0
5,511,4,4,password,password,1,1
5,512,3,3,normal,normal,0,0
5,513,3,3,normal,normal,0,0
5,514,2,2,injection,injection,1,1
5,515,2,2,injection,injection,1,1
5,516,2,2,injection,injection,1,1
5,517,2,2,injection,injection,1,1
5,518,0,0,backdoor,backdoor,1,1
5,519,0,0,backdoor,backdoor,1,1
5,520,4,4,password,password,1,1
5,521,3,3,normal,normal,0,0
5,522,2,2,injection,injection,1,1
5,523,0,0,backdoor,backdoor,1,1
5,524,3,3,normal,normal,0,0
5,525,3,3,normal,normal,0,0
5,526,4,4,password,password,1,1
5,527,4,4,password,password,1,1
5,528,3,3,normal,normal,0,0
5,529,3,3,normal,normal,0,0
5,530,4,4,password,password,1,1
5,531,3,3,normal,normal,0,0
5,532,3,3,normal,normal,0,0
5,533,3,3,normal,normal,0,0
5,534,3,3,normal,normal,0,0
5,535,3,3,normal,normal,0,0
5,536,0,0,backdoor,backdoor,1,1
5,537,2,2,injection,injection,1,1
5,538,3,3,normal,normal,0,0
5,539,3,3,normal,normal,0,0
5,540,3,3,normal,normal,0,0
5,541,3,3,normal,normal,0,0
5,542,3,3,normal,normal,0,0
5,543,3,3,normal,normal,0,0
5,544,3,3,normal,normal,0,0
5,545,3,3,normal,normal,0,0
5,546,0,0,backdoor,backdoor,1,1
5,547,3,3,normal,normal,0,0
5,548,3,3,normal,normal,0,0
5,549,3,3,normal,normal,0,0
5,550,4,4,password,password,1,1
5,551,3,3,normal,normal,0,0
5,552,3,3,normal,normal,0,0
5,553,3,3,normal,normal,0,0
5,554,3,3,normal,normal,0,0
5,555,4,4,password,password,1,1
5,556,3,3,normal,normal,0,0
5,557,3,3,normal,normal,0,0
5,558,3,3,normal,normal,0,0
5,559,3,3,normal,normal,0,0
5,560,3,3,normal,normal,0,0
5,561,3,3,normal,normal,0,0
5,562,4,4,password,password,1,1
5,563,3,3,normal,normal,0,0
5,564,3,3,normal,normal,0,0
5,565,3,3,normal,normal,0,0
5,566,3,3,normal,normal,0,0
5,567,2,2,injection,injection,1,1
5,568,2,2,injection,injection,1,1
5,569,3,3,normal,normal,0,0
5,570,2,2,injection,injection,1,1
5,571,4,4,password,password,1,1
5,572,0,2,backdoor,injection,1,1
5,573,2,2,injection,injection,1,1
5,574,2,2,injection,injection,1,1
5,575,4,4,password,password,1,1
5,576,3,3,normal,normal,0,0
5,577,3,3,normal,normal,0,0
5,578,3,3,normal,normal,0,0
5,579,3,3,normal,normal,0,0
5,580,3,3,normal,normal,0,0
5,581,3,3,normal,normal,0,0
5,582,2,2,injection,injection,1,1
5,583,3,3,normal,normal,0,0
5,584,3,3,normal,normal,0,0
5,585,0,0,backdoor,backdoor,1,1
5,586,3,3,normal,normal,0,0
5,587,3,3,normal,normal,0,0
5,588,2,2,injection,injection,1,1
5,589,3,3,normal,normal,0,0
5,590,2,2,injection,injection,1,1
5,591,4,4,password,password,1,1
5,592,4,4,password,password,1,1
5,593,4,4,password,password,1,1
5,594,3,3,normal,normal,0,0
5,595,3,3,normal,normal,0,0
5,596,0,2,backdoor,injection,1,1
5,597,3,3,normal,normal,0,0
5,598,2,2,injection,injection,1,1
5,599,4,4,password,password,1,1
5,600,0,0,backdoor,backdoor,1,1
5,601,3,3,normal,normal,0,0
5,602,3,3,normal,normal,0,0
5,603,4,4,password,password,1,1
5,604,0,0,backdoor,backdoor,1,1
5,605,3,3,normal,normal,0,0
5,606,2,2,injection,injection,1,1
5,607,3,3,normal,normal,0,0
5,608,4,4,password,password,1,1
5,609,3,3,normal,normal,0,0
5,610,3,3,normal,normal,0,0
5,611,3,3,normal,normal,0,0
5,612,3,3,normal,normal,0,0
5,613,3,3,normal,normal,0,0
5,614,0,0,backdoor,backdoor,1,1
5,615,3,3,normal,normal,0,0
5,616,4,4,password,password,1,1
5,617,3,3,normal,normal,0,0
5,618,3,3,normal,normal,0,0
5,619,0,0,backdoor,backdoor,1,1
5,620,0,0,backdoor,backdoor,1,1
5,621,2,2,injection,injection,1,1
5,622,3,3,normal,normal,0,0
5,623,3,3,normal,normal,0,0
5,624,3,3,normal,normal,0,0
5,625,2,2,injection,injection,1,1
5,626,3,3,normal,normal,0,0
5,627,0,0,backdoor,backdoor,1,1
5,628,3,3,normal,normal,0,0
5,629,3,3,normal,normal,0,0
5,630,3,3,normal,normal,0,0
5,631,3,3,normal,normal,0,0
5,632,3,3,normal,normal,0,0
5,633,3,3,normal,normal,0,0
5,634,0,0,backdoor,backdoor,1,1
5,635,3,3,normal,normal,0,0
5,636,2,2,injection,injection,1,1
5,637,0,0,backdoor,backdoor,1,1
5,638,3,3,normal,normal,0,0
5,639,0,0,backdoor,backdoor,1,1
5,640,3,3,normal,normal,0,0
5,641,2,2,injection,injection,1,1
5,642,3,3,normal,normal,0,0
5,643,4,4,password,password,1,1
5,644,0,0,backdoor,backdoor,1,1
5,645,3,3,normal,normal,0,0
5,646,0,0,backdoor,backdoor,1,1
5,647,3,3,normal,normal,0,0
5,648,0,0,backdoor,backdoor,1,1
5,649,3,3,normal,normal,0,0
5,650,3,3,normal,normal,0,0
5,651,0,0,backdoor,backdoor,1,1
5,652,0,2,backdoor,injection,1,1
5,653,3,3,normal,normal,0,0
5,654,3,3,normal,normal,0,0
5,655,2,2,injection,injection,1,1
5,656,3,3,normal,normal,0,0
5,657,4,4,password,password,1,1
5,658,3,3,normal,normal,0,0
5,659,3,3,normal,normal,0,0
5,660,4,4,password,password,1,1
5,661,3,3,normal,normal,0,0
5,662,2,2,injection,injection,1,1
5,663,2,2,injection,injection,1,1
5,664,4,4,password,password,1,1
5,665,4,4,password,password,1,1
5,666,3,3,normal,normal,0,0
5,667,3,3,normal,normal,0,0
5,668,4,4,password,password,1,1
5,669,2,2,injection,injection,1,1
5,670,0,2,backdoor,injection,1,1
5,671,3,3,normal,normal,0,0
5,672,3,3,normal,normal,0,0
5,673,4,4,password,password,1,1
5,674,3,3,normal,normal,0,0
5,675,3,3,normal,normal,0,0
5,676,3,3,normal,normal,0,0
5,677,3,3,normal,normal,0,0
5,678,3,3,normal,normal,0,0
5,679,3,3,normal,normal,0,0
5,680,4,4,password,password,1,1
5,681,3,3,normal,normal,0,0
5,682,3,3,normal,normal,0,0
5,683,2,2,injection,injection,1,1
5,684,3,3,normal,normal,0,0
5,685,3,3,normal,normal,0,0
5,686,3,3,normal,normal,0,0
5,687,3,3,normal,normal,0,0
5,688,3,3,normal,normal,0,0
5,689,3,3,normal,normal,0,0
5,690,3,3,normal,normal,0,0
5,691,2,2,injection,injection,1,1
5,692,3,3,normal,normal,0,0
5,693,2,2,injection,injection,1,1
5,694,3,3,normal,normal,0,0
5,695,3,3,normal,normal,0,0
5,696,2,2,injection,injection,1,1
5,697,0,0,backdoor,backdoor,1,1
5,698,3,3,normal,normal,0,0
5,699,3,3,normal,normal,0,0
5,700,3,3,normal,normal,0,0
5,701,3,3,normal,normal,0,0
5,702,3,3,normal,normal,0,0
5,703,4,4,password,password,1,1
5,704,4,4,password,password,1,1
5,705,0,2,backdoor,injection,1,1
5,706,2,2,injection,injection,1,1
5,707,3,3,normal,normal,0,0
5,708,3,3,normal,normal,0,0
5,709,3,3,normal,normal,0,0
5,710,0,0,backdoor,backdoor,1,1
5,711,3,3,normal,normal,0,0
5,712,3,3,normal,normal,0,0
5,713,0,0,backdoor,backdoor,1,1
5,714,4,4,password,password,1,1
5,715,4,4,password,password,1,1
5,716,3,3,normal,normal,0,0
5,717,0,0,backdoor,backdoor,1,1
5,718,3,3,normal,normal,0,0
5,719,3,3,normal,normal,0,0
5,720,3,3,normal,normal,0,0
5,721,3,3,normal,normal,0,0
5,722,3,3,normal,normal,0,0
5,723,3,3,normal,normal,0,0
5,724,2,2,injection,injection,1,1
5,725,0,0,backdoor,backdoor,1,1
5,726,3,3,normal,normal,0,0
5,727,2,2,injection,injection,1,1
5,728,4,4,password,password,1,1
5,729,3,3,normal,normal,0,0
5,730,2,2,injection,injection,1,1
5,731,4,4,password,password,1,1
5,732,3,3,normal,normal,0,0
5,733,3,3,normal,normal,0,0
5,734,2,2,injection,injection,1,1
5,735,3,3,normal,normal,0,0
5,736,0,0,backdoor,backdoor,1,1
5,737,0,0,backdoor,backdoor,1,1
5,738,3,3,normal,normal,0,0
5,739,3,3,normal,normal,0,0
5,740,3,3,normal,normal,0,0
5,741,3,3,normal,normal,0,0
5,742,3,3,normal,normal,0,0
5,743,3,3,normal,normal,0,0
5,744,4,4,password,password,1,1
5,745,3,3,normal,normal,0,0
5,746,3,3,normal,normal,0,0
5,747,0,0,backdoor,backdoor,1,1
5,748,4,4,password,password,1,1
5,749,3,3,normal,normal,0,0
5,750,3,3,normal,normal,0,0
5,751,2,2,injection,injection,1,1
5,752,3,3,normal,normal,0,0
5,753,4,4,password,password,1,1
5,754,4,4,password,password,1,1
5,755,3,3,normal,normal,0,0
5,756,3,3,normal,normal,0,0
5,757,3,3,normal,normal,0,0
5,758,3,3,normal,normal,0,0
5,759,4,4,password,password,1,1
5,760,4,4,password,password,1,1
5,761,0,0,backdoor,backdoor,1,1
5,762,2,2,injection,injection,1,1
5,763,3,3,normal,normal,0,0
5,764,3,3,normal,normal,0,0
5,765,3,3,normal,normal,0,0
5,766,3,3,normal,normal,0,0
5,767,2,2,injection,injection,1,1
5,768,3,3,normal,normal,0,0
5,769,2,2,injection,injection,1,1
5,770,4,4,password,password,1,1
5,771,3,3,normal,normal,0,0
5,772,4,4,password,password,1,1
5,773,4,4,password,password,1,1
5,774,0,0,backdoor,backdoor,1,1
5,775,3,3,normal,normal,0,0
5,776,4,4,password,password,1,1
5,777,3,3,normal,normal,0,0
5,778,3,3,normal,normal,0,0
5,779,2,2,injection,injection,1,1
5,780,4,4,password,password,1,1
5,781,3,3,normal,normal,0,0
5,782,0,2,backdoor,injection,1,1
5,783,3,3,normal,normal,0,0
5,784,0,0,backdoor,backdoor,1,1
5,785,3,3,normal,normal,0,0
5,786,3,3,normal,normal,0,0
5,787,3,3,normal,normal,0,0
5,788,3,3,normal,normal,0,0
5,789,3,3,normal,normal,0,0
5,790,3,3,normal,normal,0,0
5,791,0,0,backdoor,backdoor,1,1
5,792,3,3,normal,normal,0,0
5,793,0,0,backdoor,backdoor,1,1
5,794,4,4,password,password,1,1
5,795,4,4,password,password,1,1
5,796,3,3,normal,normal,0,0
5,797,4,4,password,password,1,1
5,798,3,3,normal,normal,0,0
5,799,3,3,normal,normal,0,0
5,800,2,2,injection,injection,1,1
5,801,3,3,normal,normal,0,0
5,802,2,2,injection,injection,1,1
5,803,3,3,normal,normal,0,0
5,804,2,2,injection,injection,1,1
5,805,3,3,normal,normal,0,0
5,806,3,3,normal,normal,0,0
5,807,3,3,normal,normal,0,0
5,808,4,4,password,password,1,1
5,809,3,3,normal,normal,0,0
5,810,0,0,backdoor,backdoor,1,1
5,811,3,3,normal,normal,0,0
5,812,0,0,backdoor,backdoor,1,1
5,813,0,0,backdoor,backdoor,1,1
5,814,3,3,normal,normal,0,0
5,815,4,4,password,password,1,1
5,816,3,3,normal,normal,0,0
5,817,4,4,password,password,1,1
5,818,3,3,normal,normal,0,0
5,819,2,2,injection,injection,1,1
5,820,3,3,normal,normal,0,0
5,821,2,2,injection,injection,1,1
5,822,3,3,normal,normal,0,0
5,823,4,4,password,password,1,1
5,824,3,3,normal,normal,0,0
5,825,3,3,normal,normal,0,0
5,826,0,0,backdoor,backdoor,1,1
5,827,2,2,injection,injection,1,1
5,828,3,3,normal,normal,0,0
5,829,3,3,normal,normal,0,0
5,830,0,0,backdoor,backdoor,1,1
5,831,4,4,password,password,1,1
5,832,3,3,normal,normal,0,0
5,833,3,3,normal,normal,0,0
5,834,4,4,password,password,1,1
5,835,3,3,normal,normal,0,0
5,836,0,0,backdoor,backdoor,1,1
5,837,3,3,normal,normal,0,0
5,838,2,2,injection,injection,1,1
5,839,4,4,password,password,1,1
5,840,3,3,normal,normal,0,0
5,841,3,3,normal,normal,0,0
5,842,3,3,normal,normal,0,0
5,843,2,2,injection,injection,1,1
5,844,3,3,normal,normal,0,0
5,845,2,2,injection,injection,1,1
5,846,3,3,normal,normal,0,0
5,847,4,4,password,password,1,1
5,848,2,2,injection,injection,1,1
5,849,3,3,normal,normal,0,0
5,850,3,3,normal,normal,0,0
5,851,3,3,normal,normal,0,0
5,852,3,3,normal,normal,0,0
5,853,3,3,normal,normal,0,0
5,854,3,3,normal,normal,0,0
5,855,2,2,injection,injection,1,1
5,856,3,3,normal,normal,0,0
5,857,4,4,password,password,1,1
5,858,4,4,password,password,1,1
5,859,0,0,backdoor,backdoor,1,1
5,860,3,3,normal,normal,0,0
5,861,3,3,normal,normal,0,0
5,862,3,3,normal,normal,0,0
5,863,0,0,backdoor,backdoor,1,1
5,864,3,3,normal,normal,0,0
5,865,3,3,normal,normal,0,0
5,866,3,3,normal,normal,0,0
5,867,0,0,backdoor,backdoor,1,1
5,868,3,3,normal,normal,0,0
5,869,4,4,password,password,1,1
5,870,2,2,injection,injection,1,1
5,871,4,4,password,password,1,1
5,872,2,2,injection,injection,1,1
5,873,0,2,backdoor,injection,1,1
5,874,3,3,normal,normal,0,0
5,875,2,2,injection,injection,1,1
5,876,3,3,normal,normal,0,0
5,877,3,3,normal,normal,0,0
5,878,3,3,normal,normal,0,0
5,879,3,3,normal,normal,0,0
5,880,0,0,backdoor,backdoor,1,1
5,881,3,3,normal,normal,0,0
5,882,3,3,normal,normal,0,0
5,883,0,0,backdoor,backdoor,1,1
5,884,4,4,password,password,1,1
5,885,2,2,injection,injection,1,1
5,886,3,3,normal,normal,0,0
5,887,4,4,password,password,1,1
5,888,3,3,normal,normal,0,0
5,889,3,3,normal,normal,0,0
5,890,3,3,normal,normal,0,0
5,891,4,4,password,password,1,1
5,892,3,3,normal,normal,0,0
5,893,4,4,password,password,1,1
5,894,2,2,injection,injection,1,1
5,895,0,3,backdoor,normal,1,0
5,896,4,4,password,password,1,1
5,897,0,0,backdoor,backdoor,1,1
5,898,0,0,backdoor,backdoor,1,1
5,899,3,3,normal,normal,0,0
5,900,0,0,backdoor,backdoor,1,1
5,901,3,3,normal,normal,0,0
5,902,3,3,normal,normal,0,0
5,903,3,3,normal,normal,0,0
5,904,3,3,normal,normal,0,0
5,905,3,3,normal,normal,0,0
5,906,3,3,normal,normal,0,0
5,907,0,2,backdoor,injection,1,1
5,908,0,0,backdoor,backdoor,1,1
5,909,4,4,password,password,1,1
5,910,0,0,backdoor,backdoor,1,1
5,911,3,3,normal,normal,0,0
5,912,0,2,backdoor,injection,1,1
5,913,3,3,normal,normal,0,0
5,914,4,4,password,password,1,1
5,915,2,2,injection,injection,1,1
5,916,0,0,backdoor,backdoor,1,1
5,917,0,0,backdoor,backdoor,1,1
5,918,3,3,normal,normal,0,0
5,919,3,3,normal,normal,0,0
5,920,4,4,password,password,1,1
5,921,3,3,normal,normal,0,0
5,922,3,3,normal,normal,0,0
5,923,4,4,password,password,1,1
5,924,0,0,backdoor,backdoor,1,1
5,925,3,3,normal,normal,0,0
5,926,4,4,password,password,1,1
5,927,2,2,injection,injection,1,1
5,928,3,3,normal,normal,0,0
5,929,2,2,injection,injection,1,1
5,930,3,3,normal,normal,0,0
5,931,3,3,normal,normal,0,0
5,932,0,0,backdoor,backdoor,1,1
5,933,4,4,password,password,1,1
5,934,2,2,injection,injection,1,1
5,935,3,3,normal,normal,0,0
5,936,3,3,normal,normal,0,0
5,937,3,3,normal,normal,0,0
5,938,4,4,password,password,1,1
5,939,3,3,normal,normal,0,0
5,940,3,3,normal,normal,0,0
5,941,3,3,normal,normal,0,0
5,942,0,0,backdoor,backdoor,1,1
5,943,4,4,password,password,1,1
5,944,3,3,normal,normal,0,0
5,945,4,4,password,password,1,1
5,946,3,3,normal,normal,0,0
5,947,3,3,normal,normal,0,0
5,948,3,3,normal,normal,0,0
5,949,3,3,normal,normal,0,0
5,950,3,3,normal,normal,0,0
5,951,2,2,injection,injection,1,1
5,952,3,3,normal,normal,0,0
5,953,4,4,password,password,1,1
5,954,2,2,injection,injection,1,1
5,955,4,4,password,password,1,1
5,956,3,3,normal,normal,0,0
5,957,3,3,normal,normal,0,0
5,958,4,4,password,password,1,1
5,959,3,3,normal,normal,0,0
5,960,3,3,normal,normal,0,0
5,961,4,4,password,password,1,1
5,962,0,0,backdoor,backdoor,1,1
5,963,3,3,normal,normal,0,0
5,964,2,2,injection,injection,1,1
5,965,2,2,injection,injection,1,1
5,966,3,3,normal,normal,0,0
5,967,3,3,normal,normal,0,0
5,968,3,3,normal,normal,0,0
5,969,3,3,normal,normal,0,0
5,970,4,4,password,password,1,1
5,971,3,3,normal,normal,0,0
5,972,2,2,injection,injection,1,1
5,973,3,3,normal,normal,0,0
5,974,3,3,normal,normal,0,0
5,975,2,2,injection,injection,1,1
5,976,2,2,injection,injection,1,1
5,977,3,3,normal,normal,0,0
5,978,3,3,normal,normal,0,0
5,979,0,0,backdoor,backdoor,1,1
5,980,0,2,backdoor,injection,1,1
5,981,3,3,normal,normal,0,0
5,982,3,3,normal,normal,0,0
5,983,0,2,backdoor,injection,1,1
5,984,3,3,normal,normal,0,0
5,985,4,4,password,password,1,1
5,986,0,0,backdoor,backdoor,1,1
5,987,3,3,normal,normal,0,0
5,988,3,3,normal,normal,0,0
5,989,3,0,normal,backdoor,0,1
5,990,4,4,password,password,1,1
5,991,2,2,injection,injection,1,1
5,992,3,3,normal,normal,0,0
5,993,0,0,backdoor,backdoor,1,1
5,994,3,3,normal,normal,0,0
5,995,3,3,normal,normal,0,0
5,996,3,3,normal,normal,0,0
5,997,3,3,normal,normal,0,0
5,998,3,3,normal,normal,0,0
5,999,3,3,normal,normal,0,0
5,1000,3,3,normal,normal,0,0
5,1001,4,4,password,password,1,1
5,1002,3,3,normal,normal,0,0
5,1003,3,3,normal,normal,0,0
5,1004,3,3,normal,normal,0,0
5,1005,4,4,password,password,1,1
5,1006,3,3,normal,normal,0,0
5,1007,0,3,backdoor,normal,1,0
5,1008,4,4,password,password,1,1
5,1009,2,2,injection,injection,1,1
5,1010,3,3,normal,normal,0,0
5,1011,3,3,normal,normal,0,0
5,1012,2,2,injection,injection,1,1
5,1013,2,2,injection,injection,1,1
5,1014,3,3,normal,normal,0,0
5,1015,4,4,password,password,1,1
5,1016,3,3,normal,normal,0,0
5,1017,4,4,password,password,1,1
5,1018,3,3,normal,normal,0,0
5,1019,0,0,backdoor,backdoor,1,1
5,1020,3,3,normal,normal,0,0
5,1021,0,2,backdoor,injection,1,1
5,1022,2,2,injection,injection,1,1
5,1023,3,3,normal,normal,0,0
5,1024,3,3,normal,normal,0,0
5,1025,3,3,normal,normal,0,0
5,1026,3,3,normal,normal,0,0
5,1027,4,4,password,password,1,1
5,1028,3,3,normal,normal,0,0
5,1029,3,3,normal,normal,0,0
5,1030,4,4,password,password,1,1
5,1031,0,0,backdoor,backdoor,1,1
5,1032,4,4,password,password,1,1
5,1033,3,3,normal,normal,0,0
5,1034,2,2,injection,injection,1,1
5,1035,3,3,normal,normal,0,0
5,1036,4,4,password,password,1,1
5,1037,0,0,backdoor,backdoor,1,1
5,1038,3,3,normal,normal,0,0
5,1039,3,3,normal,normal,0,0
5,1040,3,3,normal,normal,0,0
5,1041,4,4,password,password,1,1
5,1042,3,3,normal,normal,0,0
5,1043,0,0,backdoor,backdoor,1,1
5,1044,2,2,injection,injection,1,1
5,1045,0,0,backdoor,backdoor,1,1
5,1046,2,2,injection,injection,1,1
5,1047,3,3,normal,normal,0,0
5,1048,2,2,injection,injection,1,1
5,1049,4,4,password,password,1,1
5,1050,4,4,password,password,1,1
5,1051,2,2,injection,injection,1,1
5,1052,3,3,normal,normal,0,0
5,1053,3,3,normal,normal,0,0
5,1054,0,0,backdoor,backdoor,1,1
5,1055,2,2,injection,injection,1,1
5,1056,0,0,backdoor,backdoor,1,1
5,1057,3,3,normal,normal,0,0
5,1058,0,0,backdoor,backdoor,1,1
5,1059,0,0,backdoor,backdoor,1,1
5,1060,0,0,backdoor,backdoor,1,1
5,1061,3,3,normal,normal,0,0
5,1062,0,0,backdoor,backdoor,1,1
5,1063,0,0,backdoor,backdoor,1,1
5,1064,3,3,normal,normal,0,0
5,1065,3,3,normal,normal,0,0
5,1066,4,4,password,password,1,1
5,1067,3,3,normal,normal,0,0
5,1068,3,3,normal,normal,0,0
5,1069,0,2,backdoor,injection,1,1
5,1070,2,2,injection,injection,1,1
5,1071,3,3,normal,normal,0,0
5,1072,0,0,backdoor,backdoor,1,1
5,1073,0,0,backdoor,backdoor,1,1
5,1074,3,3,normal,normal,0,0
5,1075,0,2,backdoor,injection,1,1
5,1076,0,0,backdoor,backdoor,1,1
5,1077,0,0,backdoor,backdoor,1,1
5,1078,3,3,normal,normal,0,0
5,1079,0,2,backdoor,injection,1,1
5,1080,3,3,normal,normal,0,0
5,1081,3,3,normal,normal,0,0
5,1082,2,2,injection,injection,1,1
5,1083,0,0,backdoor,backdoor,1,1
5,1084,3,3,normal,normal,0,0
5,1085,2,2,injection,injection,1,1
5,1086,3,3,normal,normal,0,0
5,1087,3,3,normal,normal,0,0
5,1088,3,3,normal,normal,0,0
5,1089,3,3,normal,normal,0,0
5,1090,2,2,injection,injection,1,1
5,1091,3,3,normal,normal,0,0
5,1092,3,3,normal,normal,0,0
5,1093,2,2,injection,injection,1,1
5,1094,3,3,normal,normal,0,0
5,1095,4,4,password,password,1,1
5,1096,3,3,normal,normal,0,0
5,1097,4,4,password,password,1,1
5,1098,4,4,password,password,1,1
5,1099,2,2,injection,injection,1,1
5,1100,0,0,backdoor,backdoor,1,1
5,1101,3,3,normal,normal,0,0
5,1102,3,3,normal,normal,0,0
5,1103,0,0,backdoor,backdoor,1,1
5,1104,4,4,password,password,1,1
5,1105,4,4,password,password,1,1
5,1106,2,2,injection,injection,1,1
5,1107,2,2,injection,injection,1,1
5,1108,4,4,password,password,1,1
5,1109,3,3,normal,normal,0,0
5,1110,3,3,normal,normal,0,0
5,1111,0,0,backdoor,backdoor,1,1
5,1112,3,3,normal,normal,0,0
5,1113,3,3,normal,normal,0,0
5,1114,3,3,normal,normal,0,0
5,1115,4,4,password,password,1,1
5,1116,2,2,injection,injection,1,1
5,1117,3,3,normal,normal,0,0
5,1118,3,3,normal,normal,0,0
5,1119,4,4,password,password,1,1
5,1120,2,2,injection,injection,1,1
5,1121,3,3,normal,normal,0,0
5,1122,3,3,normal,normal,0,0
5,1123,2,2,injection,injection,1,1
5,1124,2,2,injection,injection,1,1
5,1125,3,3,normal,normal,0,0
5,1126,3,3,normal,normal,0,0
5,1127,0,0,backdoor,backdoor,1,1
5,1128,0,0,backdoor,backdoor,1,1
5,1129,4,4,password,password,1,1
5,1130,2,2,injection,injection,1,1
5,1131,3,3,normal,normal,0,0
5,1132,4,4,password,password,1,1
5,1133,2,2,injection,injection,1,1
5,1134,3,3,normal,normal,0,0
5,1135,3,3,normal,normal,0,0
5,1136,3,3,normal,normal,0,0
5,1137,3,3,normal,normal,0,0
5,1138,0,0,backdoor,backdoor,1,1
5,1139,2,2,injection,injection,1,1
5,1140,3,3,normal,normal,0,0
5,1141,2,2,injection,injection,1,1
5,1142,3,3,normal,normal,0,0
5,1143,3,3,normal,normal,0,0
5,1144,3,3,normal,normal,0,0
5,1145,3,3,normal,normal,0,0
5,1146,3,3,normal,normal,0,0
5,1147,3,3,normal,normal,0,0
5,1148,3,3,normal,normal,0,0
5,1149,3,3,normal,normal,0,0
5,1150,0,0,backdoor,backdoor,1,1
5,1151,4,4,password,password,1,1
5,1152,3,3,normal,normal,0,0
5,1153,3,3,normal,normal,0,0
5,1154,2,2,injection,injection,1,1
5,1155,0,0,backdoor,backdoor,1,1
5,1156,0,0,backdoor,backdoor,1,1
5,1157,4,4,password,password,1,1
5,1158,0,0,backdoor,backdoor,1,1
5,1159,4,4,password,password,1,1
5,1160,0,0,backdoor,backdoor,1,1
5,1161,4,4,password,password,1,1
5,1162,0,0,backdoor,backdoor,1,1
5,1163,3,3,normal,normal,0,0
5,1164,3,3,normal,normal,0,0
5,1165,3,3,normal,normal,0,0
5,1166,0,0,backdoor,backdoor,1,1
5,1167,3,3,normal,normal,0,0
5,1168,0,0,backdoor,backdoor,1,1
5,1169,4,4,password,password,1,1
5,1170,4,4,password,password,1,1
5,1171,3,3,normal,normal,0,0
5,1172,3,3,normal,normal,0,0
5,1173,4,4,password,password,1,1
5,1174,3,3,normal,normal,0,0
5,1175,0,0,backdoor,backdoor,1,1
5,1176,4,4,password,password,1,1
5,1177,3,3,normal,normal,0,0
5,1178,4,4,password,password,1,1
5,1179,2,2,injection,injection,1,1
5,1180,3,3,normal,normal,0,0
5,1181,0,0,backdoor,backdoor,1,1
5,1182,2,2,injection,injection,1,1
5,1183,4,4,password,password,1,1
5,1184,4,4,password,password,1,1
5,1185,0,0,backdoor,backdoor,1,1
5,1186,2,2,injection,injection,1,1
5,1187,4,4,password,password,1,1
5,1188,2,2,injection,injection,1,1
5,1189,3,3,normal,normal,0,0
5,1190,2,2,injection,injection,1,1
5,1191,3,3,normal,normal,0,0
5,1192,4,4,password,password,1,1
5,1193,3,3,normal,normal,0,0
5,1194,4,4,password,password,1,1
5,1195,3,3,normal,normal,0,0
5,1196,2,2,injection,injection,1,1
5,1197,0,0,backdoor,backdoor,1,1
5,1198,4,4,password,password,1,1
5,1199,4,4,password,password,1,1
5,1200,4,4,password,password,1,1
5,1201,4,4,password,password,1,1
5,1202,3,3,normal,normal,0,0
5,1203,3,3,normal,normal,0,0
5,1204,3,3,normal,normal,0,0
5,1205,2,2,injection,injection,1,1
5,1206,3,3,normal,normal,0,0
5,1207,4,4,password,password,1,1
5,1208,2,2,injection,injection,1,1
5,1209,3,3,normal,normal,0,0
5,1210,3,3,normal,normal,0,0
5,1211,3,3,normal,normal,0,0
5,1212,2,2,injection,injection,1,1
5,1213,3,3,normal,normal,0,0
5,1214,3,3,normal,normal,0,0
5,1215,0,2,backdoor,injection,1,1
5,1216,0,0,backdoor,backdoor,1,1
5,1217,3,3,normal,normal,0,0
5,1218,2,2,injection,injection,1,1
5,1219,2,2,injection,injection,1,1
5,1220,0,0,backdoor,backdoor,1,1
5,1221,3,3,normal,normal,0,0
5,1222,4,4,password,password,1,1
5,1223,3,3,normal,normal,0,0
5,1224,0,0,backdoor,backdoor,1,1
5,1225,3,3,normal,normal,0,0
5,1226,2,2,injection,injection,1,1
5,1227,0,0,backdoor,backdoor,1,1
5,1228,3,3,normal,normal,0,0
5,1229,2,2,injection,injection,1,1
5,1230,0,0,backdoor,backdoor,1,1
5,1231,2,2,injection,injection,1,1
5,1232,4,4,password,password,1,1
5,1233,4,4,password,password,1,1
5,1234,2,2,injection,injection,1,1
5,1235,3,3,normal,normal,0,0
5,1236,2,2,injection,injection,1,1
5,1237,4,4,password,password,1,1
5,1238,3,3,normal,normal,0,0
5,1239,0,0,backdoor,backdoor,1,1
5,1240,4,4,password,password,1,1
5,1241,0,3,backdoor,normal,1,0
5,1242,3,3,normal,normal,0,0
5,1243,3,3,normal,normal,0,0
5,1244,3,3,normal,normal,0,0
5,1245,4,4,password,password,1,1
5,1246,3,3,normal,normal,0,0
5,1247,3,3,normal,normal,0,0
5,1248,3,3,normal,normal,0,0
5,1249,0,0,backdoor,backdoor,1,1
5,1250,3,3,normal,normal,0,0
5,1251,3,3,normal,normal,0,0
5,1252,2,2,injection,injection,1,1
5,1253,3,3,normal,normal,0,0
5,1254,2,2,injection,injection,1,1
5,1255,2,2,injection,injection,1,1
5,1256,3,3,normal,normal,0,0
5,1257,4,4,password,password,1,1
5,1258,3,3,normal,normal,0,0
5,1259,4,4,password,password,1,1
5,1260,3,3,normal,normal,0,0
5,1261,0,0,backdoor,backdoor,1,1
5,1262,2,2,injection,injection,1,1
5,1263,0,0,backdoor,backdoor,1,1
5,1264,0,2,backdoor,injection,1,1
5,1265,4,4,password,password,1,1
5,1266,0,0,backdoor,backdoor,1,1
5,1267,0,0,backdoor,backdoor,1,1
5,1268,3,3,normal,normal,0,0
5,1269,2,2,injection,injection,1,1
5,1270,4,4,password,password,1,1
5,1271,3,3,normal,normal,0,0
5,1272,3,3,normal,normal,0,0
5,1273,4,4,password,password,1,1
5,1274,3,3,normal,normal,0,0
5,1275,3,3,normal,normal,0,0
5,1276,3,3,normal,normal,0,0
5,1277,3,3,normal,normal,0,0
5,1278,3,3,normal,normal,0,0
5,1279,3,3,normal,normal,0,0
5,1280,3,3,normal,normal,0,0
5,1281,4,4,password,password,1,1
5,1282,3,3,normal,normal,0,0
5,1283,0,0,backdoor,backdoor,1,1
5,1284,4,4,password,password,1,1
5,1285,3,3,normal,normal,0,0
5,1286,3,3,normal,normal,0,0
5,1287,4,4,password,password,1,1
5,1288,3,3,normal,normal,0,0
5,1289,3,3,normal,normal,0,0
5,1290,2,2,injection,injection,1,1
5,1291,3,3,normal,normal,0,0
5,1292,3,3,normal,normal,0,0
5,1293,4,4,password,password,1,1
5,1294,3,3,normal,normal,0,0
5,1295,3,3,normal,normal,0,0
5,1296,2,2,injection,injection,1,1
5,1297,2,2,injection,injection,1,1
5,1298,3,3,normal,normal,0,0
5,1299,3,3,normal,normal,0,0
5,1300,3,3,normal,normal,0,0
5,1301,3,3,normal,normal,0,0
5,1302,4,4,password,password,1,1
5,1303,3,3,normal,normal,0,0
5,1304,0,0,backdoor,backdoor,1,1
5,1305,0,0,backdoor,backdoor,1,1
5,1306,4,4,password,password,1,1
5,1307,3,3,normal,normal,0,0
5,1308,0,0,backdoor,backdoor,1,1
5,1309,3,3,normal,normal,0,0
5,1310,3,3,normal,normal,0,0
5,1311,0,0,backdoor,backdoor,1,1
5,1312,3,3,normal,normal,0,0
5,1313,4,4,password,password,1,1
5,1314,4,4,password,password,1,1
5,1315,2,2,injection,injection,1,1
5,1316,2,2,injection,injection,1,1
5,1317,3,3,normal,normal,0,0
5,1318,2,2,injection,injection,1,1
5,1319,2,2,injection,injection,1,1
5,1320,3,3,normal,normal,0,0
5,1321,2,2,injection,injection,1,1
5,1322,0,0,backdoor,backdoor,1,1
5,1323,0,0,backdoor,backdoor,1,1
5,1324,4,4,password,password,1,1
5,1325,3,3,normal,normal,0,0
5,1326,3,3,normal,normal,0,0
5,1327,3,3,normal,normal,0,0
5,1328,0,0,backdoor,backdoor,1,1
5,1329,4,4,password,password,1,1
5,1330,4,4,password,password,1,1
5,1331,2,2,injection,injection,1,1
5,1332,0,0,backdoor,backdoor,1,1
5,1333,3,3,normal,normal,0,0
5,1334,2,2,injection,injection,1,1
5,1335,0,0,backdoor,backdoor,1,1
5,1336,3,3,normal,normal,0,0
5,1337,3,3,normal,normal,0,0
5,1338,2,2,injection,injection,1,1
5,1339,3,3,normal,normal,0,0
5,1340,3,3,normal,normal,0,0
5,1341,2,2,injection,injection,1,1
5,1342,0,0,backdoor,backdoor,1,1
5,1343,3,3,normal,normal,0,0
5,1344,3,3,normal,normal,0,0
5,1345,4,4,password,password,1,1
5,1346,3,3,normal,normal,0,0
5,1347,4,4,password,password,1,1
5,1348,0,0,backdoor,backdoor,1,1
5,1349,3,3,normal,normal,0,0
5,1350,0,2,backdoor,injection,1,1
5,1351,3,3,normal,normal,0,0
5,1352,3,3,normal,normal,0,0
5,1353,3,3,normal,normal,0,0
5,1354,3,3,normal,normal,0,0
5,1355,3,3,normal,normal,0,0
5,1356,4,4,password,password,1,1
5,1357,3,3,normal,normal,0,0
5,1358,3,3,normal,normal,0,0
5,1359,4,4,password,password,1,1
5,1360,0,0,backdoor,backdoor,1,1
5,1361,3,3,normal,normal,0,0
5,1362,4,4,password,password,1,1
5,1363,3,3,normal,normal,0,0
5,1364,0,0,backdoor,backdoor,1,1
5,1365,3,3,normal,normal,0,0
5,1366,0,0,backdoor,backdoor,1,1
5,1367,3,3,normal,normal,0,0
5,1368,3,3,normal,normal,0,0
5,1369,3,3,normal,normal,0,0
5,1370,2,2,injection,injection,1,1
5,1371,3,3,normal,normal,0,0
5,1372,3,3,normal,normal,0,0
5,1373,4,4,password,password,1,1
5,1374,3,3,normal,normal,0,0
5,1375,0,0,backdoor,backdoor,1,1
5,1376,2,2,injection,injection,1,1
5,1377,3,3,normal,normal,0,0
5,1378,4,4,password,password,1,1
5,1379,2,2,injection,injection,1,1
5,1380,4,4,password,password,1,1
5,1381,3,3,normal,normal,0,0
5,1382,0,0,backdoor,backdoor,1,1
5,1383,3,3,normal,normal,0,0
5,1384,4,4,password,password,1,1
5,1385,2,2,injection,injection,1,1
5,1386,0,0,backdoor,backdoor,1,1
5,1387,3,3,normal,normal,0,0
5,1388,3,3,normal,normal,0,0
5,1389,0,0,backdoor,backdoor,1,1
5,1390,2,2,injection,injection,1,1
5,1391,0,0,backdoor,backdoor,1,1
5,1392,4,4,password,password,1,1
5,1393,2,2,injection,injection,1,1
5,1394,2,2,injection,injection,1,1
5,1395,3,3,normal,normal,0,0
5,1396,3,3,normal,normal,0,0
5,1397,2,2,injection,injection,1,1
5,1398,4,4,password,password,1,1
5,1399,4,4,password,password,1,1
5,1400,2,2,injection,injection,1,1
5,1401,3,3,normal,normal,0,0
5,1402,3,3,normal,normal,0,0
5,1403,3,3,normal,normal,0,0
5,1404,3,3,normal,normal,0,0
5,1405,2,2,injection,injection,1,1
5,1406,3,3,normal,normal,0,0
5,1407,2,2,injection,injection,1,1
5,1408,2,2,injection,injection,1,1
5,1409,4,4,password,password,1,1
5,1410,4,4,password,password,1,1
5,1411,3,3,normal,normal,0,0
5,1412,2,2,injection,injection,1,1
5,1413,4,4,password,password,1,1
5,1414,2,2,injection,injection,1,1
5,1415,4,4,password,password,1,1
5,1416,3,3,normal,normal,0,0
5,1417,3,3,normal,normal,0,0
5,1418,2,2,injection,injection,1,1
5,1419,2,2,injection,injection,1,1
5,1420,3,3,normal,normal,0,0
5,1421,3,3,normal,normal,0,0
5,1422,3,3,normal,normal,0,0
5,1423,3,3,normal,normal,0,0
5,1424,3,3,normal,normal,0,0
5,1425,3,3,normal,normal,0,0
5,1426,3,3,normal,normal,0,0
5,1427,3,3,normal,normal,0,0
5,1428,3,3,normal,normal,0,0
5,1429,4,4,password,password,1,1
5,1430,3,3,normal,normal,0,0
5,1431,3,3,normal,normal,0,0
5,1432,3,3,normal,normal,0,0
5,1433,0,0,backdoor,backdoor,1,1
5,1434,0,2,backdoor,injection,1,1
5,1435,2,2,injection,injection,1,1
5,1436,4,4,password,password,1,1
5,1437,4,4,password,password,1,1
5,1438,0,0,backdoor,backdoor,1,1
5,1439,2,2,injection,injection,1,1
5,1440,0,0,backdoor,backdoor,1,1
5,1441,4,4,password,password,1,1
5,1442,4,4,password,password,1,1
5,1443,4,4,password,password,1,1
5,1444,3,3,normal,normal,0,0
5,1445,4,4,password,password,1,1
5,1446,4,4,password,password,1,1
5,1447,2,2,injection,injection,1,1
5,1448,3,3,normal,normal,0,0
5,1449,2,2,injection,injection,1,1
5,1450,2,2,injection,injection,1,1
5,1451,4,4,password,password,1,1
5,1452,2,2,injection,injection,1,1
5,1453,3,3,normal,normal,0,0
5,1454,3,3,normal,normal,0,0
5,1455,3,3,normal,normal,0,0
5,1456,2,2,injection,injection,1,1
5,1457,3,3,normal,normal,0,0
5,1458,4,4,password,password,1,1
5,1459,3,3,normal,normal,0,0
5,1460,3,3,normal,normal,0,0
5,1461,0,0,backdoor,backdoor,1,1
5,1462,3,3,normal,normal,0,0
5,1463,4,4,password,password,1,1
5,1464,3,3,normal,normal,0,0
5,1465,3,3,normal,normal,0,0
5,1466,3,3,normal,normal,0,0
5,1467,0,0,backdoor,backdoor,1,1
5,1468,4,4,password,password,1,1
5,1469,3,3,normal,normal,0,0
5,1470,3,3,normal,normal,0,0
5,1471,2,2,injection,injection,1,1
5,1472,2,2,injection,injection,1,1
5,1473,3,3,normal,normal,0,0
5,1474,0,0,backdoor,backdoor,1,1
5,1475,0,2,backdoor,injection,1,1
5,1476,2,2,injection,injection,1,1
5,1477,2,2,injection,injection,1,1
5,1478,0,0,backdoor,backdoor,1,1
5,1479,3,3,normal,normal,0,0
5,1480,0,0,backdoor,backdoor,1,1
5,1481,3,3,normal,normal,0,0
5,1482,3,3,normal,normal,0,0
5,1483,3,3,normal,normal,0,0
5,1484,4,4,password,password,1,1
5,1485,3,3,normal,normal,0,0
5,1486,0,0,backdoor,backdoor,1,1
5,1487,4,4,password,password,1,1
5,1488,3,3,normal,normal,0,0
5,1489,3,3,normal,normal,0,0
5,1490,0,0,backdoor,backdoor,1,1
5,1491,3,3,normal,normal,0,0
5,1492,3,3,normal,normal,0,0
5,1493,4,4,password,password,1,1
5,1494,3,3,normal,normal,0,0
5,1495,0,0,backdoor,backdoor,1,1
5,1496,3,3,normal,normal,0,0
5,1497,2,2,injection,injection,1,1
5,1498,3,3,normal,normal,0,0
5,1499,3,3,normal,normal,0,0
5,1500,0,0,backdoor,backdoor,1,1
5,1501,3,3,normal,normal,0,0
5,1502,3,3,normal,normal,0,0
5,1503,3,3,normal,normal,0,0
5,1504,3,3,normal,normal,0,0
5,1505,3,3,normal,normal,0,0
5,1506,2,2,injection,injection,1,1
5,1507,2,2,injection,injection,1,1
5,1508,3,3,normal,normal,0,0
5,1509,3,3,normal,normal,0,0
5,1510,3,3,normal,normal,0,0
5,1511,3,3,normal,normal,0,0
5,1512,3,3,normal,normal,0,0
5,1513,2,2,injection,injection,1,1
5,1514,3,3,normal,normal,0,0
5,1515,3,3,normal,normal,0,0
5,1516,3,3,normal,normal,0,0
5,1517,3,3,normal,normal,0,0
5,1518,3,3,normal,normal,0,0
5,1519,0,0,backdoor,backdoor,1,1
5,1520,2,2,injection,injection,1,1
5,1521,3,3,normal,normal,0,0
5,1522,3,3,normal,normal,0,0
5,1523,0,0,backdoor,backdoor,1,1
5,1524,2,2,injection,injection,1,1
5,1525,2,2,injection,injection,1,1
5,1526,0,0,backdoor,backdoor,1,1
5,1527,4,4,password,password,1,1
5,1528,3,3,normal,normal,0,0
5,1529,2,2,injection,injection,1,1
5,1530,3,3,normal,normal,0,0
5,1531,3,3,normal,normal,0,0
5,1532,0,0,backdoor,backdoor,1,1
5,1533,3,3,normal,normal,0,0
5,1534,3,3,normal,normal,0,0
5,1535,4,4,password,password,1,1
5,1536,2,2,injection,injection,1,1
5,1537,0,2,backdoor,injection,1,1
5,1538,0,0,backdoor,backdoor,1,1
5,1539,0,0,backdoor,backdoor,1,1
5,1540,3,3,normal,normal,0,0
5,1541,4,4,password,password,1,1
5,1542,3,3,normal,normal,0,0
5,1543,4,4,password,password,1,1
5,1544,2,2,injection,injection,1,1
5,1545,2,2,injection,injection,1,1
5,1546,4,4,password,password,1,1
5,1547,0,0,backdoor,backdoor,1,1
5,1548,4,4,password,password,1,1
5,1549,3,3,normal,normal,0,0
5,1550,3,3,normal,normal,0,0
5,1551,3,3,normal,normal,0,0
5,1552,4,4,password,password,1,1
5,1553,2,2,injection,injection,1,1
5,1554,4,4,password,password,1,1
5,1555,3,3,normal,normal,0,0
5,1556,3,3,normal,normal,0,0
5,1557,4,4,password,password,1,1
5,1558,2,2,injection,injection,1,1
5,1559,0,0,backdoor,backdoor,1,1
5,1560,3,3,normal,normal,0,0
5,1561,3,3,normal,normal,0,0
5,1562,4,4,password,password,1,1
5,1563,0,2,backdoor,injection,1,1
5,1564,3,3,normal,normal,0,0
5,1565,2,2,injection,injection,1,1
5,1566,2,2,injection,injection,1,1
5,1567,0,0,backdoor,backdoor,1,1
5,1568,4,4,password,password,1,1
5,1569,3,3,normal,normal,0,0
5,1570,4,4,password,password,1,1
5,1571,0,0,backdoor,backdoor,1,1
5,1572,4,4,password,password,1,1
5,1573,3,3,normal,normal,0,0
5,1574,3,3,normal,normal,0,0
5,1575,3,3,normal,normal,0,0
5,1576,4,4,password,password,1,1
5,1577,3,3,normal,normal,0,0
5,1578,4,4,password,password,1,1
5,1579,4,4,password,password,1,1
5,1580,3,3,normal,normal,0,0
5,1581,3,3,normal,normal,0,0
5,1582,2,2,injection,injection,1,1
5,1583,3,3,normal,normal,0,0
5,1584,2,2,injection,injection,1,1
5,1585,4,4,password,password,1,1
5,1586,3,3,normal,normal,0,0
5,1587,3,3,normal,normal,0,0
5,1588,3,3,normal,normal,0,0
5,1589,4,4,password,password,1,1
5,1590,3,3,normal,normal,0,0
5,1591,3,3,normal,normal,0,0
5,1592,4,4,password,password,1,1
5,1593,3,3,normal,normal,0,0
5,1594,0,0,backdoor,backdoor,1,1
5,1595,3,3,normal,normal,0,0
5,1596,3,3,normal,normal,0,0
5,1597,3,3,normal,normal,0,0
5,1598,3,3,normal,normal,0,0
5,1599,4,4,password,password,1,1
5,1600,3,3,normal,normal,0,0
5,1601,2,2,injection,injection,1,1
5,1602,3,3,normal,normal,0,0
5,1603,3,3,normal,normal,0,0
5,1604,3,3,normal,normal,0,0
5,1605,0,0,backdoor,backdoor,1,1
5,1606,3,3,normal,normal,0,0
5,1607,3,3,normal,normal,0,0
5,1608,3,3,normal,normal,0,0
5,1609,2,2,injection,injection,1,1
5,1610,3,3,normal,normal,0,0
5,1611,0,2,backdoor,injection,1,1
5,1612,3,3,normal,normal,0,0
5,1613,4,4,password,password,1,1
5,1614,4,4,password,password,1,1
5,1615,4,4,password,password,1,1
5,1616,2,2,injection,injection,1,1
5,1617,3,3,normal,normal,0,0
5,1618,2,2,injection,injection,1,1
5,1619,3,3,normal,normal,0,0
5,1620,3,3,normal,normal,0,0
5,1621,4,4,password,password,1,1
5,1622,4,4,password,password,1,1
5,1623,3,3,normal,normal,0,0
5,1624,2,2,injection,injection,1,1
5,1625,3,3,normal,normal,0,0
5,1626,4,4,password,password,1,1
5,1627,2,2,injection,injection,1,1
5,1628,4,4,password,password,1,1
5,1629,0,0,backdoor,backdoor,1,1
5,1630,3,3,normal,normal,0,0
5,1631,3,3,normal,normal,0,0
5,1632,0,2,backdoor,injection,1,1
5,1633,4,4,password,password,1,1
5,1634,3,3,normal,normal,0,0
5,1635,3,3,normal,normal,0,0
5,1636,0,0,backdoor,backdoor,1,1
5,1637,3,3,normal,normal,0,0
5,1638,0,0,backdoor,backdoor,1,1
5,1639,3,3,normal,normal,0,0
5,1640,0,0,backdoor,backdoor,1,1
5,1641,3,3,normal,normal,0,0
5,1642,3,3,normal,normal,0,0
5,1643,3,3,normal,normal,0,0
5,1644,4,4,password,password,1,1
5,1645,4,4,password,password,1,1
5,1646,3,3,normal,normal,0,0
5,1647,3,3,normal,normal,0,0
5,1648,0,0,backdoor,backdoor,1,1
5,1649,3,3,normal,normal,0,0
5,1650,3,3,normal,normal,0,0
5,1651,0,0,backdoor,backdoor,1,1
5,1652,3,3,normal,normal,0,0
5,1653,3,3,normal,normal,0,0
5,1654,3,3,normal,normal,0,0
5,1655,3,3,normal,normal,0,0
5,1656,0,2,backdoor,injection,1,1
5,1657,2,2,injection,injection,1,1
5,1658,3,3,normal,normal,0,0
5,1659,3,3,normal,normal,0,0
5,1660,0,0,backdoor,backdoor,1,1
5,1661,3,3,normal,normal,0,0
5,1662,4,4,password,password,1,1
5,1663,3,3,normal,normal,0,0
5,1664,4,4,password,password,1,1
5,1665,2,2,injection,injection,1,1
5,1666,3,3,normal,normal,0,0
5,1667,2,2,injection,injection,1,1
5,1668,0,0,backdoor,backdoor,1,1
5,1669,3,3,normal,normal,0,0
5,1670,0,0,backdoor,backdoor,1,1
5,1671,4,4,password,password,1,1
5,1672,3,3,normal,normal,0,0
5,1673,2,2,injection,injection,1,1
5,1674,3,3,normal,normal,0,0
5,1675,2,2,injection,injection,1,1
5,1676,3,3,normal,normal,0,0
5,1677,0,2,backdoor,injection,1,1
5,1678,2,2,injection,injection,1,1
5,1679,4,4,password,password,1,1
5,1680,3,3,normal,normal,0,0
5,1681,3,3,normal,normal,0,0
5,1682,3,3,normal,normal,0,0
5,1683,3,3,normal,normal,0,0
5,1684,0,0,backdoor,backdoor,1,1
5,1685,0,2,backdoor,injection,1,1
5,1686,2,2,injection,injection,1,1
5,1687,3,3,normal,normal,0,0
5,1688,3,3,normal,normal,0,0
5,1689,3,3,normal,normal,0,0
5,1690,3,3,normal,normal,0,0
5,1691,4,4,password,password,1,1
5,1692,4,4,password,password,1,1
5,1693,3,3,normal,normal,0,0
5,1694,3,3,normal,normal,0,0
5,1695,2,2,injection,injection,1,1
5,1696,0,0,backdoor,backdoor,1,1
5,1697,3,3,normal,normal,0,0
5,1698,2,2,injection,injection,1,1
5,1699,0,0,backdoor,backdoor,1,1
5,1700,3,3,normal,normal,0,0
5,1701,3,3,normal,normal,0,0
5,1702,2,2,injection,injection,1,1
5,1703,3,3,normal,normal,0,0
5,1704,2,2,injection,injection,1,1
5,1705,2,2,injection,injection,1,1
5,1706,3,3,normal,normal,0,0
5,1707,3,3,normal,normal,0,0
5,1708,3,3,normal,normal,0,0
5,1709,2,2,injection,injection,1,1
5,1710,3,3,normal,normal,0,0
5,1711,2,2,injection,injection,1,1
5,1712,3,3,normal,normal,0,0
5,1713,3,3,normal,normal,0,0
5,1714,2,2,injection,injection,1,1
5,1715,0,0,backdoor,backdoor,1,1
5,1716,3,3,normal,normal,0,0
5,1717,2,2,injection,injection,1,1
5,1718,3,3,normal,normal,0,0
5,1719,4,4,password,password,1,1
5,1720,4,4,password,password,1,1
5,1721,3,3,normal,normal,0,0
5,1722,0,0,backdoor,backdoor,1,1
5,1723,3,3,normal,normal,0,0
5,1724,3,3,normal,normal,0,0
5,1725,2,2,injection,injection,1,1
5,1726,2,2,injection,injection,1,1
5,1727,3,3,normal,normal,0,0
5,1728,3,3,normal,normal,0,0
5,1729,2,2,injection,injection,1,1
5,1730,0,2,backdoor,injection,1,1
5,1731,2,2,injection,injection,1,1
5,1732,2,2,injection,injection,1,1
5,1733,3,3,normal,normal,0,0
5,1734,3,3,normal,normal,0,0
5,1735,2,2,injection,injection,1,1
5,1736,3,3,normal,normal,0,0
5,1737,4,4,password,password,1,1
5,1738,0,0,backdoor,backdoor,1,1
5,1739,0,2,backdoor,injection,1,1
5,1740,0,0,backdoor,backdoor,1,1
5,1741,2,2,injection,injection,1,1
5,1742,3,3,normal,normal,0,0
5,1743,2,2,injection,injection,1,1
5,1744,4,4,password,password,1,1
5,1745,0,0,backdoor,backdoor,1,1
5,1746,3,3,normal,normal,0,0
5,1747,3,3,normal,normal,0,0
5,1748,3,3,normal,normal,0,0
5,1749,3,3,normal,normal,0,0
5,1750,0,0,backdoor,backdoor,1,1
5,1751,4,4,password,password,1,1
5,1752,0,0,backdoor,backdoor,1,1
5,1753,2,2,injection,injection,1,1
5,1754,3,3,normal,normal,0,0
5,1755,3,3,normal,normal,0,0
5,1756,3,3,normal,normal,0,0
5,1757,2,2,injection,injection,1,1
5,1758,0,0,backdoor,backdoor,1,1
5,1759,4,4,password,password,1,1
5,1760,2,2,injection,injection,1,1
5,1761,3,3,normal,normal,0,0
5,1762,4,4,password,password,1,1
5,1763,0,0,backdoor,backdoor,1,1
5,1764,3,3,normal,normal,0,0
5,1765,2,2,injection,injection,1,1
5,1766,4,4,password,password,1,1
5,1767,3,3,normal,normal,0,0
5,1768,2,2,injection,injection,1,1
5,1769,3,3,normal,normal,0,0
5,1770,4,4,password,password,1,1
5,1771,0,0,backdoor,backdoor,1,1
5,1772,3,3,normal,normal,0,0
5,1773,0,2,backdoor,injection,1,1
5,1774,4,4,password,password,1,1
5,1775,3,3,normal,normal,0,0
5,1776,3,3,normal,normal,0,0
5,1777,4,4,password,password,1,1
5,1778,0,0,backdoor,backdoor,1,1
5,1779,0,0,backdoor,backdoor,1,1
5,1780,3,3,normal,normal,0,0
5,1781,0,0,backdoor,backdoor,1,1
5,1782,0,0,backdoor,backdoor,1,1
5,1783,3,3,normal,normal,0,0
5,1784,0,0,backdoor,backdoor,1,1
5,1785,0,0,backdoor,backdoor,1,1
5,1786,3,3,normal,normal,0,0
5,1787,2,2,injection,injection,1,1
5,1788,2,2,injection,injection,1,1
5,1789,3,3,normal,normal,0,0
5,1790,2,2,injection,injection,1,1
5,1791,2,2,injection,injection,1,1
5,1792,2,2,injection,injection,1,1
5,1793,3,3,normal,normal,0,0
5,1794,4,4,password,password,1,1
5,1795,3,3,normal,normal,0,0
5,1796,4,4,password,password,1,1
5,1797,2,2,injection,injection,1,1
5,1798,3,3,normal,normal,0,0
5,1799,2,2,injection,injection,1,1
5,1800,3,3,normal,normal,0,0
5,1801,3,3,normal,normal,0,0
5,1802,2,2,injection,injection,1,1
5,1803,2,2,injection,injection,1,1
5,1804,4,4,password,password,1,1
5,1805,4,4,password,password,1,1
5,1806,3,3,normal,normal,0,0
5,1807,3,3,normal,normal,0,0
5,1808,3,3,normal,normal,0,0
5,1809,0,0,backdoor,backdoor,1,1
5,1810,4,4,password,password,1,1
5,1811,0,0,backdoor,backdoor,1,1
5,1812,0,2,backdoor,injection,1,1
5,1813,4,4,password,password,1,1
5,1814,0,0,backdoor,backdoor,1,1
5,1815,4,4,password,password,1,1
5,1816,3,3,normal,normal,0,0
5,1817,3,3,normal,normal,0,0
5,1818,4,4,password,password,1,1
5,1819,4,4,password,password,1,1
5,1820,4,4,password,password,1,1
5,1821,3,3,normal,normal,0,0
5,1822,4,4,password,password,1,1
5,1823,3,3,normal,normal,0,0
5,1824,4,4,password,password,1,1
5,1825,3,3,normal,normal,0,0
5,1826,3,3,normal,normal,0,0
5,1827,0,0,backdoor,backdoor,1,1
5,1828,2,2,injection,injection,1,1
5,1829,3,3,normal,normal,0,0
5,1830,3,3,normal,normal,0,0
5,1831,0,0,backdoor,backdoor,1,1
5,1832,0,2,backdoor,injection,1,1
5,1833,3,3,normal,normal,0,0
5,1834,3,3,normal,normal,0,0
5,1835,0,0,backdoor,backdoor,1,1
5,1836,3,3,normal,normal,0,0
5,1837,2,2,injection,injection,1,1
5,1838,0,2,backdoor,injection,1,1
5,1839,3,3,normal,normal,0,0
5,1840,3,3,normal,normal,0,0
5,1841,0,2,backdoor,injection,1,1
5,1842,2,2,injection,injection,1,1
5,1843,3,3,normal,normal,0,0
5,1844,3,3,normal,normal,0,0
5,1845,3,3,normal,normal,0,0
5,1846,2,2,injection,injection,1,1
5,1847,3,3,normal,normal,0,0
5,1848,4,4,password,password,1,1
5,1849,0,0,backdoor,backdoor,1,1
5,1850,3,3,normal,normal,0,0
5,1851,4,4,password,password,1,1
5,1852,2,2,injection,injection,1,1
5,1853,2,2,injection,injection,1,1
5,1854,3,3,normal,normal,0,0
5,1855,3,3,normal,normal,0,0
5,1856,0,0,backdoor,backdoor,1,1
5,1857,0,0,backdoor,backdoor,1,1
5,1858,2,2,injection,injection,1,1
5,1859,3,3,normal,normal,0,0
5,1860,2,2,injection,injection,1,1
5,1861,2,2,injection,injection,1,1
5,1862,0,2,backdoor,injection,1,1
5,1863,3,3,normal,normal,0,0
5,1864,0,0,backdoor,backdoor,1,1
5,1865,3,3,normal,normal,0,0
5,1866,4,4,password,password,1,1
5,1867,2,2,injection,injection,1,1
5,1868,2,2,injection,injection,1,1
5,1869,2,2,injection,injection,1,1
5,1870,3,3,normal,normal,0,0
5,1871,0,0,backdoor,backdoor,1,1
5,1872,2,2,injection,injection,1,1
5,1873,3,3,normal,normal,0,0
5,1874,2,2,injection,injection,1,1
5,1875,4,4,password,password,1,1
5,1876,3,3,normal,normal,0,0
5,1877,3,3,normal,normal,0,0
5,1878,3,3,normal,normal,0,0
5,1879,3,3,normal,normal,0,0
5,1880,3,3,normal,normal,0,0
5,1881,0,0,backdoor,backdoor,1,1
5,1882,3,3,normal,normal,0,0
5,1883,3,3,normal,normal,0,0
5,1884,0,0,backdoor,backdoor,1,1
5,1885,2,2,injection,injection,1,1
5,1886,0,0,backdoor,backdoor,1,1
5,1887,3,3,normal,normal,0,0
5,1888,4,4,password,password,1,1
5,1889,3,3,normal,normal,0,0
5,1890,0,0,backdoor,backdoor,1,1
5,1891,3,3,normal,normal,0,0
5,1892,3,3,normal,normal,0,0
5,1893,3,3,normal,normal,0,0
5,1894,3,3,normal,normal,0,0
5,1895,3,3,normal,normal,0,0
5,1896,3,3,normal,normal,0,0
5,1897,2,2,injection,injection,1,1
5,1898,0,0,backdoor,backdoor,1,1
5,1899,4,4,password,password,1,1
5,1900,4,4,password,password,1,1
5,1901,3,3,normal,normal,0,0
5,1902,2,2,injection,injection,1,1
5,1903,4,4,password,password,1,1
5,1904,0,0,backdoor,backdoor,1,1
5,1905,3,3,normal,normal,0,0
5,1906,3,3,normal,normal,0,0
5,1907,3,3,normal,normal,0,0
5,1908,3,3,normal,normal,0,0
5,1909,3,3,normal,normal,0,0
5,1910,2,2,injection,injection,1,1
5,1911,3,3,normal,normal,0,0
5,1912,4,4,password,password,1,1
5,1913,0,0,backdoor,backdoor,1,1
5,1914,4,4,password,password,1,1
5,1915,4,4,password,password,1,1
5,1916,0,0,backdoor,backdoor,1,1
5,1917,4,4,password,password,1,1
5,1918,0,0,backdoor,backdoor,1,1
5,1919,2,2,injection,injection,1,1
5,1920,0,0,backdoor,backdoor,1,1
5,1921,3,3,normal,normal,0,0
5,1922,0,0,backdoor,backdoor,1,1
5,1923,2,2,injection,injection,1,1
5,1924,3,3,normal,normal,0,0
5,1925,3,3,normal,normal,0,0
5,1926,3,3,normal,normal,0,0
5,1927,3,3,normal,normal,0,0
5,1928,2,2,injection,injection,1,1
5,1929,4,4,password,password,1,1
5,1930,3,3,normal,normal,0,0
5,1931,3,3,normal,normal,0,0
5,1932,0,0,backdoor,backdoor,1,1
5,1933,2,2,injection,injection,1,1
5,1934,3,3,normal,normal,0,0
5,1935,3,3,normal,normal,0,0
5,1936,2,2,injection,injection,1,1
5,1937,0,0,backdoor,backdoor,1,1
5,1938,3,3,normal,normal,0,0
5,1939,2,2,injection,injection,1,1
5,1940,3,3,normal,normal,0,0
5,1941,3,3,normal,normal,0,0
5,1942,4,4,password,password,1,1
5,1943,3,3,normal,normal,0,0
5,1944,0,0,backdoor,backdoor,1,1
5,1945,3,3,normal,normal,0,0
5,1946,2,2,injection,injection,1,1
5,1947,3,3,normal,normal,0,0
5,1948,2,2,injection,injection,1,1
5,1949,2,2,injection,injection,1,1
5,1950,3,3,normal,normal,0,0
5,1951,3,3,normal,normal,0,0
5,1952,3,3,normal,normal,0,0
5,1953,3,3,normal,normal,0,0
5,1954,2,2,injection,injection,1,1
5,1955,0,0,backdoor,backdoor,1,1
5,1956,0,0,backdoor,backdoor,1,1
5,1957,4,4,password,password,1,1
5,1958,3,3,normal,normal,0,0
5,1959,2,2,injection,injection,1,1
5,1960,0,0,backdoor,backdoor,1,1
5,1961,3,3,normal,normal,0,0
5,1962,3,3,normal,normal,0,0
5,1963,3,3,normal,normal,0,0
5,1964,2,2,injection,injection,1,1
5,1965,0,0,backdoor,backdoor,1,1
5,1966,2,2,injection,injection,1,1
5,1967,3,3,normal,normal,0,0
5,1968,3,3,normal,normal,0,0
5,1969,3,3,normal,normal,0,0
5,1970,4,4,password,password,1,1
5,1971,2,2,injection,injection,1,1
5,1972,2,2,injection,injection,1,1
5,1973,0,0,backdoor,backdoor,1,1
5,1974,2,2,injection,injection,1,1
5,1975,2,2,injection,injection,1,1
5,1976,3,3,normal,normal,0,0
5,1977,2,2,injection,injection,1,1
5,1978,3,3,normal,normal,0,0
5,1979,3,3,normal,normal,0,0
5,1980,3,3,normal,normal,0,0
5,1981,3,3,normal,normal,0,0
5,1982,0,0,backdoor,backdoor,1,1
5,1983,3,3,normal,normal,0,0
5,1984,4,4,password,password,1,1
5,1985,3,3,normal,normal,0,0
5,1986,3,3,normal,normal,0,0
5,1987,3,3,normal,normal,0,0
5,1988,0,0,backdoor,backdoor,1,1
5,1989,3,3,normal,normal,0,0
5,1990,2,2,injection,injection,1,1
5,1991,3,3,normal,normal,0,0
5,1992,3,3,normal,normal,0,0
5,1993,4,4,password,password,1,1
5,1994,4,4,password,password,1,1
5,1995,0,0,backdoor,backdoor,1,1
5,1996,3,3,normal,normal,0,0
5,1997,3,3,normal,normal,0,0
5,1998,3,3,normal,normal,0,0
5,1999,0,0,backdoor,backdoor,1,1
5,2000,4,4,password,password,1,1
5,2001,0,0,backdoor,backdoor,1,1
5,2002,3,3,normal,normal,0,0
5,2003,2,2,injection,injection,1,1
5,2004,3,3,normal,normal,0,0
5,2005,2,2,injection,injection,1,1
5,2006,3,3,normal,normal,0,0
5,2007,3,3,normal,normal,0,0
5,2008,3,3,normal,normal,0,0
5,2009,3,3,normal,normal,0,0
5,2010,3,3,normal,normal,0,0
5,2011,3,3,normal,normal,0,0
5,2012,3,3,normal,normal,0,0
5,2013,3,3,normal,normal,0,0
5,2014,3,3,normal,normal,0,0
5,2015,3,3,normal,normal,0,0
5,2016,2,2,injection,injection,1,1
5,2017,0,0,backdoor,backdoor,1,1
5,2018,4,4,password,password,1,1
5,2019,0,0,backdoor,backdoor,1,1
5,2020,3,3,normal,normal,0,0
5,2021,3,3,normal,normal,0,0
5,2022,4,4,password,password,1,1
5,2023,2,2,injection,injection,1,1
5,2024,3,3,normal,normal,0,0
5,2025,2,2,injection,injection,1,1
5,2026,4,4,password,password,1,1
5,2027,3,3,normal,normal,0,0
5,2028,2,2,injection,injection,1,1
5,2029,0,0,backdoor,backdoor,1,1
5,2030,3,3,normal,normal,0,0
5,2031,3,3,normal,normal,0,0
5,2032,4,4,password,password,1,1
5,2033,3,3,normal,normal,0,0
5,2034,3,3,normal,normal,0,0
5,2035,0,0,backdoor,backdoor,1,1
5,2036,3,3,normal,normal,0,0
5,2037,3,3,normal,normal,0,0
5,2038,0,0,backdoor,backdoor,1,1
5,2039,2,2,injection,injection,1,1
5,2040,4,4,password,password,1,1
5,2041,3,3,normal,normal,0,0
5,2042,2,2,injection,injection,1,1
5,2043,3,3,normal,normal,0,0
5,2044,3,3,normal,normal,0,0
5,2045,3,3,normal,normal,0,0
5,2046,3,3,normal,normal,0,0
5,2047,2,2,injection,injection,1,1
5,2048,0,0,backdoor,backdoor,1,1
5,2049,3,3,normal,normal,0,0
5,2050,0,0,backdoor,backdoor,1,1
5,2051,2,2,injection,injection,1,1
5,2052,3,3,normal,normal,0,0
5,2053,3,3,normal,normal,0,0
5,2054,3,3,normal,normal,0,0
5,2055,3,3,normal,normal,0,0
5,2056,3,3,normal,normal,0,0
5,2057,4,4,password,password,1,1
5,2058,4,4,password,password,1,1
5,2059,4,4,password,password,1,1
5,2060,0,0,backdoor,backdoor,1,1
5,2061,3,3,normal,normal,0,0
5,2062,3,3,normal,normal,0,0
5,2063,3,3,normal,normal,0,0
5,2064,4,4,password,password,1,1
5,2065,3,3,normal,normal,0,0
5,2066,4,4,password,password,1,1
5,2067,3,3,normal,normal,0,0
5,2068,4,4,password,password,1,1
5,2069,3,3,normal,normal,0,0
5,2070,3,3,normal,normal,0,0
5,2071,2,2,injection,injection,1,1
5,2072,0,0,backdoor,backdoor,1,1
5,2073,2,2,injection,injection,1,1
5,2074,3,3,normal,normal,0,0
5,2075,3,3,normal,normal,0,0
5,2076,3,3,normal,normal,0,0
5,2077,3,3,normal,normal,0,0
5,2078,4,4,password,password,1,1
5,2079,3,3,normal,normal,0,0
5,2080,4,4,password,password,1,1
5,2081,3,3,normal,normal,0,0
5,2082,3,3,normal,normal,0,0
5,2083,2,2,injection,injection,1,1
5,2084,3,3,normal,normal,0,0
5,2085,2,2,injection,injection,1,1
5,2086,4,4,password,password,1,1
5,2087,2,2,injection,injection,1,1
5,2088,3,3,normal,normal,0,0
5,2089,3,3,normal,normal,0,0
5,2090,4,4,password,password,1,1
5,2091,0,0,backdoor,backdoor,1,1
5,2092,3,3,normal,normal,0,0
5,2093,0,0,backdoor,backdoor,1,1
5,2094,3,0,normal,backdoor,0,1
5,2095,0,0,backdoor,backdoor,1,1
5,2096,2,2,injection,injection,1,1
5,2097,3,3,normal,normal,0,0
5,2098,3,3,normal,normal,0,0
5,2099,0,2,backdoor,injection,1,1
5,2100,4,4,password,password,1,1
5,2101,2,2,injection,injection,1,1
5,2102,3,3,normal,normal,0,0
5,2103,3,3,normal,normal,0,0
5,2104,3,3,normal,normal,0,0
5,2105,2,2,injection,injection,1,1
5,2106,2,2,injection,injection,1,1
5,2107,4,4,password,password,1,1
5,2108,2,2,injection,injection,1,1
5,2109,3,3,normal,normal,0,0
5,2110,3,3,normal,normal,0,0
5,2111,0,0,backdoor,backdoor,1,1
5,2112,3,3,normal,normal,0,0
5,2113,0,0,backdoor,backdoor,1,1
5,2114,3,3,normal,normal,0,0
5,2115,4,4,password,password,1,1
5,2116,3,3,normal,normal,0,0
5,2117,3,3,normal,normal,0,0
5,2118,3,3,normal,normal,0,0
5,2119,2,2,injection,injection,1,1
5,2120,2,2,injection,injection,1,1
5,2121,3,3,normal,normal,0,0
5,2122,3,3,normal,normal,0,0
5,2123,2,2,injection,injection,1,1
5,2124,0,0,backdoor,backdoor,1,1
5,2125,2,2,injection,injection,1,1
5,2126,0,2,backdoor,injection,1,1
5,2127,2,2,injection,injection,1,1
5,2128,2,2,injection,injection,1,1
5,2129,4,4,password,password,1,1
5,2130,4,4,password,password,1,1
5,2131,4,4,password,password,1,1
5,2132,3,3,normal,normal,0,0
5,2133,0,2,backdoor,injection,1,1
5,2134,2,2,injection,injection,1,1
5,2135,3,3,normal,normal,0,0
5,2136,3,3,normal,normal,0,0
5,2137,3,3,normal,normal,0,0
5,2138,2,2,injection,injection,1,1
5,2139,2,2,injection,injection,1,1
5,2140,4,4,password,password,1,1
5,2141,4,4,password,password,1,1
5,2142,0,0,backdoor,backdoor,1,1
5,2143,0,0,backdoor,backdoor,1,1
5,2144,3,3,normal,normal,0,0
5,2145,3,3,normal,normal,0,0
5,2146,2,2,injection,injection,1,1
5,2147,3,3,normal,normal,0,0
5,2148,3,3,normal,normal,0,0
5,2149,3,3,normal,normal,0,0
5,2150,0,0,backdoor,backdoor,1,1
5,2151,0,0,backdoor,backdoor,1,1
5,2152,0,0,backdoor,backdoor,1,1
5,2153,3,3,normal,normal,0,0
5,2154,4,4,password,password,1,1
5,2155,0,0,backdoor,backdoor,1,1
5,2156,3,3,normal,normal,0,0
5,2157,3,3,normal,normal,0,0
5,2158,3,3,normal,normal,0,0
5,2159,0,2,backdoor,injection,1,1
5,2160,3,3,normal,normal,0,0
5,2161,2,2,injection,injection,1,1
5,2162,4,4,password,password,1,1
5,2163,3,3,normal,normal,0,0
5,2164,3,3,normal,normal,0,0
5,2165,4,4,password,password,1,1
5,2166,2,2,injection,injection,1,1
5,2167,3,3,normal,normal,0,0
5,2168,4,4,password,password,1,1
5,2169,3,3,normal,normal,0,0
5,2170,3,3,normal,normal,0,0
5,2171,4,4,password,password,1,1
5,2172,2,2,injection,injection,1,1
5,2173,4,4,password,password,1,1
5,2174,3,3,normal,normal,0,0
5,2175,3,3,normal,normal,0,0
5,2176,3,3,normal,normal,0,0
5,2177,0,0,backdoor,backdoor,1,1
5,2178,0,0,backdoor,backdoor,1,1
5,2179,2,2,injection,injection,1,1
5,2180,2,2,injection,injection,1,1
5,2181,0,0,backdoor,backdoor,1,1
5,2182,3,3,normal,normal,0,0
5,2183,3,3,normal,normal,0,0
5,2184,4,4,password,password,1,1
5,2185,3,3,normal,normal,0,0
5,2186,2,2,injection,injection,1,1
5,2187,0,0,backdoor,backdoor,1,1
5,2188,4,4,password,password,1,1
5,2189,4,4,password,password,1,1
5,2190,3,3,normal,normal,0,0
5,2191,3,3,normal,normal,0,0
5,2192,0,0,backdoor,backdoor,1,1
5,2193,4,4,password,password,1,1
5,2194,2,2,injection,injection,1,1
5,2195,0,0,backdoor,backdoor,1,1
5,2196,2,2,injection,injection,1,1
5,2197,4,4,password,password,1,1
5,2198,4,4,password,password,1,1
5,2199,3,3,normal,normal,0,0
5,2200,0,0,backdoor,backdoor,1,1
5,2201,3,3,normal,normal,0,0
5,2202,3,3,normal,normal,0,0
5,2203,0,0,backdoor,backdoor,1,1
5,2204,3,3,normal,normal,0,0
5,2205,4,4,password,password,1,1
5,2206,3,3,normal,normal,0,0
5,2207,3,3,normal,normal,0,0
5,2208,3,3,normal,normal,0,0
5,2209,3,3,normal,normal,0,0
5,2210,3,3,normal,normal,0,0
5,2211,3,3,normal,normal,0,0
5,2212,0,0,backdoor,backdoor,1,1
5,2213,3,3,normal,normal,0,0
5,2214,3,3,normal,normal,0,0
5,2215,3,3,normal,normal,0,0
5,2216,0,2,backdoor,injection,1,1
5,2217,0,2,backdoor,injection,1,1
5,2218,0,0,backdoor,backdoor,1,1
5,2219,4,4,password,password,1,1
5,2220,2,2,injection,injection,1,1
5,2221,4,4,password,password,1,1
5,2222,0,0,backdoor,backdoor,1,1
5,2223,3,3,normal,normal,0,0
5,2224,4,4,password,password,1,1
5,2225,2,2,injection,injection,1,1
5,2226,4,4,password,password,1,1
5,2227,3,3,normal,normal,0,0
5,2228,3,3,normal,normal,0,0
5,2229,4,4,password,password,1,1
5,2230,0,0,backdoor,backdoor,1,1
5,2231,3,3,normal,normal,0,0
5,2232,2,2,injection,injection,1,1
5,2233,0,0,backdoor,backdoor,1,1
5,2234,2,2,injection,injection,1,1
5,2235,0,0,backdoor,backdoor,1,1
5,2236,0,0,backdoor,backdoor,1,1
5,2237,2,2,injection,injection,1,1
5,2238,0,2,backdoor,injection,1,1
5,2239,2,2,injection,injection,1,1
5,2240,2,2,injection,injection,1,1
5,2241,3,3,normal,normal,0,0
5,2242,3,3,normal,normal,0,0
5,2243,0,0,backdoor,backdoor,1,1
5,2244,4,4,password,password,1,1
5,2245,3,3,normal,normal,0,0
5,2246,3,3,normal,normal,0,0
5,2247,3,3,normal,normal,0,0
5,2248,3,3,normal,normal,0,0
5,2249,3,3,normal,normal,0,0
5,2250,3,3,normal,normal,0,0
5,2251,4,4,password,password,1,1
5,2252,4,4,password,password,1,1
5,2253,3,3,normal,normal,0,0
5,2254,2,2,injection,injection,1,1
5,2255,4,4,password,password,1,1
5,2256,3,3,normal,normal,0,0
5,2257,3,3,normal,normal,0,0
5,2258,3,3,normal,normal,0,0
5,2259,2,2,injection,injection,1,1
5,2260,2,2,injection,injection,1,1
5,2261,3,3,normal,normal,0,0
5,2262,2,2,injection,injection,1,1
5,2263,3,3,normal,normal,0,0
5,2264,3,3,normal,normal,0,0
5,2265,0,0,backdoor,backdoor,1,1
5,2266,2,2,injection,injection,1,1
5,2267,3,3,normal,normal,0,0
5,2268,3,3,normal,normal,0,0
5,2269,0,0,backdoor,backdoor,1,1
5,2270,2,2,injection,injection,1,1
5,2271,0,0,backdoor,backdoor,1,1
5,2272,2,2,injection,injection,1,1
5,2273,0,2,backdoor,injection,1,1
5,2274,2,2,injection,injection,1,1
5,2275,2,2,injection,injection,1,1
5,2276,2,2,injection,injection,1,1
5,2277,0,0,backdoor,backdoor,1,1
5,2278,3,3,normal,normal,0,0
5,2279,3,3,normal,normal,0,0
5,2280,4,4,password,password,1,1
5,2281,2,2,injection,injection,1,1
5,2282,2,2,injection,injection,1,1
5,2283,3,3,normal,normal,0,0
5,2284,4,4,password,password,1,1
5,2285,3,3,normal,normal,0,0
5,2286,4,4,password,password,1,1
5,2287,3,3,normal,normal,0,0
5,2288,3,3,normal,normal,0,0
5,2289,0,2,backdoor,injection,1,1
5,2290,4,4,password,password,1,1
5,2291,3,3,normal,normal,0,0
5,2292,3,3,normal,normal,0,0
5,2293,3,3,normal,normal,0,0
5,2294,4,4,password,password,1,1
5,2295,3,3,normal,normal,0,0
5,2296,4,4,password,password,1,1
5,2297,3,3,normal,normal,0,0
5,2298,3,3,normal,normal,0,0
5,2299,3,3,normal,normal,0,0
5,2300,2,2,injection,injection,1,1
5,2301,0,0,backdoor,backdoor,1,1
5,2302,4,4,password,password,1,1
5,2303,3,3,normal,normal,0,0
5,2304,2,2,injection,injection,1,1
5,2305,4,4,password,password,1,1
5,2306,0,0,backdoor,backdoor,1,1
5,2307,3,3,normal,normal,0,0
5,2308,0,0,backdoor,backdoor,1,1
5,2309,0,0,backdoor,backdoor,1,1
5,2310,0,0,backdoor,backdoor,1,1
5,2311,3,3,normal,normal,0,0
5,2312,3,3,normal,normal,0,0
5,2313,3,3,normal,normal,0,0
5,2314,3,3,normal,normal,0,0
5,2315,3,3,normal,normal,0,0
5,2316,3,3,normal,normal,0,0
5,2317,3,3,normal,normal,0,0
5,2318,0,0,backdoor,backdoor,1,1
5,2319,3,3,normal,normal,0,0
5,2320,4,4,password,password,1,1
5,2321,3,3,normal,normal,0,0
5,2322,3,3,normal,normal,0,0
5,2323,2,2,injection,injection,1,1
5,2324,3,3,normal,normal,0,0
5,2325,3,3,normal,normal,0,0
5,2326,2,2,injection,injection,1,1
5,2327,3,3,normal,normal,0,0
5,2328,3,3,normal,normal,0,0
5,2329,0,0,backdoor,backdoor,1,1
5,2330,3,3,normal,normal,0,0
5,2331,2,2,injection,injection,1,1
5,2332,3,3,normal,normal,0,0
5,2333,3,3,normal,normal,0,0
5,2334,3,3,normal,normal,0,0
5,2335,3,3,normal,normal,0,0
5,2336,4,4,password,password,1,1
5,2337,3,3,normal,normal,0,0
5,2338,3,3,normal,normal,0,0
5,2339,3,3,normal,normal,0,0
5,2340,0,0,backdoor,backdoor,1,1
5,2341,3,3,normal,normal,0,0
5,2342,3,3,normal,normal,0,0
5,2343,4,4,password,password,1,1
5,2344,3,3,normal,normal,0,0
5,2345,0,0,backdoor,backdoor,1,1
5,2346,3,3,normal,normal,0,0
5,2347,3,3,normal,normal,0,0
5,2348,4,4,password,password,1,1
5,2349,3,3,normal,normal,0,0
5,2350,3,3,normal,normal,0,0
5,2351,3,3,normal,normal,0,0
5,2352,4,4,password,password,1,1
5,2353,0,0,backdoor,backdoor,1,1
5,2354,3,3,normal,normal,0,0
5,2355,0,2,backdoor,injection,1,1
5,2356,3,3,normal,normal,0,0
5,2357,3,3,normal,normal,0,0
5,2358,0,0,backdoor,backdoor,1,1
5,2359,0,0,backdoor,backdoor,1,1
5,2360,2,2,injection,injection,1,1
5,2361,4,4,password,password,1,1
5,2362,4,4,password,password,1,1
5,2363,3,3,normal,normal,0,0
5,2364,3,3,normal,normal,0,0
5,2365,3,3,normal,normal,0,0
5,2366,3,3,normal,normal,0,0
5,2367,4,4,password,password,1,1
5,2368,3,3,normal,normal,0,0
5,2369,2,2,injection,injection,1,1
5,2370,2,2,injection,injection,1,1
5,2371,4,4,password,password,1,1
5,2372,3,3,normal,normal,0,0
5,2373,2,2,injection,injection,1,1
5,2374,3,3,normal,normal,0,0
5,2375,3,3,normal,normal,0,0
5,2376,0,0,backdoor,backdoor,1,1
5,2377,4,4,password,password,1,1
5,2378,3,3,normal,normal,0,0
5,2379,3,3,normal,normal,0,0
5,2380,2,2,injection,injection,1,1
5,2381,3,3,normal,normal,0,0
5,2382,0,2,backdoor,injection,1,1
5,2383,3,3,normal,normal,0,0
5,2384,0,0,backdoor,backdoor,1,1
5,2385,4,4,password,password,1,1
5,2386,3,3,normal,normal,0,0
5,2387,0,0,backdoor,backdoor,1,1
5,2388,3,3,normal,normal,0,0
5,2389,3,3,normal,normal,0,0
5,2390,4,4,password,password,1,1
5,2391,4,4,password,password,1,1
5,2392,2,2,injection,injection,1,1
5,2393,0,2,backdoor,injection,1,1
5,2394,3,3,normal,normal,0,0
5,2395,2,2,injection,injection,1,1
5,2396,3,3,normal,normal,0,0
5,2397,2,2,injection,injection,1,1
5,2398,3,3,normal,normal,0,0
5,2399,2,2,injection,injection,1,1
5,2400,3,3,normal,normal,0,0
5,2401,3,3,normal,normal,0,0
5,2402,4,4,password,password,1,1
5,2403,3,3,normal,normal,0,0
5,2404,3,3,normal,normal,0,0
5,2405,3,3,normal,normal,0,0
5,2406,0,2,backdoor,injection,1,1
5,2407,3,3,normal,normal,0,0
5,2408,3,3,normal,normal,0,0
5,2409,3,3,normal,normal,0,0
5,2410,2,2,injection,injection,1,1
5,2411,3,3,normal,normal,0,0
5,2412,0,0,backdoor,backdoor,1,1
5,2413,2,2,injection,injection,1,1
5,2414,4,4,password,password,1,1
5,2415,3,3,normal,normal,0,0
5,2416,3,3,normal,normal,0,0
5,2417,3,3,normal,normal,0,0
5,2418,4,4,password,password,1,1
5,2419,3,3,normal,normal,0,0
5,2420,0,2,backdoor,injection,1,1
5,2421,4,4,password,password,1,1
5,2422,0,2,backdoor,injection,1,1
5,2423,3,3,normal,normal,0,0
5,2424,3,3,normal,normal,0,0
5,2425,2,2,injection,injection,1,1
5,2426,3,3,normal,normal,0,0
5,2427,0,0,backdoor,backdoor,1,1
5,2428,0,0,backdoor,backdoor,1,1
5,2429,3,3,normal,normal,0,0
5,2430,4,4,password,password,1,1
5,2431,0,0,backdoor,backdoor,1,1
5,2432,3,3,normal,normal,0,0
5,2433,0,0,backdoor,backdoor,1,1
5,2434,2,2,injection,injection,1,1
5,2435,2,2,injection,injection,1,1
5,2436,3,3,normal,normal,0,0
5,2437,3,3,normal,normal,0,0
5,2438,3,3,normal,normal,0,0
5,2439,0,0,backdoor,backdoor,1,1
5,2440,4,4,password,password,1,1
5,2441,3,3,normal,normal,0,0
5,2442,2,2,injection,injection,1,1
5,2443,3,3,normal,normal,0,0
5,2444,4,4,password,password,1,1
5,2445,3,3,normal,normal,0,0
5,2446,4,4,password,password,1,1
5,2447,3,3,normal,normal,0,0
5,2448,2,2,injection,injection,1,1
5,2449,0,0,backdoor,backdoor,1,1
5,2450,0,0,backdoor,backdoor,1,1
5,2451,2,2,injection,injection,1,1
5,2452,4,4,password,password,1,1
5,2453,3,3,normal,normal,0,0
5,2454,0,0,backdoor,backdoor,1,1
5,2455,3,3,normal,normal,0,0
5,2456,3,3,normal,normal,0,0
5,2457,3,3,normal,normal,0,0
5,2458,2,2,injection,injection,1,1
5,2459,4,4,password,password,1,1
5,2460,2,2,injection,injection,1,1
5,2461,3,3,normal,normal,0,0
5,2462,3,3,normal,normal,0,0
5,2463,3,3,normal,normal,0,0
5,2464,3,3,normal,normal,0,0
5,2465,0,0,backdoor,backdoor,1,1
5,2466,4,4,password,password,1,1
5,2467,3,3,normal,normal,0,0
5,2468,3,3,normal,normal,0,0
5,2469,3,3,normal,normal,0,0
5,2470,4,4,password,password,1,1
5,2471,3,3,normal,normal,0,0
5,2472,4,4,password,password,1,1
5,2473,3,3,normal,normal,0,0
5,2474,3,3,normal,normal,0,0
5,2475,4,4,password,password,1,1
5,2476,0,0,backdoor,backdoor,1,1
5,2477,3,3,normal,normal,0,0
5,2478,2,2,injection,injection,1,1
5,2479,0,0,backdoor,backdoor,1,1
5,2480,2,2,injection,injection,1,1
5,2481,2,2,injection,injection,1,1
5,2482,3,3,normal,normal,0,0
5,2483,3,3,normal,normal,0,0
5,2484,3,3,normal,normal,0,0
5,2485,3,3,normal,normal,0,0
5,2486,0,2,backdoor,injection,1,1
5,2487,4,4,password,password,1,1
5,2488,3,3,normal,normal,0,0
5,2489,3,3,normal,normal,0,0
5,2490,0,0,backdoor,backdoor,1,1
5,2491,3,3,normal,normal,0,0
5,2492,2,2,injection,injection,1,1
5,2493,3,3,normal,normal,0,0
5,2494,4,4,password,password,1,1
5,2495,2,2,injection,injection,1,1
5,2496,3,3,normal,normal,0,0
5,2497,3,3,normal,normal,0,0
5,2498,3,3,normal,normal,0,0
5,2499,3,3,normal,normal,0,0
5,2500,3,3,normal,normal,0,0
5,2501,3,3,normal,normal,0,0
5,2502,3,3,normal,normal,0,0
5,2503,3,3,normal,normal,0,0
5,2504,3,3,normal,normal,0,0
5,2505,3,3,normal,normal,0,0
5,2506,3,3,normal,normal,0,0
5,2507,3,3,normal,normal,0,0
5,2508,4,4,password,password,1,1
5,2509,4,4,password,password,1,1
5,2510,3,3,normal,normal,0,0
5,2511,4,4,password,password,1,1
5,2512,0,2,backdoor,injection,1,1
5,2513,3,3,normal,normal,0,0
5,2514,3,3,normal,normal,0,0
5,2515,2,2,injection,injection,1,1
5,2516,3,3,normal,normal,0,0
5,2517,0,0,backdoor,backdoor,1,1
5,2518,3,3,normal,normal,0,0
5,2519,2,2,injection,injection,1,1
5,2520,3,3,normal,normal,0,0
5,2521,0,0,backdoor,backdoor,1,1
5,2522,0,0,backdoor,backdoor,1,1
5,2523,4,4,password,password,1,1
5,2524,3,3,normal,normal,0,0
5,2525,2,2,injection,injection,1,1
5,2526,0,2,backdoor,injection,1,1
5,2527,3,3,normal,normal,0,0
5,2528,3,3,normal,normal,0,0
5,2529,2,2,injection,injection,1,1
5,2530,3,3,normal,normal,0,0
5,2531,3,3,normal,normal,0,0
5,2532,3,3,normal,normal,0,0
5,2533,0,0,backdoor,backdoor,1,1
5,2534,0,0,backdoor,backdoor,1,1
5,2535,0,0,backdoor,backdoor,1,1
5,2536,2,2,injection,injection,1,1
5,2537,0,0,backdoor,backdoor,1,1
5,2538,2,2,injection,injection,1,1
5,2539,3,3,normal,normal,0,0
5,2540,4,4,password,password,1,1
5,2541,4,4,password,password,1,1
5,2542,3,3,normal,normal,0,0
5,2543,2,2,injection,injection,1,1
5,2544,0,0,backdoor,backdoor,1,1
5,2545,3,3,normal,normal,0,0
5,2546,0,0,backdoor,backdoor,1,1
5,2547,0,0,backdoor,backdoor,1,1
5,2548,4,4,password,password,1,1
5,2549,3,3,normal,normal,0,0
5,2550,0,0,backdoor,backdoor,1,1
5,2551,2,2,injection,injection,1,1
5,2552,3,3,normal,normal,0,0
5,2553,3,3,normal,normal,0,0
5,2554,3,3,normal,normal,0,0
5,2555,4,4,password,password,1,1
5,2556,3,3,normal,normal,0,0
5,2557,3,3,normal,normal,0,0
5,2558,3,3,normal,normal,0,0
5,2559,3,3,normal,normal,0,0
5,2560,3,3,normal,normal,0,0
5,2561,0,0,backdoor,backdoor,1,1
5,2562,3,3,normal,normal,0,0
5,2563,3,3,normal,normal,0,0
5,2564,0,0,backdoor,backdoor,1,1
5,2565,3,3,normal,normal,0,0
5,2566,4,4,password,password,1,1
5,2567,3,3,normal,normal,0,0
5,2568,0,0,backdoor,backdoor,1,1
5,2569,2,2,injection,injection,1,1
5,2570,0,0,backdoor,backdoor,1,1
5,2571,3,3,normal,normal,0,0
5,2572,3,3,normal,normal,0,0
5,2573,3,3,normal,normal,0,0
5,2574,2,2,injection,injection,1,1
5,2575,3,3,normal,normal,0,0
5,2576,2,2,injection,injection,1,1
5,2577,2,2,injection,injection,1,1
5,2578,2,2,injection,injection,1,1
5,2579,3,3,normal,normal,0,0
5,2580,3,3,normal,normal,0,0
5,2581,3,3,normal,normal,0,0
5,2582,0,2,backdoor,injection,1,1
5,2583,3,3,normal,normal,0,0
5,2584,4,4,password,password,1,1
5,2585,3,3,normal,normal,0,0
5,2586,3,3,normal,normal,0,0
5,2587,3,3,normal,normal,0,0
5,2588,4,4,password,password,1,1
5,2589,3,3,normal,normal,0,0
5,2590,3,3,normal,normal,0,0
5,2591,4,4,password,password,1,1
5,2592,3,3,normal,normal,0,0
5,2593,2,2,injection,injection,1,1
5,2594,3,3,normal,normal,0,0
5,2595,3,3,normal,normal,0,0
5,2596,2,2,injection,injection,1,1
5,2597,3,3,normal,normal,0,0
5,2598,3,3,normal,normal,0,0
5,2599,2,2,injection,injection,1,1
5,2600,0,0,backdoor,backdoor,1,1
5,2601,3,3,normal,normal,0,0
5,2602,2,2,injection,injection,1,1
5,2603,2,2,injection,injection,1,1
5,2604,0,0,backdoor,backdoor,1,1
5,2605,3,3,normal,normal,0,0
5,2606,0,0,backdoor,backdoor,1,1
5,2607,3,3,normal,normal,0,0
5,2608,4,4,password,password,1,1
5,2609,4,4,password,password,1,1
5,2610,2,2,injection,injection,1,1
5,2611,2,2,injection,injection,1,1
5,2612,4,4,password,password,1,1
5,2613,3,3,normal,normal,0,0
5,2614,3,3,normal,normal,0,0
5,2615,4,4,password,password,1,1
5,2616,2,2,injection,injection,1,1
5,2617,0,2,backdoor,injection,1,1
5,2618,3,3,normal,normal,0,0
5,2619,3,3,normal,normal,0,0
5,2620,2,2,injection,injection,1,1
5,2621,3,3,normal,normal,0,0
5,2622,3,3,normal,normal,0,0
5,2623,2,2,injection,injection,1,1
5,2624,4,4,password,password,1,1
5,2625,3,3,normal,normal,0,0
5,2626,3,3,normal,normal,0,0
5,2627,4,4,password,password,1,1
5,2628,2,2,injection,injection,1,1
5,2629,3,3,normal,normal,0,0
5,2630,3,3,normal,normal,0,0
5,2631,4,4,password,password,1,1
5,2632,3,3,normal,normal,0,0
5,2633,3,3,normal,normal,0,0
5,2634,3,3,normal,normal,0,0
5,2635,3,3,normal,normal,0,0
5,2636,4,4,password,password,1,1
5,2637,2,2,injection,injection,1,1
5,2638,3,3,normal,normal,0,0
5,2639,0,2,backdoor,injection,1,1
5,2640,4,4,password,password,1,1
5,2641,0,0,backdoor,backdoor,1,1
5,2642,0,0,backdoor,backdoor,1,1
5,2643,2,2,injection,injection,1,1
5,2644,3,3,normal,normal,0,0
5,2645,3,3,normal,normal,0,0
5,2646,4,4,password,password,1,1
5,2647,2,2,injection,injection,1,1
5,2648,4,4,password,password,1,1
5,2649,3,3,normal,normal,0,0
5,2650,4,4,password,password,1,1
5,2651,0,2,backdoor,injection,1,1
5,2652,2,2,injection,injection,1,1
5,2653,4,4,password,password,1,1
5,2654,3,3,normal,normal,0,0
5,2655,3,3,normal,normal,0,0
5,2656,3,3,normal,normal,0,0
5,2657,2,2,injection,injection,1,1
5,2658,3,3,normal,normal,0,0
5,2659,3,3,normal,normal,0,0
5,2660,2,2,injection,injection,1,1
5,2661,0,0,backdoor,backdoor,1,1
5,2662,0,2,backdoor,injection,1,1
5,2663,3,3,normal,normal,0,0
5,2664,3,3,normal,normal,0,0
5,2665,3,3,normal,normal,0,0
5,2666,3,3,normal,normal,0,0
5,2667,0,0,backdoor,backdoor,1,1
5,2668,3,3,normal,normal,0,0
5,2669,3,3,normal,normal,0,0
5,2670,3,3,normal,normal,0,0
5,2671,0,0,backdoor,backdoor,1,1
5,2672,2,2,injection,injection,1,1
5,2673,4,4,password,password,1,1
5,2674,0,2,backdoor,injection,1,1
5,2675,3,3,normal,normal,0,0
5,2676,3,3,normal,normal,0,0
5,2677,3,3,normal,normal,0,0
5,2678,2,2,injection,injection,1,1
5,2679,3,3,normal,normal,0,0
5,2680,4,4,password,password,1,1
5,2681,4,4,password,password,1,1
5,2682,3,3,normal,normal,0,0
5,2683,3,3,normal,normal,0,0
5,2684,4,4,password,password,1,1
5,2685,0,0,backdoor,backdoor,1,1
5,2686,0,0,backdoor,backdoor,1,1
5,2687,2,2,injection,injection,1,1
5,2688,0,2,backdoor,injection,1,1
5,2689,4,4,password,password,1,1
5,2690,3,3,normal,normal,0,0
5,2691,2,2,injection,injection,1,1
5,2692,4,4,password,password,1,1
5,2693,4,4,password,password,1,1
5,2694,4,4,password,password,1,1
5,2695,2,2,injection,injection,1,1
5,2696,4,4,password,password,1,1
5,2697,3,3,normal,normal,0,0
5,2698,0,0,backdoor,backdoor,1,1
5,2699,3,3,normal,normal,0,0
5,2700,2,2,injection,injection,1,1
5,2701,3,3,normal,normal,0,0
5,2702,3,3,normal,normal,0,0
5,2703,3,3,normal,normal,0,0
5,2704,4,4,password,password,1,1
5,2705,2,2,injection,injection,1,1
5,2706,0,0,backdoor,backdoor,1,1
5,2707,4,4,password,password,1,1
5,2708,2,2,injection,injection,1,1
5,2709,3,3,normal,normal,0,0
5,2710,2,2,injection,injection,1,1
5,2711,3,3,normal,normal,0,0
5,2712,3,3,normal,normal,0,0
5,2713,2,2,injection,injection,1,1
5,2714,3,3,normal,normal,0,0
5,2715,3,3,normal,normal,0,0
5,2716,3,3,normal,normal,0,0
5,2717,0,0,backdoor,backdoor,1,1
5,2718,0,0,backdoor,backdoor,1,1
5,2719,0,0,backdoor,backdoor,1,1
5,2720,0,0,backdoor,backdoor,1,1
5,2721,0,0,backdoor,backdoor,1,1
5,2722,4,4,password,password,1,1
5,2723,3,3,normal,normal,0,0
5,2724,3,3,normal,normal,0,0
5,2725,3,3,normal,normal,0,0
5,2726,3,3,normal,normal,0,0
5,2727,4,4,password,password,1,1
5,2728,4,4,password,password,1,1
5,2729,0,0,backdoor,backdoor,1,1
5,2730,4,4,password,password,1,1
5,2731,3,3,normal,normal,0,0
5,2732,4,4,password,password,1,1
5,2733,2,2,injection,injection,1,1
5,2734,4,4,password,password,1,1
5,2735,3,3,normal,normal,0,0
5,2736,3,3,normal,normal,0,0
5,2737,3,3,normal,normal,0,0
5,2738,3,3,normal,normal,0,0
5,2739,3,3,normal,normal,0,0
5,2740,4,4,password,password,1,1
5,2741,3,3,normal,normal,0,0
5,2742,0,2,backdoor,injection,1,1
5,2743,3,3,normal,normal,0,0
5,2744,0,0,backdoor,backdoor,1,1
5,2745,2,2,injection,injection,1,1
5,2746,0,0,backdoor,backdoor,1,1
5,2747,0,0,backdoor,backdoor,1,1
5,2748,4,4,password,password,1,1
5,2749,3,3,normal,normal,0,0
5,2750,4,4,password,password,1,1
5,2751,3,3,normal,normal,0,0
5,2752,2,2,injection,injection,1,1
5,2753,3,3,normal,normal,0,0
5,2754,3,3,normal,normal,0,0
5,2755,3,3,normal,normal,0,0
5,2756,4,4,password,password,1,1
5,2757,4,4,password,password,1,1
5,2758,3,3,normal,normal,0,0
5,2759,0,0,backdoor,backdoor,1,1
5,2760,4,4,password,password,1,1
5,2761,3,3,normal,normal,0,0
5,2762,3,3,normal,normal,0,0
5,2763,0,0,backdoor,backdoor,1,1
5,2764,3,3,normal,normal,0,0
5,2765,3,3,normal,normal,0,0
5,2766,2,2,injection,injection,1,1
5,2767,3,3,normal,normal,0,0
5,2768,3,3,normal,normal,0,0
5,2769,3,3,normal,normal,0,0
5,2770,0,0,backdoor,backdoor,1,1
5,2771,3,3,normal,normal,0,0
5,2772,3,3,normal,normal,0,0
5,2773,3,3,normal,normal,0,0
5,2774,3,3,normal,normal,0,0
5,2775,3,3,normal,normal,0,0
5,2776,4,4,password,password,1,1
5,2777,3,3,normal,normal,0,0
5,2778,3,3,normal,normal,0,0
5,2779,3,3,normal,normal,0,0
5,2780,3,3,normal,normal,0,0
5,2781,4,4,password,password,1,1
5,2782,2,2,injection,injection,1,1
5,2783,3,3,normal,normal,0,0
5,2784,2,2,injection,injection,1,1
5,2785,4,4,password,password,1,1
5,2786,4,4,password,password,1,1
5,2787,3,3,normal,normal,0,0
5,2788,3,3,normal,normal,0,0
5,2789,0,0,backdoor,backdoor,1,1
5,2790,3,3,normal,normal,0,0
5,2791,0,0,backdoor,backdoor,1,1
5,2792,3,3,normal,normal,0,0
5,2793,3,3,normal,normal,0,0
5,2794,4,4,password,password,1,1
5,2795,3,3,normal,normal,0,0
5,2796,3,3,normal,normal,0,0
5,2797,2,2,injection,injection,1,1
5,2798,2,2,injection,injection,1,1
5,2799,0,2,backdoor,injection,1,1
5,2800,3,3,normal,normal,0,0
5,2801,3,3,normal,normal,0,0
5,2802,0,0,backdoor,backdoor,1,1
5,2803,3,3,normal,normal,0,0
5,2804,3,3,normal,normal,0,0
5,2805,3,3,normal,normal,0,0
5,2806,0,0,backdoor,backdoor,1,1
5,2807,3,3,normal,normal,0,0
5,2808,2,2,injection,injection,1,1
5,2809,3,3,normal,normal,0,0
5,2810,3,3,normal,normal,0,0
5,2811,3,3,normal,normal,0,0
5,2812,0,0,backdoor,backdoor,1,1
5,2813,0,0,backdoor,backdoor,1,1
5,2814,3,3,normal,normal,0,0
5,2815,4,4,password,password,1,1
5,2816,3,3,normal,normal,0,0
5,2817,3,3,normal,normal,0,0
5,2818,2,2,injection,injection,1,1
5,2819,2,2,injection,injection,1,1
5,2820,3,3,normal,normal,0,0
5,2821,4,4,password,password,1,1
5,2822,3,3,normal,normal,0,0
5,2823,3,3,normal,normal,0,0
5,2824,2,2,injection,injection,1,1
5,2825,4,4,password,password,1,1
5,2826,0,0,backdoor,backdoor,1,1
5,2827,2,2,injection,injection,1,1
5,2828,3,3,normal,normal,0,0
5,2829,3,3,normal,normal,0,0
5,2830,4,4,password,password,1,1
5,2831,3,3,normal,normal,0,0
5,2832,3,3,normal,normal,0,0
5,2833,3,3,normal,normal,0,0
5,2834,0,0,backdoor,backdoor,1,1
5,2835,2,2,injection,injection,1,1
5,2836,2,2,injection,injection,1,1
5,2837,3,3,normal,normal,0,0
5,2838,3,3,normal,normal,0,0
5,2839,4,4,password,password,1,1
5,2840,3,3,normal,normal,0,0
5,2841,0,0,backdoor,backdoor,1,1
5,2842,3,3,normal,normal,0,0
5,2843,0,0,backdoor,backdoor,1,1
5,2844,2,2,injection,injection,1,1
5,2845,3,3,normal,normal,0,0
5,2846,4,4,password,password,1,1
5,2847,0,0,backdoor,backdoor,1,1
5,2848,3,3,normal,normal,0,0
5,2849,3,3,normal,normal,0,0
5,2850,3,3,normal,normal,0,0
5,2851,3,3,normal,normal,0,0
5,2852,2,2,injection,injection,1,1
5,2853,3,3,normal,normal,0,0
5,2854,3,3,normal,normal,0,0
5,2855,0,0,backdoor,backdoor,1,1
5,2856,4,4,password,password,1,1
5,2857,3,3,normal,normal,0,0
5,2858,4,4,password,password,1,1
5,2859,2,2,injection,injection,1,1
5,2860,4,4,password,password,1,1
5,2861,3,3,normal,normal,0,0
5,2862,3,3,normal,normal,0,0
5,2863,2,2,injection,injection,1,1
5,2864,3,3,normal,normal,0,0
5,2865,3,3,normal,normal,0,0
5,2866,2,2,injection,injection,1,1
5,2867,3,3,normal,normal,0,0
5,2868,3,3,normal,normal,0,0
5,2869,0,0,backdoor,backdoor,1,1
5,2870,3,3,normal,normal,0,0
5,2871,3,3,normal,normal,0,0
5,2872,3,3,normal,normal,0,0
5,2873,3,3,normal,normal,0,0
5,2874,3,3,normal,normal,0,0
5,2875,0,2,backdoor,injection,1,1
5,2876,3,3,normal,normal,0,0
5,2877,3,3,normal,normal,0,0
5,2878,0,0,backdoor,backdoor,1,1
5,2879,3,3,normal,normal,0,0
5,2880,0,0,backdoor,backdoor,1,1
5,2881,0,0,backdoor,backdoor,1,1
5,2882,2,2,injection,injection,1,1
5,2883,2,2,injection,injection,1,1
5,2884,3,3,normal,normal,0,0
5,2885,4,4,password,password,1,1
5,2886,3,3,normal,normal,0,0
5,2887,3,3,normal,normal,0,0
5,2888,3,3,normal,normal,0,0
5,2889,4,4,password,password,1,1
5,2890,4,4,password,password,1,1
5,2891,2,2,injection,injection,1,1
5,2892,0,0,backdoor,backdoor,1,1
5,2893,3,3,normal,normal,0,0
5,2894,2,2,injection,injection,1,1
5,2895,4,4,password,password,1,1
5,2896,2,2,injection,injection,1,1
5,2897,2,2,injection,injection,1,1
5,2898,0,0,backdoor,backdoor,1,1
5,2899,0,0,backdoor,backdoor,1,1
5,2900,3,3,normal,normal,0,0
5,2901,3,3,normal,normal,0,0
5,2902,3,3,normal,normal,0,0
5,2903,3,3,normal,normal,0,0
5,2904,0,0,backdoor,backdoor,1,1
5,2905,0,0,backdoor,backdoor,1,1
5,2906,0,2,backdoor,injection,1,1
5,2907,2,2,injection,injection,1,1
5,2908,3,3,normal,normal,0,0
5,2909,2,2,injection,injection,1,1
5,2910,3,3,normal,normal,0,0
5,2911,2,2,injection,injection,1,1
5,2912,3,3,normal,normal,0,0
5,2913,4,4,password,password,1,1
5,2914,3,3,normal,normal,0,0
5,2915,4,4,password,password,1,1
5,2916,4,4,password,password,1,1
5,2917,3,3,normal,normal,0,0
5,2918,3,3,normal,normal,0,0
5,2919,3,3,normal,normal,0,0
5,2920,4,4,password,password,1,1
5,2921,3,3,normal,normal,0,0
5,2922,3,3,normal,normal,0,0
5,2923,2,2,injection,injection,1,1
5,2924,0,0,backdoor,backdoor,1,1
5,2925,4,4,password,password,1,1
5,2926,4,4,password,password,1,1
5,2927,3,3,normal,normal,0,0
5,2928,0,0,backdoor,backdoor,1,1
5,2929,3,3,normal,normal,0,0
5,2930,2,2,injection,injection,1,1
5,2931,3,3,normal,normal,0,0
5,2932,0,0,backdoor,backdoor,1,1
5,2933,4,4,password,password,1,1
5,2934,0,0,backdoor,backdoor,1,1
5,2935,3,3,normal,normal,0,0
5,2936,2,2,injection,injection,1,1
5,2937,2,2,injection,injection,1,1
5,2938,3,3,normal,normal,0,0
5,2939,0,0,backdoor,backdoor,1,1
5,2940,3,3,normal,normal,0,0
5,2941,0,0,backdoor,backdoor,1,1
5,2942,0,0,backdoor,backdoor,1,1
5,2943,3,3,normal,normal,0,0
5,2944,2,2,injection,injection,1,1
5,2945,4,4,password,password,1,1
5,2946,3,3,normal,normal,0,0
5,2947,3,3,normal,normal,0,0
5,2948,3,3,normal,normal,0,0
5,2949,3,3,normal,normal,0,0
5,2950,4,4,password,password,1,1
5,2951,2,2,injection,injection,1,1
5,2952,0,0,backdoor,backdoor,1,1
5,2953,4,4,password,password,1,1
5,2954,0,0,backdoor,backdoor,1,1
5,2955,3,3,normal,normal,0,0
5,2956,0,2,backdoor,injection,1,1
5,2957,0,2,backdoor,injection,1,1
5,2958,3,3,normal,normal,0,0
5,2959,3,3,normal,normal,0,0
5,2960,0,0,backdoor,backdoor,1,1
5,2961,3,3,normal,normal,0,0
5,2962,4,4,password,password,1,1
5,2963,2,2,injection,injection,1,1
5,2964,3,3,normal,normal,0,0
5,2965,2,2,injection,injection,1,1
5,2966,3,3,normal,normal,0,0
5,2967,0,0,backdoor,backdoor,1,1
5,2968,2,2,injection,injection,1,1
5,2969,3,3,normal,normal,0,0
5,2970,3,3,normal,normal,0,0
5,2971,3,3,normal,normal,0,0
5,2972,4,4,password,password,1,1
5,2973,3,3,normal,normal,0,0
5,2974,3,3,normal,normal,0,0
5,2975,0,0,backdoor,backdoor,1,1
5,2976,3,3,normal,normal,0,0
5,2977,2,2,injection,injection,1,1
5,2978,2,2,injection,injection,1,1
5,2979,0,2,backdoor,injection,1,1
5,2980,3,3,normal,normal,0,0
5,2981,2,2,injection,injection,1,1
5,2982,2,2,injection,injection,1,1
5,2983,3,3,normal,normal,0,0
5,2984,3,3,normal,normal,0,0
5,2985,0,0,backdoor,backdoor,1,1
5,2986,0,0,backdoor,backdoor,1,1
5,2987,3,3,normal,normal,0,0
5,2988,3,3,normal,normal,0,0
5,2989,2,2,injection,injection,1,1
5,2990,3,3,normal,normal,0,0
5,2991,3,3,normal,normal,0,0
5,2992,0,2,backdoor,injection,1,1
5,2993,4,4,password,password,1,1
5,2994,3,3,normal,normal,0,0
5,2995,2,2,injection,injection,1,1
5,2996,3,3,normal,normal,0,0
5,2997,3,3,normal,normal,0,0
5,2998,4,4,password,password,1,1
5,2999,4,4,password,password,1,1
5,3000,3,3,normal,normal,0,0
5,3001,3,3,normal,normal,0,0
5,3002,3,3,normal,normal,0,0
5,3003,3,3,normal,normal,0,0
5,3004,3,3,normal,normal,0,0
5,3005,3,3,normal,normal,0,0
5,3006,3,3,normal,normal,0,0
5,3007,0,0,backdoor,backdoor,1,1
5,3008,3,3,normal,normal,0,0
5,3009,2,2,injection,injection,1,1
5,3010,3,3,normal,normal,0,0
5,3011,2,2,injection,injection,1,1
5,3012,3,3,normal,normal,0,0
5,3013,3,3,normal,normal,0,0
5,3014,0,0,backdoor,backdoor,1,1
5,3015,3,3,normal,normal,0,0
5,3016,3,3,normal,normal,0,0
5,3017,3,3,normal,normal,0,0
5,3018,3,3,normal,normal,0,0
5,3019,2,2,injection,injection,1,1
5,3020,3,3,normal,normal,0,0
5,3021,3,3,normal,normal,0,0
5,3022,3,3,normal,normal,0,0
5,3023,3,3,normal,normal,0,0
5,3024,0,0,backdoor,backdoor,1,1
5,3025,0,0,backdoor,backdoor,1,1
5,3026,3,3,normal,normal,0,0
5,3027,2,2,injection,injection,1,1
5,3028,2,2,injection,injection,1,1
5,3029,3,3,normal,normal,0,0
5,3030,3,3,normal,normal,0,0
5,3031,2,2,injection,injection,1,1
5,3032,2,2,injection,injection,1,1
5,3033,3,3,normal,normal,0,0
5,3034,3,3,normal,normal,0,0
5,3035,2,2,injection,injection,1,1
5,3036,2,2,injection,injection,1,1
5,3037,4,4,password,password,1,1
5,3038,3,3,normal,normal,0,0
5,3039,0,0,backdoor,backdoor,1,1
5,3040,2,2,injection,injection,1,1
5,3041,3,3,normal,normal,0,0
5,3042,3,3,normal,normal,0,0
5,3043,3,3,normal,normal,0,0
5,3044,4,4,password,password,1,1
5,3045,3,3,normal,normal,0,0
5,3046,3,3,normal,normal,0,0
5,3047,4,4,password,password,1,1
5,3048,3,3,normal,normal,0,0
5,3049,3,3,normal,normal,0,0
5,3050,3,3,normal,normal,0,0
5,3051,4,4,password,password,1,1
5,3052,0,0,backdoor,backdoor,1,1
5,3053,2,2,injection,injection,1,1
5,3054,3,3,normal,normal,0,0
5,3055,0,0,backdoor,backdoor,1,1
5,3056,0,0,backdoor,backdoor,1,1
5,3057,3,3,normal,normal,0,0
5,3058,2,2,injection,injection,1,1
5,3059,3,3,normal,normal,0,0
5,3060,3,3,normal,normal,0,0
5,3061,4,4,password,password,1,1
5,3062,0,0,backdoor,backdoor,1,1
5,3063,4,4,password,password,1,1
5,3064,3,3,normal,normal,0,0
5,3065,3,3,normal,normal,0,0
5,3066,2,2,injection,injection,1,1
5,3067,3,3,normal,normal,0,0
5,3068,4,4,password,password,1,1
5,3069,4,4,password,password,1,1
5,3070,0,0,backdoor,backdoor,1,1
5,3071,3,3,normal,normal,0,0
5,3072,3,3,normal,normal,0,0
5,3073,3,3,normal,normal,0,0
5,3074,0,0,backdoor,backdoor,1,1
5,3075,0,0,backdoor,backdoor,1,1
5,3076,2,2,injection,injection,1,1
5,3077,4,4,password,password,1,1
5,3078,3,3,normal,normal,0,0
5,3079,3,3,normal,normal,0,0
5,3080,2,2,injection,injection,1,1
5,3081,0,0,backdoor,backdoor,1,1
5,3082,2,2,injection,injection,1,1
5,3083,3,3,normal,normal,0,0
5,3084,0,0,backdoor,backdoor,1,1
5,3085,0,2,backdoor,injection,1,1
5,3086,3,3,normal,normal,0,0
5,3087,3,3,normal,normal,0,0
5,3088,3,3,normal,normal,0,0
5,3089,3,3,normal,normal,0,0
5,3090,3,3,normal,normal,0,0
5,3091,3,3,normal,normal,0,0
5,3092,3,3,normal,normal,0,0
5,3093,4,4,password,password,1,1
5,3094,3,3,normal,normal,0,0
5,3095,2,2,injection,injection,1,1
5,3096,2,2,injection,injection,1,1
5,3097,4,4,password,password,1,1
5,3098,3,3,normal,normal,0,0
5,3099,2,2,injection,injection,1,1
5,3100,4,4,password,password,1,1
5,3101,2,2,injection,injection,1,1
5,3102,2,2,injection,injection,1,1
5,3103,3,3,normal,normal,0,0
5,3104,3,3,normal,normal,0,0
5,3105,3,3,normal,normal,0,0
5,3106,2,2,injection,injection,1,1
5,3107,0,0,backdoor,backdoor,1,1
5,3108,0,0,backdoor,backdoor,1,1
5,3109,4,4,password,password,1,1
5,3110,3,3,normal,normal,0,0
5,3111,2,2,injection,injection,1,1
5,3112,0,0,backdoor,backdoor,1,1
5,3113,3,3,normal,normal,0,0
5,3114,3,3,normal,normal,0,0
5,3115,2,2,injection,injection,1,1
5,3116,2,2,injection,injection,1,1
5,3117,2,2,injection,injection,1,1
5,3118,2,2,injection,injection,1,1
5,3119,4,4,password,password,1,1
5,3120,3,3,normal,normal,0,0
5,3121,2,2,injection,injection,1,1
5,3122,3,3,normal,normal,0,0
5,3123,4,4,password,password,1,1
5,3124,4,4,password,password,1,1
5,3125,3,3,normal,normal,0,0
5,3126,3,3,normal,normal,0,0
5,3127,4,4,password,password,1,1
5,3128,4,4,password,password,1,1
5,3129,2,2,injection,injection,1,1
5,3130,2,2,injection,injection,1,1
5,3131,3,3,normal,normal,0,0
5,3132,3,3,normal,normal,0,0
5,3133,3,3,normal,normal,0,0
5,3134,3,3,normal,normal,0,0
5,3135,3,3,normal,normal,0,0
5,3136,0,0,backdoor,backdoor,1,1
5,3137,4,4,password,password,1,1
5,3138,3,3,normal,normal,0,0
5,3139,3,3,normal,normal,0,0
5,3140,3,3,normal,normal,0,0
5,3141,0,0,backdoor,backdoor,1,1
5,3142,3,3,normal,normal,0,0
5,3143,0,0,backdoor,backdoor,1,1
5,3144,2,2,injection,injection,1,1
5,3145,0,0,backdoor,backdoor,1,1
5,3146,0,0,backdoor,backdoor,1,1
5,3147,3,3,normal,normal,0,0
5,3148,4,4,password,password,1,1
5,3149,4,4,password,password,1,1
5,3150,3,3,normal,normal,0,0
5,3151,3,3,normal,normal,0,0
5,3152,2,2,injection,injection,1,1
5,3153,3,3,normal,normal,0,0
5,3154,3,3,normal,normal,0,0
5,3155,3,3,normal,normal,0,0
5,3156,4,4,password,password,1,1
5,3157,3,3,normal,normal,0,0
5,3158,2,2,injection,injection,1,1
5,3159,3,3,normal,normal,0,0
5,3160,3,3,normal,normal,0,0
5,3161,3,3,normal,normal,0,0
5,3162,4,4,password,password,1,1
5,3163,2,2,injection,injection,1,1
5,3164,0,2,backdoor,injection,1,1
5,3165,3,3,normal,normal,0,0
5,3166,0,0,backdoor,backdoor,1,1
5,3167,3,3,normal,normal,0,0
5,3168,3,3,normal,normal,0,0
5,3169,2,2,injection,injection,1,1
5,3170,0,2,backdoor,injection,1,1
5,3171,3,3,normal,normal,0,0
5,3172,4,4,password,password,1,1
5,3173,2,2,injection,injection,1,1
5,3174,3,3,normal,normal,0,0
5,3175,0,0,backdoor,backdoor,1,1
5,3176,3,3,normal,normal,0,0
5,3177,3,3,normal,normal,0,0
5,3178,3,3,normal,normal,0,0
5,3179,0,2,backdoor,injection,1,1
5,3180,2,2,injection,injection,1,1
5,3181,0,0,backdoor,backdoor,1,1
5,3182,4,4,password,password,1,1
5,3183,3,3,normal,normal,0,0
5,3184,4,4,password,password,1,1
5,3185,4,4,password,password,1,1
5,3186,3,3,normal,normal,0,0
5,3187,0,0,backdoor,backdoor,1,1
5,3188,2,2,injection,injection,1,1
5,3189,3,3,normal,normal,0,0
5,3190,3,3,normal,normal,0,0
5,3191,0,0,backdoor,backdoor,1,1
5,3192,2,2,injection,injection,1,1
5,3193,3,3,normal,normal,0,0
5,3194,2,2,injection,injection,1,1
5,3195,2,2,injection,injection,1,1
5,3196,3,3,normal,normal,0,0
5,3197,0,0,backdoor,backdoor,1,1
5,3198,3,3,normal,normal,0,0
5,3199,0,0,backdoor,backdoor,1,1
5,3200,3,3,normal,normal,0,0
5,3201,4,4,password,password,1,1
5,3202,2,2,injection,injection,1,1
5,3203,0,0,backdoor,backdoor,1,1
5,3204,4,4,password,password,1,1
5,3205,0,2,backdoor,injection,1,1
5,3206,3,3,normal,normal,0,0
5,3207,3,3,normal,normal,0,0
5,3208,3,3,normal,normal,0,0
5,3209,4,4,password,password,1,1
5,3210,0,0,backdoor,backdoor,1,1
5,3211,4,4,password,password,1,1
5,3212,2,2,injection,injection,1,1
5,3213,3,3,normal,normal,0,0
5,3214,3,3,normal,normal,0,0
5,3215,3,3,normal,normal,0,0
5,3216,3,3,normal,normal,0,0
5,3217,0,0,backdoor,backdoor,1,1
5,3218,3,3,normal,normal,0,0
5,3219,3,3,normal,normal,0,0
5,3220,3,3,normal,normal,0,0
5,3221,3,3,normal,normal,0,0
5,3222,4,4,password,password,1,1
5,3223,3,3,normal,normal,0,0
5,3224,3,3,normal,normal,0,0
5,3225,2,2,injection,injection,1,1
5,3226,4,4,password,password,1,1
5,3227,0,0,backdoor,backdoor,1,1
5,3228,2,2,injection,injection,1,1
5,3229,3,3,normal,normal,0,0
5,3230,3,3,normal,normal,0,0
5,3231,3,3,normal,normal,0,0
5,3232,3,3,normal,normal,0,0
5,3233,3,3,normal,normal,0,0
5,3234,3,3,normal,normal,0,0
5,3235,2,2,injection,injection,1,1
5,3236,3,3,normal,normal,0,0
5,3237,0,0,backdoor,backdoor,1,1
5,3238,2,2,injection,injection,1,1
5,3239,3,3,normal,normal,0,0
5,3240,4,4,password,password,1,1
5,3241,4,4,password,password,1,1
5,3242,0,0,backdoor,backdoor,1,1
5,3243,3,3,normal,normal,0,0
5,3244,3,3,normal,normal,0,0
5,3245,0,0,backdoor,backdoor,1,1
5,3246,4,4,password,password,1,1
5,3247,3,3,normal,normal,0,0
5,3248,0,2,backdoor,injection,1,1
5,3249,4,4,password,password,1,1
5,3250,0,0,backdoor,backdoor,1,1
5,3251,4,4,password,password,1,1
5,3252,3,3,normal,normal,0,0
5,3253,3,3,normal,normal,0,0
5,3254,3,3,normal,normal,0,0
5,3255,4,4,password,password,1,1
5,3256,2,2,injection,injection,1,1
5,3257,3,3,normal,normal,0,0
5,3258,3,3,normal,normal,0,0
5,3259,3,3,normal,normal,0,0
5,3260,0,0,backdoor,backdoor,1,1
5,3261,3,3,normal,normal,0,0
5,3262,4,4,password,password,1,1
5,3263,3,3,normal,normal,0,0
5,3264,0,0,backdoor,backdoor,1,1
5,3265,2,2,injection,injection,1,1
5,3266,2,2,injection,injection,1,1
5,3267,3,3,normal,normal,0,0
5,3268,0,0,backdoor,backdoor,1,1
5,3269,3,3,normal,normal,0,0
5,3270,3,3,normal,normal,0,0
5,3271,0,0,backdoor,backdoor,1,1
5,3272,3,3,normal,normal,0,0
5,3273,2,2,injection,injection,1,1
5,3274,3,3,normal,normal,0,0
5,3275,2,2,injection,injection,1,1
5,3276,3,3,normal,normal,0,0
5,3277,2,2,injection,injection,1,1
5,3278,2,2,injection,injection,1,1
5,3279,3,3,normal,normal,0,0
5,3280,3,3,normal,normal,0,0
5,3281,2,2,injection,injection,1,1
5,3282,0,0,backdoor,backdoor,1,1
5,3283,3,3,normal,normal,0,0
5,3284,4,4,password,password,1,1
5,3285,3,3,normal,normal,0,0
5,3286,3,3,normal,normal,0,0
5,3287,4,4,password,password,1,1
5,3288,3,3,normal,normal,0,0
5,3289,3,3,normal,normal,0,0
5,3290,3,3,normal,normal,0,0
5,3291,3,3,normal,normal,0,0
5,3292,3,3,normal,normal,0,0
5,3293,3,3,normal,normal,0,0
5,3294,4,4,password,password,1,1
5,3295,0,2,backdoor,injection,1,1
5,3296,3,3,normal,normal,0,0
5,3297,4,4,password,password,1,1
5,3298,3,3,normal,normal,0,0
5,3299,2,2,injection,injection,1,1
5,3300,3,3,normal,normal,0,0
5,3301,2,2,injection,injection,1,1
5,3302,4,4,password,password,1,1
5,3303,3,3,normal,normal,0,0
5,3304,3,3,normal,normal,0,0
5,3305,3,3,normal,normal,0,0
5,3306,2,2,injection,injection,1,1
5,3307,3,3,normal,normal,0,0
5,3308,3,3,normal,normal,0,0
5,3309,3,3,normal,normal,0,0
5,3310,2,2,injection,injection,1,1
5,3311,3,3,normal,normal,0,0
5,3312,3,3,normal,normal,0,0
5,3313,4,4,password,password,1,1
5,3314,4,4,password,password,1,1
5,3315,3,3,normal,normal,0,0
5,3316,2,2,injection,injection,1,1
5,3317,0,0,backdoor,backdoor,1,1
5,3318,0,0,backdoor,backdoor,1,1
5,3319,4,4,password,password,1,1
5,3320,2,2,injection,injection,1,1
5,3321,3,3,normal,normal,0,0
5,3322,3,3,normal,normal,0,0
5,3323,3,3,normal,normal,0,0
5,3324,3,3,normal,normal,0,0
5,3325,3,3,normal,normal,0,0
5,3326,0,0,backdoor,backdoor,1,1
5,3327,3,3,normal,normal,0,0
5,3328,0,0,backdoor,backdoor,1,1
5,3329,3,3,normal,normal,0,0
5,3330,2,2,injection,injection,1,1
5,3331,4,4,password,password,1,1
5,3332,4,4,password,password,1,1
5,3333,3,3,normal,normal,0,0
5,3334,3,3,normal,normal,0,0
5,3335,4,4,password,password,1,1
5,3336,0,2,backdoor,injection,1,1
5,3337,2,2,injection,injection,1,1
5,3338,3,3,normal,normal,0,0
5,3339,4,4,password,password,1,1
5,3340,0,0,backdoor,backdoor,1,1
5,3341,3,3,normal,normal,0,0
5,3342,3,3,normal,normal,0,0
5,3343,3,3,normal,normal,0,0
5,3344,3,3,normal,normal,0,0
5,3345,2,2,injection,injection,1,1
5,3346,3,3,normal,normal,0,0
5,3347,3,3,normal,normal,0,0
5,3348,2,2,injection,injection,1,1
5,3349,2,2,injection,injection,1,1
5,3350,0,0,backdoor,backdoor,1,1
5,3351,2,2,injection,injection,1,1
5,3352,2,2,injection,injection,1,1
5,3353,2,2,injection,injection,1,1
5,3354,2,2,injection,injection,1,1
5,3355,3,3,normal,normal,0,0
5,3356,3,3,normal,normal,0,0
5,3357,2,2,injection,injection,1,1
5,3358,3,3,normal,normal,0,0
5,3359,3,3,normal,normal,0,0
5,3360,0,0,backdoor,backdoor,1,1
5,3361,3,3,normal,normal,0,0
5,3362,3,3,normal,normal,0,0
5,3363,4,4,password,password,1,1
5,3364,4,4,password,password,1,1
5,3365,3,3,normal,normal,0,0
5,3366,0,0,backdoor,backdoor,1,1
5,3367,3,3,normal,normal,0,0
5,3368,3,3,normal,normal,0,0
5,3369,3,3,normal,normal,0,0
5,3370,3,3,normal,normal,0,0
5,3371,3,3,normal,normal,0,0
5,3372,0,0,backdoor,backdoor,1,1
5,3373,4,4,password,password,1,1
5,3374,3,3,normal,normal,0,0
5,3375,3,3,normal,normal,0,0
5,3376,0,2,backdoor,injection,1,1
5,3377,2,2,injection,injection,1,1
5,3378,3,3,normal,normal,0,0
5,3379,2,2,injection,injection,1,1
5,3380,3,3,normal,normal,0,0
5,3381,4,4,password,password,1,1
5,3382,3,3,normal,normal,0,0
5,3383,2,2,injection,injection,1,1
5,3384,3,3,normal,normal,0,0
5,3385,3,3,normal,normal,0,0
5,3386,3,3,normal,normal,0,0
5,3387,3,3,normal,normal,0,0
5,3388,3,3,normal,normal,0,0
5,3389,3,3,normal,normal,0,0
5,3390,2,2,injection,injection,1,1
5,3391,3,3,normal,normal,0,0
5,3392,3,3,normal,normal,0,0
5,3393,3,3,normal,normal,0,0
5,3394,3,3,normal,normal,0,0
5,3395,3,3,normal,normal,0,0
5,3396,3,3,normal,normal,0,0
5,3397,0,0,backdoor,backdoor,1,1
5,3398,3,3,normal,normal,0,0
5,3399,4,4,password,password,1,1
5,3400,4,4,password,password,1,1
5,3401,2,2,injection,injection,1,1
5,3402,3,3,normal,normal,0,0
5,3403,0,0,backdoor,backdoor,1,1
5,3404,3,3,normal,normal,0,0
5,3405,4,4,password,password,1,1
5,3406,4,4,password,password,1,1
5,3407,3,3,normal,normal,0,0
5,3408,4,4,password,password,1,1
5,3409,0,0,backdoor,backdoor,1,1
5,3410,0,0,backdoor,backdoor,1,1
5,3411,3,3,normal,normal,0,0
5,3412,3,3,normal,normal,0,0
5,3413,3,3,normal,normal,0,0
5,3414,3,3,normal,normal,0,0
5,3415,3,3,normal,normal,0,0
5,3416,0,0,backdoor,backdoor,1,1
5,3417,3,3,normal,normal,0,0
5,3418,4,4,password,password,1,1
5,3419,3,3,normal,normal,0,0
5,3420,0,0,backdoor,backdoor,1,1
5,3421,4,4,password,password,1,1
5,3422,3,3,normal,normal,0,0
5,3423,0,2,backdoor,injection,1,1
5,3424,2,2,injection,injection,1,1
5,3425,0,2,backdoor,injection,1,1
5,3426,2,2,injection,injection,1,1
5,3427,0,2,backdoor,injection,1,1
5,3428,3,3,normal,normal,0,0
5,3429,3,3,normal,normal,0,0
5,3430,4,4,password,password,1,1
5,3431,3,3,normal,normal,0,0
5,3432,2,2,injection,injection,1,1
5,3433,3,3,normal,normal,0,0
5,3434,3,3,normal,normal,0,0
5,3435,4,4,password,password,1,1
5,3436,4,4,password,password,1,1
5,3437,4,4,password,password,1,1
5,3438,3,3,normal,normal,0,0
5,3439,3,3,normal,normal,0,0
5,3440,4,4,password,password,1,1
5,3441,2,2,injection,injection,1,1
5,3442,3,3,normal,normal,0,0
5,3443,3,3,normal,normal,0,0
5,3444,0,0,backdoor,backdoor,1,1
5,3445,3,3,normal,normal,0,0
5,3446,4,4,password,password,1,1
5,3447,2,2,injection,injection,1,1
5,3448,0,0,backdoor,backdoor,1,1
5,3449,3,3,normal,normal,0,0
5,3450,3,3,normal,normal,0,0
5,3451,2,2,injection,injection,1,1
5,3452,2,2,injection,injection,1,1
5,3453,3,3,normal,normal,0,0
5,3454,4,4,password,password,1,1
5,3455,3,3,normal,normal,0,0
5,3456,4,4,password,password,1,1
5,3457,2,2,injection,injection,1,1
5,3458,2,2,injection,injection,1,1
5,3459,4,4,password,password,1,1
5,3460,3,3,normal,normal,0,0
5,3461,2,2,injection,injection,1,1
5,3462,0,0,backdoor,backdoor,1,1
5,3463,3,3,normal,normal,0,0
5,3464,0,0,backdoor,backdoor,1,1
5,3465,3,3,normal,normal,0,0
5,3466,0,0,backdoor,backdoor,1,1
5,3467,3,3,normal,normal,0,0
5,3468,4,4,password,password,1,1
5,3469,2,2,injection,injection,1,1
5,3470,2,2,injection,injection,1,1
5,3471,3,3,normal,normal,0,0
5,3472,3,3,normal,normal,0,0
5,3473,3,3,normal,normal,0,0
5,3474,4,4,password,password,1,1
5,3475,3,3,normal,normal,0,0
5,3476,3,3,normal,normal,0,0
5,3477,0,0,backdoor,backdoor,1,1
5,3478,3,3,normal,normal,0,0
5,3479,3,3,normal,normal,0,0
5,3480,0,0,backdoor,backdoor,1,1
5,3481,3,3,normal,normal,0,0
5,3482,3,3,normal,normal,0,0
5,3483,0,0,backdoor,backdoor,1,1
5,3484,3,3,normal,normal,0,0
5,3485,3,3,normal,normal,0,0
5,3486,3,3,normal,normal,0,0
5,3487,3,3,normal,normal,0,0
5,3488,3,3,normal,normal,0,0
5,3489,0,0,backdoor,backdoor,1,1
5,3490,3,3,normal,normal,0,0
5,3491,2,2,injection,injection,1,1
5,3492,4,4,password,password,1,1
5,3493,3,3,normal,normal,0,0
5,3494,3,3,normal,normal,0,0
5,3495,0,0,backdoor,backdoor,1,1
5,3496,0,0,backdoor,backdoor,1,1
5,3497,3,3,normal,normal,0,0
5,3498,0,0,backdoor,backdoor,1,1
5,3499,3,3,normal,normal,0,0
5,3500,4,4,password,password,1,1
5,3501,2,2,injection,injection,1,1
5,3502,0,0,backdoor,backdoor,1,1
5,3503,0,2,backdoor,injection,1,1
5,3504,0,0,backdoor,backdoor,1,1
5,3505,2,2,injection,injection,1,1
5,3506,4,4,password,password,1,1
5,3507,4,4,password,password,1,1
5,3508,4,4,password,password,1,1
5,3509,3,3,normal,normal,0,0
5,3510,3,3,normal,normal,0,0
5,3511,3,3,normal,normal,0,0
5,3512,3,3,normal,normal,0,0
5,3513,2,2,injection,injection,1,1
5,3514,3,3,normal,normal,0,0
5,3515,0,0,backdoor,backdoor,1,1
5,3516,2,2,injection,injection,1,1
5,3517,3,3,normal,normal,0,0
5,3518,3,3,normal,normal,0,0
5,3519,3,3,normal,normal,0,0
5,3520,3,3,normal,normal,0,0
5,3521,3,3,normal,normal,0,0
5,3522,4,4,password,password,1,1
5,3523,3,3,normal,normal,0,0
5,3524,2,2,injection,injection,1,1
5,3525,2,2,injection,injection,1,1
5,3526,3,3,normal,normal,0,0
5,3527,4,4,password,password,1,1
5,3528,3,3,normal,normal,0,0
5,3529,3,3,normal,normal,0,0
5,3530,3,3,normal,normal,0,0
5,3531,2,2,injection,injection,1,1
5,3532,4,4,password,password,1,1
5,3533,3,3,normal,normal,0,0
5,3534,3,3,normal,normal,0,0
5,3535,4,4,password,password,1,1
5,3536,0,0,backdoor,backdoor,1,1
5,3537,3,3,normal,normal,0,0
5,3538,3,3,normal,normal,0,0
5,3539,4,4,password,password,1,1
5,3540,3,3,normal,normal,0,0
5,3541,3,3,normal,normal,0,0
5,3542,3,3,normal,normal,0,0
5,3543,3,3,normal,normal,0,0
5,3544,3,3,normal,normal,0,0
5,3545,3,3,normal,normal,0,0
5,3546,0,0,backdoor,backdoor,1,1
5,3547,0,2,backdoor,injection,1,1
5,3548,3,3,normal,normal,0,0
5,3549,2,2,injection,injection,1,1
5,3550,2,2,injection,injection,1,1
5,3551,0,0,backdoor,backdoor,1,1
5,3552,3,3,normal,normal,0,0
5,3553,3,3,normal,normal,0,0
5,3554,3,3,normal,normal,0,0
5,3555,4,4,password,password,1,1
5,3556,3,3,normal,normal,0,0
5,3557,4,4,password,password,1,1
5,3558,3,3,normal,normal,0,0
5,3559,3,3,normal,normal,0,0
5,3560,0,0,backdoor,backdoor,1,1
5,3561,3,3,normal,normal,0,0
5,3562,0,0,backdoor,backdoor,1,1
5,3563,3,3,normal,normal,0,0
5,3564,4,4,password,password,1,1
5,3565,4,4,password,password,1,1
5,3566,4,4,password,password,1,1
5,3567,3,3,normal,normal,0,0
5,3568,0,0,backdoor,backdoor,1,1
5,3569,2,2,injection,injection,1,1
5,3570,4,4,password,password,1,1
5,3571,4,4,password,password,1,1
5,3572,3,3,normal,normal,0,0
5,3573,3,3,normal,normal,0,0
5,3574,3,3,normal,normal,0,0
5,3575,3,3,normal,normal,0,0
5,3576,4,4,password,password,1,1
5,3577,3,3,normal,normal,0,0
5,3578,3,3,normal,normal,0,0
5,3579,2,2,injection,injection,1,1
5,3580,4,4,password,password,1,1
5,3581,3,3,normal,normal,0,0
5,3582,3,3,normal,normal,0,0
5,3583,3,3,normal,normal,0,0
5,3584,4,4,password,password,1,1
5,3585,3,3,normal,normal,0,0
5,3586,3,3,normal,normal,0,0
5,3587,3,3,normal,normal,0,0
5,3588,0,0,backdoor,backdoor,1,1
5,3589,0,0,backdoor,backdoor,1,1
5,3590,3,3,normal,normal,0,0
5,3591,3,3,normal,normal,0,0
5,3592,3,3,normal,normal,0,0
5,3593,3,3,normal,normal,0,0
5,3594,4,4,password,password,1,1
5,3595,2,2,injection,injection,1,1
5,3596,3,3,normal,normal,0,0
5,3597,3,3,normal,normal,0,0
5,3598,0,0,backdoor,backdoor,1,1
5,3599,4,4,password,password,1,1
5,3600,0,0,backdoor,backdoor,1,1
5,3601,2,2,injection,injection,1,1
5,3602,3,3,normal,normal,0,0
5,3603,0,0,backdoor,backdoor,1,1
5,3604,0,0,backdoor,backdoor,1,1
5,3605,3,3,normal,normal,0,0
5,3606,2,2,injection,injection,1,1
5,3607,3,3,normal,normal,0,0
5,3608,3,3,normal,normal,0,0
5,3609,3,3,normal,normal,0,0
5,3610,2,2,injection,injection,1,1
5,3611,3,3,normal,normal,0,0
5,3612,4,4,password,password,1,1
5,3613,2,2,injection,injection,1,1
5,3614,3,3,normal,normal,0,0
5,3615,2,2,injection,injection,1,1
5,3616,4,4,password,password,1,1
5,3617,4,4,password,password,1,1
5,3618,0,0,backdoor,backdoor,1,1
5,3619,4,4,password,password,1,1
5,3620,3,3,normal,normal,0,0
5,3621,4,4,password,password,1,1
5,3622,4,4,password,password,1,1
5,3623,3,3,normal,normal,0,0
5,3624,3,3,normal,normal,0,0
5,3625,3,3,normal,normal,0,0
5,3626,3,3,normal,normal,0,0
5,3627,2,2,injection,injection,1,1
5,3628,2,2,injection,injection,1,1
5,3629,2,2,injection,injection,1,1
5,3630,3,3,normal,normal,0,0
5,3631,4,4,password,password,1,1
5,3632,4,4,password,password,1,1
5,3633,3,3,normal,normal,0,0
5,3634,2,2,injection,injection,1,1
5,3635,4,4,password,password,1,1
5,3636,0,0,backdoor,backdoor,1,1
5,3637,3,3,normal,normal,0,0
5,3638,2,2,injection,injection,1,1
5,3639,3,3,normal,normal,0,0
5,3640,3,3,normal,normal,0,0
5,3641,3,3,normal,normal,0,0
5,3642,0,0,backdoor,backdoor,1,1
5,3643,3,3,normal,normal,0,0
5,3644,3,3,normal,normal,0,0
5,3645,2,2,injection,injection,1,1
5,3646,3,3,normal,normal,0,0
5,3647,2,2,injection,injection,1,1
5,3648,3,3,normal,normal,0,0
5,3649,4,4,password,password,1,1
5,3650,3,3,normal,normal,0,0
5,3651,3,3,normal,normal,0,0
5,3652,2,2,injection,injection,1,1
5,3653,3,3,normal,normal,0,0
5,3654,4,4,password,password,1,1
5,3655,3,3,normal,normal,0,0
5,3656,3,3,normal,normal,0,0
5,3657,2,2,injection,injection,1,1
5,3658,3,3,normal,normal,0,0
5,3659,0,0,backdoor,backdoor,1,1
5,3660,3,3,normal,normal,0,0
5,3661,0,0,backdoor,backdoor,1,1
5,3662,3,3,normal,normal,0,0
5,3663,3,3,normal,normal,0,0
5,3664,3,3,normal,normal,0,0
5,3665,3,3,normal,normal,0,0
5,3666,0,0,backdoor,backdoor,1,1
5,3667,0,0,backdoor,backdoor,1,1
5,3668,4,4,password,password,1,1
5,3669,3,3,normal,normal,0,0
5,3670,0,0,backdoor,backdoor,1,1
5,3671,3,3,normal,normal,0,0
5,3672,4,4,password,password,1,1
5,3673,0,0,backdoor,backdoor,1,1
5,3674,2,2,injection,injection,1,1
5,3675,3,3,normal,normal,0,0
5,3676,4,4,password,password,1,1
5,3677,3,3,normal,normal,0,0
5,3678,3,3,normal,normal,0,0
5,3679,0,2,backdoor,injection,1,1
5,3680,0,0,backdoor,backdoor,1,1
5,3681,2,2,injection,injection,1,1
5,3682,4,4,password,password,1,1
5,3683,3,3,normal,normal,0,0
5,3684,3,3,normal,normal,0,0
5,3685,3,3,normal,normal,0,0
5,3686,4,4,password,password,1,1
5,3687,2,2,injection,injection,1,1
5,3688,3,3,normal,normal,0,0
5,3689,3,3,normal,normal,0,0
5,3690,3,3,normal,normal,0,0
5,3691,0,0,backdoor,backdoor,1,1
5,3692,3,3,normal,normal,0,0
5,3693,3,3,normal,normal,0,0
5,3694,2,2,injection,injection,1,1
5,3695,3,3,normal,normal,0,0
5,3696,4,4,password,password,1,1
5,3697,3,3,normal,normal,0,0
5,3698,3,3,normal,normal,0,0
5,3699,3,3,normal,normal,0,0
5,3700,3,3,normal,normal,0,0
5,3701,2,2,injection,injection,1,1
5,3702,3,3,normal,normal,0,0
5,3703,4,4,password,password,1,1
5,3704,3,3,normal,normal,0,0
5,3705,3,3,normal,normal,0,0
5,3706,2,2,injection,injection,1,1
5,3707,4,4,password,password,1,1
5,3708,2,2,injection,injection,1,1
5,3709,2,2,injection,injection,1,1
5,3710,2,2,injection,injection,1,1
5,3711,3,3,normal,normal,0,0
5,3712,3,3,normal,normal,0,0
5,3713,3,3,normal,normal,0,0
5,3714,0,0,backdoor,backdoor,1,1
5,3715,0,0,backdoor,backdoor,1,1
5,3716,3,3,normal,normal,0,0
5,3717,3,3,normal,normal,0,0
5,3718,0,0,backdoor,backdoor,1,1
5,3719,3,3,normal,normal,0,0
5,3720,3,3,normal,normal,0,0
5,3721,3,3,normal,normal,0,0
5,3722,3,3,normal,normal,0,0
5,3723,3,3,normal,normal,0,0
5,3724,3,3,normal,normal,0,0
5,3725,3,3,normal,normal,0,0
5,3726,2,2,injection,injection,1,1
5,3727,3,3,normal,normal,0,0
5,3728,4,4,password,password,1,1
5,3729,4,4,password,password,1,1
5,3730,3,3,normal,normal,0,0
5,3731,3,3,normal,normal,0,0
5,3732,0,0,backdoor,backdoor,1,1
5,3733,4,4,password,password,1,1
5,3734,0,0,backdoor,backdoor,1,1
5,3735,0,0,backdoor,backdoor,1,1
5,3736,2,2,injection,injection,1,1
5,3737,2,2,injection,injection,1,1
5,3738,3,3,normal,normal,0,0
5,3739,3,3,normal,normal,0,0
5,3740,0,2,backdoor,injection,1,1
5,3741,0,0,backdoor,backdoor,1,1
5,3742,0,0,backdoor,backdoor,1,1
5,3743,4,4,password,password,1,1
5,3744,0,2,backdoor,injection,1,1
5,3745,2,2,injection,injection,1,1
5,3746,3,3,normal,normal,0,0
5,3747,3,3,normal,normal,0,0
5,3748,0,0,backdoor,backdoor,1,1
5,3749,0,0,backdoor,backdoor,1,1
5,3750,2,2,injection,injection,1,1
5,3751,3,3,normal,normal,0,0
5,3752,3,3,normal,normal,0,0
5,3753,3,3,normal,normal,0,0
5,3754,0,0,backdoor,backdoor,1,1
5,3755,3,3,normal,normal,0,0
5,3756,0,0,backdoor,backdoor,1,1
5,3757,4,4,password,password,1,1
5,3758,4,4,password,password,1,1
5,3759,4,4,password,password,1,1
5,3760,3,3,normal,normal,0,0
5,3761,3,3,normal,normal,0,0
5,3762,4,4,password,password,1,1
5,3763,0,0,backdoor,backdoor,1,1
5,3764,3,3,normal,normal,0,0
5,3765,2,2,injection,injection,1,1
5,3766,4,4,password,password,1,1
5,3767,0,0,backdoor,backdoor,1,1
5,3768,3,3,normal,normal,0,0
5,3769,3,3,normal,normal,0,0
5,3770,0,0,backdoor,backdoor,1,1
5,3771,3,3,normal,normal,0,0
5,3772,2,2,injection,injection,1,1
5,3773,3,3,normal,normal,0,0
5,3774,3,3,normal,normal,0,0
5,3775,3,3,normal,normal,0,0
5,3776,3,3,normal,normal,0,0
5,3777,3,3,normal,normal,0,0
5,3778,3,3,normal,normal,0,0
5,3779,4,4,password,password,1,1
5,3780,3,3,normal,normal,0,0
5,3781,0,0,backdoor,backdoor,1,1
5,3782,4,4,password,password,1,1
5,3783,2,2,injection,injection,1,1
5,3784,0,0,backdoor,backdoor,1,1
5,3785,3,3,normal,normal,0,0
5,3786,3,3,normal,normal,0,0
5,3787,3,3,normal,normal,0,0
5,3788,3,3,normal,normal,0,0
5,3789,0,0,backdoor,backdoor,1,1
5,3790,4,4,password,password,1,1
5,3791,4,4,password,password,1,1
5,3792,3,3,normal,normal,0,0
5,3793,3,3,normal,normal,0,0
5,3794,4,4,password,password,1,1
5,3795,0,0,backdoor,backdoor,1,1
5,3796,0,0,backdoor,backdoor,1,1
5,3797,3,3,normal,normal,0,0
5,3798,3,3,normal,normal,0,0
5,3799,3,3,normal,normal,0,0
5,3800,3,3,normal,normal,0,0
5,3801,4,4,password,password,1,1
5,3802,3,3,normal,normal,0,0
5,3803,0,0,backdoor,backdoor,1,1
5,3804,4,4,password,password,1,1
5,3805,3,3,normal,normal,0,0
5,3806,4,4,password,password,1,1
5,3807,3,3,normal,normal,0,0
5,3808,2,2,injection,injection,1,1
5,3809,3,3,normal,normal,0,0
5,3810,3,3,normal,normal,0,0
5,3811,4,4,password,password,1,1
5,3812,2,2,injection,injection,1,1
5,3813,2,2,injection,injection,1,1
5,3814,0,0,backdoor,backdoor,1,1
5,3815,4,4,password,password,1,1
5,3816,3,3,normal,normal,0,0
5,3817,4,4,password,password,1,1
5,3818,2,2,injection,injection,1,1
5,3819,0,0,backdoor,backdoor,1,1
5,3820,3,3,normal,normal,0,0
5,3821,2,2,injection,injection,1,1
5,3822,4,4,password,password,1,1
5,3823,3,3,normal,normal,0,0
5,3824,3,3,normal,normal,0,0
5,3825,3,3,normal,normal,0,0
5,3826,0,0,backdoor,backdoor,1,1
5,3827,0,2,backdoor,injection,1,1
5,3828,4,4,password,password,1,1
5,3829,0,0,backdoor,backdoor,1,1
5,3830,0,2,backdoor,injection,1,1
5,3831,3,3,normal,normal,0,0
5,3832,3,3,normal,normal,0,0
5,3833,3,3,normal,normal,0,0
5,3834,3,3,normal,normal,0,0
5,3835,4,4,password,password,1,1
5,3836,4,4,password,password,1,1
5,3837,2,2,injection,injection,1,1
5,3838,3,3,normal,normal,0,0
5,3839,4,4,password,password,1,1
5,3840,3,3,normal,normal,0,0
5,3841,3,3,normal,normal,0,0
5,3842,3,3,normal,normal,0,0
5,3843,3,3,normal,normal,0,0
5,3844,0,0,backdoor,backdoor,1,1
5,3845,3,3,normal,normal,0,0
5,3846,4,4,password,password,1,1
5,3847,2,2,injection,injection,1,1
5,3848,3,3,normal,normal,0,0
5,3849,3,3,normal,normal,0,0
5,3850,3,3,normal,normal,0,0
5,3851,0,2,backdoor,injection,1,1
5,3852,2,2,injection,injection,1,1
5,3853,0,0,backdoor,backdoor,1,1
5,3854,4,4,password,password,1,1
5,3855,3,3,normal,normal,0,0
5,3856,3,3,normal,normal,0,0
5,3857,0,0,backdoor,backdoor,1,1
5,3858,0,0,backdoor,backdoor,1,1
5,3859,3,3,normal,normal,0,0
5,3860,4,4,password,password,1,1
5,3861,3,3,normal,normal,0,0
5,3862,2,2,injection,injection,1,1
5,3863,2,2,injection,injection,1,1
5,3864,0,0,backdoor,backdoor,1,1
5,3865,4,4,password,password,1,1
5,3866,3,3,normal,normal,0,0
5,3867,0,0,backdoor,backdoor,1,1
5,3868,4,4,password,password,1,1
5,3869,3,3,normal,normal,0,0
5,3870,2,2,injection,injection,1,1
5,3871,0,0,backdoor,backdoor,1,1
5,3872,3,3,normal,normal,0,0
5,3873,2,2,injection,injection,1,1
5,3874,4,4,password,password,1,1
5,3875,3,3,normal,normal,0,0
5,3876,4,4,password,password,1,1
5,3877,3,3,normal,normal,0,0
5,3878,3,3,normal,normal,0,0
5,3879,3,3,normal,normal,0,0
5,3880,3,3,normal,normal,0,0
5,3881,3,3,normal,normal,0,0
5,3882,0,0,backdoor,backdoor,1,1
5,3883,3,3,normal,normal,0,0
5,3884,3,3,normal,normal,0,0
5,3885,0,0,backdoor,backdoor,1,1
5,3886,3,3,normal,normal,0,0
5,3887,2,2,injection,injection,1,1
5,3888,3,3,normal,normal,0,0
5,3889,4,4,password,password,1,1
5,3890,0,0,backdoor,backdoor,1,1
5,3891,0,0,backdoor,backdoor,1,1
5,3892,4,4,password,password,1,1
5,3893,3,3,normal,normal,0,0
5,3894,0,0,backdoor,backdoor,1,1
5,3895,2,2,injection,injection,1,1
5,3896,0,0,backdoor,backdoor,1,1
5,3897,0,0,backdoor,backdoor,1,1
5,3898,3,3,normal,normal,0,0
5,3899,2,2,injection,injection,1,1
5,3900,4,4,password,password,1,1
5,3901,3,3,normal,normal,0,0
5,3902,3,3,normal,normal,0,0
5,3903,2,2,injection,injection,1,1
5,3904,3,3,normal,normal,0,0
5,3905,0,0,backdoor,backdoor,1,1
5,3906,2,2,injection,injection,1,1
5,3907,3,3,normal,normal,0,0
5,3908,3,3,normal,normal,0,0
5,3909,3,3,normal,normal,0,0
5,3910,3,3,normal,normal,0,0
5,3911,3,3,normal,normal,0,0
5,3912,3,3,normal,normal,0,0
5,3913,3,3,normal,normal,0,0
5,3914,3,3,normal,normal,0,0
5,3915,3,3,normal,normal,0,0
5,3916,3,3,normal,normal,0,0
5,3917,3,3,normal,normal,0,0
5,3918,3,3,normal,normal,0,0
5,3919,3,3,normal,normal,0,0
5,3920,3,3,normal,normal,0,0
5,3921,3,3,normal,normal,0,0
5,3922,2,2,injection,injection,1,1
5,3923,0,0,backdoor,backdoor,1,1
5,3924,2,2,injection,injection,1,1
5,3925,4,4,password,password,1,1
5,3926,3,3,normal,normal,0,0
5,3927,2,2,injection,injection,1,1
5,3928,3,3,normal,normal,0,0
5,3929,0,0,backdoor,backdoor,1,1
5,3930,2,2,injection,injection,1,1
5,3931,2,2,injection,injection,1,1
5,3932,0,0,backdoor,backdoor,1,1
5,3933,3,3,normal,normal,0,0
5,3934,3,3,normal,normal,0,0
5,3935,4,4,password,password,1,1
5,3936,2,2,injection,injection,1,1
5,3937,0,0,backdoor,backdoor,1,1
5,3938,3,3,normal,normal,0,0
5,3939,3,3,normal,normal,0,0
5,3940,3,3,normal,normal,0,0
5,3941,4,4,password,password,1,1
5,3942,3,3,normal,normal,0,0
5,3943,3,3,normal,normal,0,0
5,3944,3,3,normal,normal,0,0
5,3945,0,0,backdoor,backdoor,1,1
5,3946,2,2,injection,injection,1,1
5,3947,4,4,password,password,1,1
5,3948,3,3,normal,normal,0,0
5,3949,3,3,normal,normal,0,0
5,3950,0,0,backdoor,backdoor,1,1
5,3951,0,0,backdoor,backdoor,1,1
5,3952,3,3,normal,normal,0,0
5,3953,0,0,backdoor,backdoor,1,1
5,3954,3,3,normal,normal,0,0
5,3955,4,4,password,password,1,1
5,3956,3,3,normal,normal,0,0
5,3957,4,4,password,password,1,1
5,3958,2,2,injection,injection,1,1
5,3959,3,3,normal,normal,0,0
5,3960,3,3,normal,normal,0,0
5,3961,0,0,backdoor,backdoor,1,1
5,3962,3,3,normal,normal,0,0
5,3963,2,2,injection,injection,1,1
5,3964,3,3,normal,normal,0,0
5,3965,2,2,injection,injection,1,1
5,3966,3,3,normal,normal,0,0
5,3967,3,3,normal,normal,0,0
5,3968,2,2,injection,injection,1,1
5,3969,0,0,backdoor,backdoor,1,1
5,3970,3,3,normal,normal,0,0
5,3971,4,4,password,password,1,1
5,3972,2,2,injection,injection,1,1
5,3973,0,0,backdoor,backdoor,1,1
5,3974,3,3,normal,normal,0,0
5,3975,3,3,normal,normal,0,0
5,3976,0,0,backdoor,backdoor,1,1
5,3977,2,2,injection,injection,1,1
5,3978,4,4,password,password,1,1
5,3979,3,3,normal,normal,0,0
5,3980,0,0,backdoor,backdoor,1,1
5,3981,3,3,normal,normal,0,0
5,3982,3,3,normal,normal,0,0
5,3983,3,3,normal,normal,0,0
5,3984,2,2,injection,injection,1,1
5,3985,2,2,injection,injection,1,1
5,3986,3,3,normal,normal,0,0
5,3987,3,3,normal,normal,0,0
5,3988,3,3,normal,normal,0,0
5,3989,3,3,normal,normal,0,0
5,3990,2,2,injection,injection,1,1
5,3991,4,4,password,password,1,1
5,3992,3,3,normal,normal,0,0
5,3993,3,3,normal,normal,0,0
5,3994,4,4,password,password,1,1
5,3995,3,3,normal,normal,0,0
5,3996,2,2,injection,injection,1,1
5,3997,3,3,normal,normal,0,0
5,3998,3,3,normal,normal,0,0
5,3999,3,3,normal,normal,0,0
5,4000,3,3,normal,normal,0,0
5,4001,3,3,normal,normal,0,0
5,4002,3,3,normal,normal,0,0
5,4003,0,2,backdoor,injection,1,1
5,4004,2,2,injection,injection,1,1
5,4005,3,3,normal,normal,0,0
5,4006,4,4,password,password,1,1
5,4007,3,3,normal,normal,0,0
5,4008,4,4,password,password,1,1
5,4009,3,3,normal,normal,0,0
5,4010,2,2,injection,injection,1,1
5,4011,0,0,backdoor,backdoor,1,1
5,4012,3,3,normal,normal,0,0
5,4013,3,3,normal,normal,0,0
5,4014,3,3,normal,normal,0,0
5,4015,2,2,injection,injection,1,1
5,4016,3,3,normal,normal,0,0
5,4017,3,3,normal,normal,0,0
5,4018,0,0,backdoor,backdoor,1,1
5,4019,3,3,normal,normal,0,0
5,4020,2,2,injection,injection,1,1
5,4021,4,4,password,password,1,1
5,4022,4,4,password,password,1,1
5,4023,3,3,normal,normal,0,0
5,4024,4,4,password,password,1,1
5,4025,0,0,backdoor,backdoor,1,1
5,4026,3,3,normal,normal,0,0
5,4027,3,3,normal,normal,0,0
5,4028,3,3,normal,normal,0,0
5,4029,3,3,normal,normal,0,0
5,4030,3,3,normal,normal,0,0
5,4031,3,3,normal,normal,0,0
5,4032,3,3,normal,normal,0,0
5,4033,0,0,backdoor,backdoor,1,1
5,4034,0,0,backdoor,backdoor,1,1
5,4035,0,0,backdoor,backdoor,1,1
5,4036,0,0,backdoor,backdoor,1,1
5,4037,3,3,normal,normal,0,0
5,4038,4,4,password,password,1,1
5,4039,3,3,normal,normal,0,0
5,4040,3,3,normal,normal,0,0
5,4041,4,4,password,password,1,1
5,4042,4,4,password,password,1,1
5,4043,3,3,normal,normal,0,0
5,4044,2,2,injection,injection,1,1
5,4045,4,4,password,password,1,1
5,4046,2,2,injection,injection,1,1
5,4047,2,2,injection,injection,1,1
5,4048,3,3,normal,normal,0,0
5,4049,4,4,password,password,1,1
5,4050,3,3,normal,normal,0,0
5,4051,4,4,password,password,1,1
5,4052,3,3,normal,normal,0,0
5,4053,3,3,normal,normal,0,0
5,4054,3,3,normal,normal,0,0
5,4055,3,3,normal,normal,0,0
5,4056,3,3,normal,normal,0,0
5,4057,4,4,password,password,1,1
5,4058,3,3,normal,normal,0,0
5,4059,4,4,password,password,1,1
5,4060,0,0,backdoor,backdoor,1,1
5,4061,4,4,password,password,1,1
5,4062,3,3,normal,normal,0,0
5,4063,0,0,backdoor,backdoor,1,1
5,4064,0,0,backdoor,backdoor,1,1
5,4065,4,4,password,password,1,1
5,4066,2,2,injection,injection,1,1
5,4067,0,0,backdoor,backdoor,1,1
5,4068,0,0,backdoor,backdoor,1,1
5,4069,2,2,injection,injection,1,1
5,4070,3,3,normal,normal,0,0
5,4071,4,4,password,password,1,1
5,4072,3,3,normal,normal,0,0
5,4073,4,4,password,password,1,1
5,4074,3,3,normal,normal,0,0
5,4075,3,3,normal,normal,0,0
5,4076,3,3,normal,normal,0,0
5,4077,4,4,password,password,1,1
5,4078,0,0,backdoor,backdoor,1,1
5,4079,0,0,backdoor,backdoor,1,1
5,4080,4,4,password,password,1,1
5,4081,3,3,normal,normal,0,0
5,4082,3,3,normal,normal,0,0
5,4083,4,4,password,password,1,1
5,4084,3,3,normal,normal,0,0
5,4085,3,3,normal,normal,0,0
5,4086,2,2,injection,injection,1,1
5,4087,3,3,normal,normal,0,0
5,4088,0,0,backdoor,backdoor,1,1
5,4089,2,2,injection,injection,1,1
5,4090,3,3,normal,normal,0,0
5,4091,0,0,backdoor,backdoor,1,1
5,4092,2,2,injection,injection,1,1
5,4093,3,3,normal,normal,0,0
5,4094,2,2,injection,injection,1,1
5,4095,0,0,backdoor,backdoor,1,1
5,4096,4,4,password,password,1,1
5,4097,0,2,backdoor,injection,1,1
5,4098,4,4,password,password,1,1
5,4099,0,0,backdoor,backdoor,1,1
5,4100,0,0,backdoor,backdoor,1,1
5,4101,2,2,injection,injection,1,1
5,4102,0,0,backdoor,backdoor,1,1
5,4103,4,4,password,password,1,1
5,4104,3,3,normal,normal,0,0
5,4105,2,2,injection,injection,1,1
5,4106,0,0,backdoor,backdoor,1,1
5,4107,3,3,normal,normal,0,0
5,4108,2,2,injection,injection,1,1
5,4109,0,0,backdoor,backdoor,1,1
5,4110,0,0,backdoor,backdoor,1,1
5,4111,2,2,injection,injection,1,1
5,4112,3,3,normal,normal,0,0
5,4113,3,3,normal,normal,0,0
5,4114,2,2,injection,injection,1,1
5,4115,3,3,normal,normal,0,0
5,4116,3,3,normal,normal,0,0
5,4117,3,3,normal,normal,0,0
5,4118,3,3,normal,normal,0,0
5,4119,2,2,injection,injection,1,1
5,4120,0,0,backdoor,backdoor,1,1
5,4121,0,2,backdoor,injection,1,1
5,4122,3,3,normal,normal,0,0
5,4123,0,2,backdoor,injection,1,1
5,4124,4,4,password,password,1,1
5,4125,4,4,password,password,1,1
5,4126,3,3,normal,normal,0,0
5,4127,4,4,password,password,1,1
5,4128,3,3,normal,normal,0,0
5,4129,2,2,injection,injection,1,1
5,4130,4,4,password,password,1,1
5,4131,2,2,injection,injection,1,1
5,4132,3,3,normal,normal,0,0
5,4133,4,4,password,password,1,1
5,4134,3,3,normal,normal,0,0
5,4135,2,2,injection,injection,1,1
5,4136,3,3,normal,normal,0,0
5,4137,3,3,normal,normal,0,0
5,4138,4,4,password,password,1,1
5,4139,3,3,normal,normal,0,0
5,4140,4,4,password,password,1,1
5,4141,0,0,backdoor,backdoor,1,1
5,4142,4,4,password,password,1,1
5,4143,2,2,injection,injection,1,1
5,4144,3,3,normal,normal,0,0
5,4145,3,3,normal,normal,0,0
5,4146,3,3,normal,normal,0,0
5,4147,3,3,normal,normal,0,0
5,4148,0,0,backdoor,backdoor,1,1
5,4149,3,3,normal,normal,0,0
5,4150,3,3,normal,normal,0,0
5,4151,3,3,normal,normal,0,0
5,4152,3,3,normal,normal,0,0
5,4153,3,3,normal,normal,0,0
5,4154,3,3,normal,normal,0,0
5,4155,0,0,backdoor,backdoor,1,1
5,4156,3,3,normal,normal,0,0
5,4157,3,3,normal,normal,0,0
5,4158,3,3,normal,normal,0,0
5,4159,3,3,normal,normal,0,0
5,4160,3,3,normal,normal,0,0
5,4161,2,2,injection,injection,1,1
5,4162,3,3,normal,normal,0,0
5,4163,0,0,backdoor,backdoor,1,1
5,4164,3,3,normal,normal,0,0
5,4165,0,0,backdoor,backdoor,1,1
5,4166,0,0,backdoor,backdoor,1,1
5,4167,3,3,normal,normal,0,0
5,4168,0,0,backdoor,backdoor,1,1
5,4169,2,2,injection,injection,1,1
5,4170,0,0,backdoor,backdoor,1,1
5,4171,2,2,injection,injection,1,1
5,4172,3,3,normal,normal,0,0
5,4173,4,4,password,password,1,1
5,4174,4,4,password,password,1,1
5,4175,0,0,backdoor,backdoor,1,1
5,4176,0,0,backdoor,backdoor,1,1
5,4177,3,3,normal,normal,0,0
5,4178,4,4,password,password,1,1
5,4179,3,3,normal,normal,0,0
5,4180,3,3,normal,normal,0,0
5,4181,3,3,normal,normal,0,0
5,4182,0,0,backdoor,backdoor,1,1
5,4183,0,0,backdoor,backdoor,1,1
5,4184,4,4,password,password,1,1
5,4185,3,3,normal,normal,0,0
5,4186,3,3,normal,normal,0,0
5,4187,0,0,backdoor,backdoor,1,1
5,4188,3,3,normal,normal,0,0
5,4189,3,3,normal,normal,0,0
5,4190,4,4,password,password,1,1
5,4191,3,3,normal,normal,0,0
5,4192,4,4,password,password,1,1
5,4193,2,2,injection,injection,1,1
5,4194,0,2,backdoor,injection,1,1
5,4195,3,3,normal,normal,0,0
5,4196,3,3,normal,normal,0,0
5,4197,2,2,injection,injection,1,1
5,4198,2,2,injection,injection,1,1
5,4199,3,3,normal,normal,0,0
5,4200,3,3,normal,normal,0,0
5,4201,3,3,normal,normal,0,0
5,4202,3,3,normal,normal,0,0
5,4203,3,3,normal,normal,0,0
5,4204,2,2,injection,injection,1,1
5,4205,0,0,backdoor,backdoor,1,1
5,4206,3,3,normal,normal,0,0
5,4207,3,3,normal,normal,0,0
5,4208,3,3,normal,normal,0,0
5,4209,0,2,backdoor,injection,1,1
5,4210,3,3,normal,normal,0,0
5,4211,3,3,normal,normal,0,0
5,4212,3,3,normal,normal,0,0
5,4213,0,2,backdoor,injection,1,1
5,4214,3,3,normal,normal,0,0
5,4215,3,3,normal,normal,0,0
5,4216,4,4,password,password,1,1
5,4217,0,0,backdoor,backdoor,1,1
5,4218,0,0,backdoor,backdoor,1,1
5,4219,3,3,normal,normal,0,0
5,4220,3,3,normal,normal,0,0
5,4221,4,4,password,password,1,1
5,4222,3,3,normal,normal,0,0
5,4223,3,3,normal,normal,0,0
5,4224,3,3,normal,normal,0,0
5,4225,3,3,normal,normal,0,0
5,4226,2,2,injection,injection,1,1
5,4227,3,3,normal,normal,0,0
5,4228,4,4,password,password,1,1
5,4229,3,3,normal,normal,0,0
5,4230,3,3,normal,normal,0,0
5,4231,3,3,normal,normal,0,0
5,4232,0,0,backdoor,backdoor,1,1
5,4233,3,3,normal,normal,0,0
5,4234,4,4,password,password,1,1
5,4235,3,3,normal,normal,0,0
5,4236,2,2,injection,injection,1,1
5,4237,0,0,backdoor,backdoor,1,1
5,4238,0,0,backdoor,backdoor,1,1
5,4239,4,4,password,password,1,1
5,4240,3,3,normal,normal,0,0
5,4241,0,0,backdoor,backdoor,1,1
5,4242,4,4,password,password,1,1
5,4243,3,3,normal,normal,0,0
5,4244,3,3,normal,normal,0,0
5,4245,3,3,normal,normal,0,0
5,4246,3,3,normal,normal,0,0
5,4247,2,2,injection,injection,1,1
5,4248,3,3,normal,normal,0,0
5,4249,0,0,backdoor,backdoor,1,1
5,4250,3,3,normal,normal,0,0
5,4251,2,2,injection,injection,1,1
5,4252,3,3,normal,normal,0,0
5,4253,4,4,password,password,1,1
5,4254,4,4,password,password,1,1
5,4255,3,3,normal,normal,0,0
5,4256,2,2,injection,injection,1,1
5,4257,3,3,normal,normal,0,0
5,4258,3,3,normal,normal,0,0
5,4259,2,2,injection,injection,1,1
5,4260,3,3,normal,normal,0,0
5,4261,0,0,backdoor,backdoor,1,1
5,4262,0,0,backdoor,backdoor,1,1
5,4263,3,3,normal,normal,0,0
5,4264,4,4,password,password,1,1
5,4265,4,4,password,password,1,1
5,4266,0,0,backdoor,backdoor,1,1
5,4267,3,3,normal,normal,0,0
5,4268,2,2,injection,injection,1,1
5,4269,3,3,normal,normal,0,0
5,4270,2,2,injection,injection,1,1
5,4271,3,3,normal,normal,0,0
5,4272,3,3,normal,normal,0,0
5,4273,2,2,injection,injection,1,1
5,4274,3,3,normal,normal,0,0
5,4275,2,2,injection,injection,1,1
5,4276,2,2,injection,injection,1,1
5,4277,3,3,normal,normal,0,0
5,4278,0,0,backdoor,backdoor,1,1
5,4279,3,3,normal,normal,0,0
5,4280,2,2,injection,injection,1,1
5,4281,4,4,password,password,1,1
5,4282,4,4,password,password,1,1
5,4283,2,2,injection,injection,1,1
5,4284,3,3,normal,normal,0,0
5,4285,4,4,password,password,1,1
5,4286,3,3,normal,normal,0,0
5,4287,3,3,normal,normal,0,0
5,4288,4,4,password,password,1,1
5,4289,3,3,normal,normal,0,0
5,4290,2,2,injection,injection,1,1
5,4291,3,3,normal,normal,0,0
5,4292,3,3,normal,normal,0,0
5,4293,2,2,injection,injection,1,1
5,4294,2,2,injection,injection,1,1
5,4295,3,3,normal,normal,0,0
5,4296,3,3,normal,normal,0,0
5,4297,3,3,normal,normal,0,0
5,4298,2,2,injection,injection,1,1
5,4299,4,4,password,password,1,1
5,4300,0,0,backdoor,backdoor,1,1
5,4301,2,2,injection,injection,1,1
5,4302,3,3,normal,normal,0,0
5,4303,3,3,normal,normal,0,0
5,4304,3,3,normal,normal,0,0
5,4305,0,0,backdoor,backdoor,1,1
5,4306,3,3,normal,normal,0,0
5,4307,2,2,injection,injection,1,1
5,4308,4,4,password,password,1,1
5,4309,3,3,normal,normal,0,0
5,4310,3,3,normal,normal,0,0
5,4311,3,3,normal,normal,0,0
5,4312,3,3,normal,normal,0,0
5,4313,4,4,password,password,1,1
5,4314,3,3,normal,normal,0,0
5,4315,2,2,injection,injection,1,1
5,4316,3,3,normal,normal,0,0
5,4317,3,3,normal,normal,0,0
5,4318,2,2,injection,injection,1,1
5,4319,3,3,normal,normal,0,0
5,4320,3,3,normal,normal,0,0
5,4321,4,4,password,password,1,1
5,4322,2,2,injection,injection,1,1
5,4323,4,4,password,password,1,1
5,4324,3,3,normal,normal,0,0
5,4325,3,3,normal,normal,0,0
5,4326,2,2,injection,injection,1,1
5,4327,4,4,password,password,1,1
5,4328,2,2,injection,injection,1,1
5,4329,4,4,password,password,1,1
5,4330,2,2,injection,injection,1,1
5,4331,3,3,normal,normal,0,0
5,4332,4,4,password,password,1,1
5,4333,4,4,password,password,1,1
5,4334,3,3,normal,normal,0,0
5,4335,3,3,normal,normal,0,0
5,4336,4,4,password,password,1,1
5,4337,4,4,password,password,1,1
5,4338,3,3,normal,normal,0,0
5,4339,4,4,password,password,1,1
5,4340,2,2,injection,injection,1,1
5,4341,3,3,normal,normal,0,0
5,4342,3,3,normal,normal,0,0
5,4343,0,2,backdoor,injection,1,1
5,4344,3,3,normal,normal,0,0
5,4345,2,2,injection,injection,1,1
5,4346,4,4,password,password,1,1
5,4347,2,2,injection,injection,1,1
5,4348,2,2,injection,injection,1,1
5,4349,4,4,password,password,1,1
5,4350,4,4,password,password,1,1
5,4351,3,3,normal,normal,0,0
5,4352,0,0,backdoor,backdoor,1,1
5,4353,3,3,normal,normal,0,0
5,4354,4,4,password,password,1,1
5,4355,3,3,normal,normal,0,0
5,4356,2,2,injection,injection,1,1
5,4357,2,2,injection,injection,1,1
5,4358,3,3,normal,normal,0,0
5,4359,3,3,normal,normal,0,0
5,4360,3,3,normal,normal,0,0
5,4361,2,2,injection,injection,1,1
5,4362,3,3,normal,normal,0,0
5,4363,2,2,injection,injection,1,1
5,4364,3,3,normal,normal,0,0
5,4365,2,2,injection,injection,1,1
5,4366,4,4,password,password,1,1
5,4367,3,3,normal,normal,0,0
5,4368,3,3,normal,normal,0,0
5,4369,0,0,backdoor,backdoor,1,1
5,4370,0,0,backdoor,backdoor,1,1
5,4371,3,3,normal,normal,0,0
5,4372,4,4,password,password,1,1
5,4373,3,3,normal,normal,0,0
5,4374,4,4,password,password,1,1
5,4375,3,3,normal,normal,0,0
5,4376,2,2,injection,injection,1,1
5,4377,3,3,normal,normal,0,0
5,4378,3,3,normal,normal,0,0
5,4379,3,3,normal,normal,0,0
5,4380,3,3,normal,normal,0,0
5,4381,4,4,password,password,1,1
5,4382,4,4,password,password,1,1
5,4383,0,0,backdoor,backdoor,1,1
5,4384,4,4,password,password,1,1
5,4385,3,3,normal,normal,0,0
5,4386,0,0,backdoor,backdoor,1,1
5,4387,3,3,normal,normal,0,0
5,4388,3,3,normal,normal,0,0
5,4389,4,4,password,password,1,1
5,4390,3,3,normal,normal,0,0
5,4391,3,3,normal,normal,0,0
5,4392,3,3,normal,normal,0,0
5,4393,4,4,password,password,1,1
5,4394,3,3,normal,normal,0,0
5,4395,0,0,backdoor,backdoor,1,1
5,4396,3,3,normal,normal,0,0
5,4397,0,0,backdoor,backdoor,1,1
5,4398,3,3,normal,normal,0,0
5,4399,3,3,normal,normal,0,0
5,4400,2,2,injection,injection,1,1
5,4401,3,3,normal,normal,0,0
5,4402,4,4,password,password,1,1
5,4403,4,4,password,password,1,1
5,4404,0,0,backdoor,backdoor,1,1
5,4405,2,2,injection,injection,1,1
5,4406,0,0,backdoor,backdoor,1,1
5,4407,3,3,normal,normal,0,0
5,4408,3,3,normal,normal,0,0
5,4409,0,0,backdoor,backdoor,1,1
5,4410,3,3,normal,normal,0,0
5,4411,2,2,injection,injection,1,1
5,4412,3,3,normal,normal,0,0
5,4413,0,0,backdoor,backdoor,1,1
5,4414,2,2,injection,injection,1,1
5,4415,3,3,normal,normal,0,0
5,4416,3,3,normal,normal,0,0
5,4417,0,0,backdoor,backdoor,1,1
5,4418,0,0,backdoor,backdoor,1,1
5,4419,3,3,normal,normal,0,0
5,4420,3,3,normal,normal,0,0
5,4421,3,3,normal,normal,0,0
5,4422,0,2,backdoor,injection,1,1
5,4423,3,3,normal,normal,0,0
5,4424,3,3,normal,normal,0,0
5,4425,4,4,password,password,1,1
5,4426,3,3,normal,normal,0,0
5,4427,0,2,backdoor,injection,1,1
5,4428,4,4,password,password,1,1
5,4429,3,3,normal,normal,0,0
5,4430,3,3,normal,normal,0,0
5,4431,3,3,normal,normal,0,0
5,4432,4,4,password,password,1,1
5,4433,3,3,normal,normal,0,0
5,4434,3,3,normal,normal,0,0
5,4435,3,3,normal,normal,0,0
5,4436,4,4,password,password,1,1
5,4437,4,4,password,password,1,1
5,4438,3,3,normal,normal,0,0
5,4439,4,4,password,password,1,1
5,4440,3,3,normal,normal,0,0
5,4441,3,3,normal,normal,0,0
5,4442,3,3,normal,normal,0,0
5,4443,4,4,password,password,1,1
5,4444,4,4,password,password,1,1
5,4445,2,2,injection,injection,1,1
5,4446,3,3,normal,normal,0,0
5,4447,3,3,normal,normal,0,0
5,4448,4,4,password,password,1,1
5,4449,0,0,backdoor,backdoor,1,1
5,4450,0,0,backdoor,backdoor,1,1
5,4451,3,3,normal,normal,0,0
5,4452,3,3,normal,normal,0,0
5,4453,0,2,backdoor,injection,1,1
5,4454,4,4,password,password,1,1
5,4455,3,3,normal,normal,0,0
5,4456,2,2,injection,injection,1,1
5,4457,3,3,normal,normal,0,0
5,4458,3,3,normal,normal,0,0
5,4459,4,4,password,password,1,1
5,4460,3,3,normal,normal,0,0
5,4461,3,3,normal,normal,0,0
5,4462,2,2,injection,injection,1,1
5,4463,2,2,injection,injection,1,1
5,4464,2,2,injection,injection,1,1
5,4465,3,3,normal,normal,0,0
5,4466,0,0,backdoor,backdoor,1,1
5,4467,3,3,normal,normal,0,0
5,4468,2,2,injection,injection,1,1
5,4469,3,3,normal,normal,0,0
5,4470,3,3,normal,normal,0,0
5,4471,3,3,normal,normal,0,0
5,4472,2,2,injection,injection,1,1
5,4473,2,2,injection,injection,1,1
5,4474,3,3,normal,normal,0,0
5,4475,4,4,password,password,1,1
5,4476,4,4,password,password,1,1
5,4477,2,2,injection,injection,1,1
5,4478,3,3,normal,normal,0,0
5,4479,4,4,password,password,1,1
5,4480,2,2,injection,injection,1,1
5,4481,3,3,normal,normal,0,0
5,4482,0,2,backdoor,injection,1,1
5,4483,3,3,normal,normal,0,0
5,4484,2,2,injection,injection,1,1
5,4485,2,2,injection,injection,1,1
5,4486,2,2,injection,injection,1,1
5,4487,3,3,normal,normal,0,0
5,4488,4,4,password,password,1,1
5,4489,2,2,injection,injection,1,1
5,4490,3,3,normal,normal,0,0
5,4491,0,2,backdoor,injection,1,1
5,4492,3,3,normal,normal,0,0
5,4493,3,3,normal,normal,0,0
5,4494,2,2,injection,injection,1,1
5,4495,0,0,backdoor,backdoor,1,1
5,4496,3,3,normal,normal,0,0
5,4497,0,0,backdoor,backdoor,1,1
5,4498,3,3,normal,normal,0,0
5,4499,3,3,normal,normal,0,0
5,4500,3,3,normal,normal,0,0
5,4501,4,4,password,password,1,1
5,4502,0,0,backdoor,backdoor,1,1
5,4503,4,4,password,password,1,1
5,4504,3,3,normal,normal,0,0
5,4505,3,3,normal,normal,0,0
5,4506,3,3,normal,normal,0,0
5,4507,2,2,injection,injection,1,1
5,4508,3,3,normal,normal,0,0
5,4509,0,0,backdoor,backdoor,1,1
5,4510,3,3,normal,normal,0,0
5,4511,0,0,backdoor,backdoor,1,1
5,4512,4,4,password,password,1,1
5,4513,4,4,password,password,1,1
5,4514,4,4,password,password,1,1
5,4515,4,4,password,password,1,1
5,4516,3,3,normal,normal,0,0
5,4517,3,3,normal,normal,0,0
5,4518,3,3,normal,normal,0,0
5,4519,2,2,injection,injection,1,1
5,4520,3,3,normal,normal,0,0
5,4521,3,3,normal,normal,0,0
5,4522,0,0,backdoor,backdoor,1,1
5,4523,0,2,backdoor,injection,1,1
5,4524,2,2,injection,injection,1,1
5,4525,3,3,normal,normal,0,0
5,4526,2,2,injection,injection,1,1
5,4527,3,3,normal,normal,0,0
5,4528,3,3,normal,normal,0,0
5,4529,2,2,injection,injection,1,1
5,4530,3,3,normal,normal,0,0
5,4531,0,0,backdoor,backdoor,1,1
5,4532,3,3,normal,normal,0,0
5,4533,0,0,backdoor,backdoor,1,1
5,4534,3,3,normal,normal,0,0
5,4535,0,0,backdoor,backdoor,1,1
5,4536,2,2,injection,injection,1,1
5,4537,3,3,normal,normal,0,0
5,4538,3,3,normal,normal,0,0
5,4539,4,4,password,password,1,1
5,4540,3,3,normal,normal,0,0
5,4541,4,4,password,password,1,1
5,4542,4,4,password,password,1,1
5,4543,4,4,password,password,1,1
5,4544,3,3,normal,normal,0,0
5,4545,4,4,password,password,1,1
5,4546,3,3,normal,normal,0,0
5,4547,3,3,normal,normal,0,0
5,4548,3,3,normal,normal,0,0
5,4549,3,3,normal,normal,0,0
5,4550,0,0,backdoor,backdoor,1,1
5,4551,3,3,normal,normal,0,0
5,4552,2,2,injection,injection,1,1
5,4553,2,2,injection,injection,1,1
5,4554,3,3,normal,normal,0,0
5,4555,3,3,normal,normal,0,0
5,4556,2,2,injection,injection,1,1
5,4557,4,4,password,password,1,1
5,4558,4,4,password,password,1,1
5,4559,3,3,normal,normal,0,0
5,4560,3,3,normal,normal,0,0
5,4561,3,3,normal,normal,0,0
5,4562,3,3,normal,normal,0,0
5,4563,0,0,backdoor,backdoor,1,1
5,4564,3,3,normal,normal,0,0
5,4565,3,3,normal,normal,0,0
5,4566,2,2,injection,injection,1,1
5,4567,3,3,normal,normal,0,0
5,4568,4,4,password,password,1,1
5,4569,3,3,normal,normal,0,0
5,4570,0,0,backdoor,backdoor,1,1
5,4571,0,0,backdoor,backdoor,1,1
5,4572,0,0,backdoor,backdoor,1,1
5,4573,3,3,normal,normal,0,0
5,4574,3,3,normal,normal,0,0
5,4575,0,0,backdoor,backdoor,1,1
5,4576,3,3,normal,normal,0,0
5,4577,4,4,password,password,1,1
5,4578,2,2,injection,injection,1,1
5,4579,2,2,injection,injection,1,1
5,4580,3,3,normal,normal,0,0
5,4581,3,3,normal,normal,0,0
5,4582,3,3,normal,normal,0,0
5,4583,3,3,normal,normal,0,0
5,4584,3,3,normal,normal,0,0
5,4585,3,3,normal,normal,0,0
5,4586,0,2,backdoor,injection,1,1
5,4587,3,3,normal,normal,0,0
5,4588,3,3,normal,normal,0,0
5,4589,3,3,normal,normal,0,0
5,4590,3,3,normal,normal,0,0
5,4591,4,4,password,password,1,1
5,4592,3,3,normal,normal,0,0
5,4593,3,3,normal,normal,0,0
5,4594,3,3,normal,normal,0,0
5,4595,3,3,normal,normal,0,0
5,4596,3,3,normal,normal,0,0
5,4597,0,0,backdoor,backdoor,1,1
5,4598,3,3,normal,normal,0,0
5,4599,3,3,normal,normal,0,0
5,4600,4,4,password,password,1,1
5,4601,3,3,normal,normal,0,0
5,4602,3,3,normal,normal,0,0
5,4603,0,2,backdoor,injection,1,1
5,4604,2,2,injection,injection,1,1
5,4605,3,3,normal,normal,0,0
5,4606,3,3,normal,normal,0,0
5,4607,4,4,password,password,1,1
5,4608,4,4,password,password,1,1
5,4609,3,3,normal,normal,0,0
5,4610,2,2,injection,injection,1,1
5,4611,3,3,normal,normal,0,0
5,4612,3,3,normal,normal,0,0
5,4613,3,3,normal,normal,0,0
5,4614,4,4,password,password,1,1
5,4615,0,0,backdoor,backdoor,1,1
5,4616,3,3,normal,normal,0,0
5,4617,4,4,password,password,1,1
5,4618,3,3,normal,normal,0,0
5,4619,4,4,password,password,1,1
5,4620,0,0,backdoor,backdoor,1,1
5,4621,3,3,normal,normal,0,0
5,4622,4,4,password,password,1,1
5,4623,0,0,backdoor,backdoor,1,1
5,4624,3,3,normal,normal,0,0
5,4625,4,4,password,password,1,1
5,4626,3,3,normal,normal,0,0
5,4627,3,3,normal,normal,0,0
5,4628,0,0,backdoor,backdoor,1,1
5,4629,3,3,normal,normal,0,0
5,4630,4,4,password,password,1,1
5,4631,3,3,normal,normal,0,0
5,4632,0,0,backdoor,backdoor,1,1
5,4633,3,3,normal,normal,0,0
5,4634,0,0,backdoor,backdoor,1,1
5,4635,3,3,normal,normal,0,0
5,4636,2,2,injection,injection,1,1
5,4637,2,2,injection,injection,1,1
5,4638,4,4,password,password,1,1
5,4639,4,4,password,password,1,1
5,4640,3,3,normal,normal,0,0
5,4641,3,3,normal,normal,0,0
5,4642,3,3,normal,normal,0,0
5,4643,0,0,backdoor,backdoor,1,1
5,4644,3,3,normal,normal,0,0
5,4645,4,4,password,password,1,1
5,4646,2,2,injection,injection,1,1
5,4647,4,4,password,password,1,1
5,4648,3,3,normal,normal,0,0
5,4649,3,3,normal,normal,0,0
5,4650,3,3,normal,normal,0,0
5,4651,3,3,normal,normal,0,0
5,4652,3,3,normal,normal,0,0
5,4653,0,0,backdoor,backdoor,1,1
5,4654,3,3,normal,normal,0,0
5,4655,3,3,normal,normal,0,0
5,4656,0,0,backdoor,backdoor,1,1
5,4657,0,0,backdoor,backdoor,1,1
5,4658,3,3,normal,normal,0,0
5,4659,3,3,normal,normal,0,0
5,4660,0,0,backdoor,backdoor,1,1
5,4661,3,3,normal,normal,0,0
5,4662,4,4,password,password,1,1
5,4663,2,2,injection,injection,1,1
5,4664,4,4,password,password,1,1
5,4665,3,3,normal,normal,0,0
5,4666,3,3,normal,normal,0,0
5,4667,0,0,backdoor,backdoor,1,1
5,4668,3,3,normal,normal,0,0
5,4669,2,2,injection,injection,1,1
5,4670,3,3,normal,normal,0,0
5,4671,4,4,password,password,1,1
5,4672,4,4,password,password,1,1
5,4673,0,0,backdoor,backdoor,1,1
5,4674,3,3,normal,normal,0,0
5,4675,3,3,normal,normal,0,0
5,4676,3,3,normal,normal,0,0
5,4677,0,0,backdoor,backdoor,1,1
5,4678,2,2,injection,injection,1,1
5,4679,3,3,normal,normal,0,0
5,4680,0,0,backdoor,backdoor,1,1
5,4681,4,4,password,password,1,1
5,4682,3,3,normal,normal,0,0
5,4683,3,3,normal,normal,0,0
5,4684,0,0,backdoor,backdoor,1,1
5,4685,3,3,normal,normal,0,0
5,4686,4,4,password,password,1,1
5,4687,2,2,injection,injection,1,1
5,4688,3,3,normal,normal,0,0
5,4689,3,3,normal,normal,0,0
5,4690,3,3,normal,normal,0,0
5,4691,4,4,password,password,1,1
5,4692,3,3,normal,normal,0,0
5,4693,2,2,injection,injection,1,1
5,4694,3,3,normal,normal,0,0
5,4695,2,2,injection,injection,1,1
5,4696,4,4,password,password,1,1
5,4697,0,0,backdoor,backdoor,1,1
5,4698,3,3,normal,normal,0,0
5,4699,3,3,normal,normal,0,0
5,4700,3,3,normal,normal,0,0
5,4701,4,4,password,password,1,1
5,4702,0,0,backdoor,backdoor,1,1
5,4703,3,3,normal,normal,0,0
5,4704,3,3,normal,normal,0,0
5,4705,3,3,normal,normal,0,0
5,4706,3,3,normal,normal,0,0
5,4707,3,3,normal,normal,0,0
5,4708,0,0,backdoor,backdoor,1,1
5,4709,3,3,normal,normal,0,0
5,4710,3,3,normal,normal,0,0
5,4711,3,3,normal,normal,0,0
5,4712,3,3,normal,normal,0,0
5,4713,0,2,backdoor,injection,1,1
5,4714,3,3,normal,normal,0,0
5,4715,4,4,password,password,1,1
5,4716,2,2,injection,injection,1,1
5,4717,3,3,normal,normal,0,0
5,4718,3,3,normal,normal,0,0
5,4719,4,4,password,password,1,1
5,4720,3,3,normal,normal,0,0
5,4721,3,3,normal,normal,0,0
5,4722,4,4,password,password,1,1
5,4723,3,3,normal,normal,0,0
5,4724,0,0,backdoor,backdoor,1,1
5,4725,0,0,backdoor,backdoor,1,1
5,4726,2,2,injection,injection,1,1
5,4727,3,3,normal,normal,0,0
5,4728,4,4,password,password,1,1
5,4729,3,3,normal,normal,0,0
5,4730,0,0,backdoor,backdoor,1,1
5,4731,2,2,injection,injection,1,1
5,4732,3,3,normal,normal,0,0
5,4733,2,2,injection,injection,1,1
5,4734,2,2,injection,injection,1,1
5,4735,3,3,normal,normal,0,0
5,4736,0,0,backdoor,backdoor,1,1
5,4737,3,3,normal,normal,0,0
5,4738,0,2,backdoor,injection,1,1
5,4739,3,3,normal,normal,0,0
5,4740,2,2,injection,injection,1,1
5,4741,3,3,normal,normal,0,0
5,4742,3,3,normal,normal,0,0
5,4743,0,0,backdoor,backdoor,1,1
5,4744,4,4,password,password,1,1
5,4745,3,3,normal,normal,0,0
5,4746,0,0,backdoor,backdoor,1,1
5,4747,0,2,backdoor,injection,1,1
5,4748,0,0,backdoor,backdoor,1,1
5,4749,2,2,injection,injection,1,1
5,4750,0,0,backdoor,backdoor,1,1
5,4751,2,2,injection,injection,1,1
5,4752,4,4,password,password,1,1
5,4753,2,2,injection,injection,1,1
5,4754,2,2,injection,injection,1,1
5,4755,3,3,normal,normal,0,0
5,4756,3,3,normal,normal,0,0
5,4757,3,3,normal,normal,0,0
5,4758,3,3,normal,normal,0,0
5,4759,3,3,normal,normal,0,0
5,4760,0,0,backdoor,backdoor,1,1
5,4761,0,0,backdoor,backdoor,1,1
5,4762,0,0,backdoor,backdoor,1,1
5,4763,2,2,injection,injection,1,1
5,4764,4,4,password,password,1,1
5,4765,0,0,backdoor,backdoor,1,1
5,4766,3,3,normal,normal,0,0
5,4767,4,4,password,password,1,1
5,4768,3,3,normal,normal,0,0
5,4769,4,4,password,password,1,1
5,4770,3,3,normal,normal,0,0
5,4771,3,3,normal,normal,0,0
5,4772,0,0,backdoor,backdoor,1,1
5,4773,2,2,injection,injection,1,1
5,4774,3,3,normal,normal,0,0
5,4775,3,3,normal,normal,0,0
5,4776,4,4,password,password,1,1
5,4777,2,2,injection,injection,1,1
5,4778,3,3,normal,normal,0,0
5,4779,3,3,normal,normal,0,0
5,4780,0,0,backdoor,backdoor,1,1
5,4781,2,2,injection,injection,1,1
5,4782,0,2,backdoor,injection,1,1
5,4783,0,0,backdoor,backdoor,1,1
5,4784,3,3,normal,normal,0,0
5,4785,3,3,normal,normal,0,0
5,4786,0,2,backdoor,injection,1,1
5,4787,3,3,normal,normal,0,0
5,4788,0,0,backdoor,backdoor,1,1
5,4789,2,2,injection,injection,1,1
5,4790,0,0,backdoor,backdoor,1,1
5,4791,2,2,injection,injection,1,1
5,4792,4,4,password,password,1,1
5,4793,0,0,backdoor,backdoor,1,1
5,4794,3,3,normal,normal,0,0
5,4795,3,3,normal,normal,0,0
5,4796,3,3,normal,normal,0,0
5,4797,3,3,normal,normal,0,0
5,4798,2,2,injection,injection,1,1
5,4799,2,2,injection,injection,1,1
5,4800,3,3,normal,normal,0,0
5,4801,3,3,normal,normal,0,0
5,4802,3,3,normal,normal,0,0
5,4803,4,4,password,password,1,1
5,4804,0,0,backdoor,backdoor,1,1
5,4805,3,3,normal,normal,0,0
5,4806,3,3,normal,normal,0,0
5,4807,3,3,normal,normal,0,0
5,4808,0,2,backdoor,injection,1,1
5,4809,3,3,normal,normal,0,0
5,4810,3,3,normal,normal,0,0
5,4811,3,3,normal,normal,0,0
5,4812,2,2,injection,injection,1,1
5,4813,0,0,backdoor,backdoor,1,1
5,4814,3,3,normal,normal,0,0
5,4815,2,2,injection,injection,1,1
5,4816,4,4,password,password,1,1
5,4817,2,2,injection,injection,1,1
5,4818,4,4,password,password,1,1
5,4819,3,3,normal,normal,0,0
5,4820,4,4,password,password,1,1
5,4821,3,3,normal,normal,0,0
5,4822,2,2,injection,injection,1,1
5,4823,3,3,normal,normal,0,0
5,4824,3,3,normal,normal,0,0
5,4825,3,3,normal,normal,0,0
5,4826,3,3,normal,normal,0,0
5,4827,2,2,injection,injection,1,1
5,4828,0,0,backdoor,backdoor,1,1
5,4829,3,3,normal,normal,0,0
5,4830,2,2,injection,injection,1,1
5,4831,3,3,normal,normal,0,0
5,4832,3,3,normal,normal,0,0
5,4833,3,3,normal,normal,0,0
5,4834,0,0,backdoor,backdoor,1,1
5,4835,3,3,normal,normal,0,0
5,4836,4,4,password,password,1,1
5,4837,0,0,backdoor,backdoor,1,1
5,4838,4,4,password,password,1,1
5,4839,3,3,normal,normal,0,0
5,4840,2,2,injection,injection,1,1
5,4841,4,4,password,password,1,1
5,4842,3,3,normal,normal,0,0
5,4843,3,3,normal,normal,0,0
5,4844,2,2,injection,injection,1,1
5,4845,2,2,injection,injection,1,1
5,4846,3,3,normal,normal,0,0
5,4847,3,3,normal,normal,0,0
5,4848,2,2,injection,injection,1,1
5,4849,4,4,password,password,1,1
5,4850,0,0,backdoor,backdoor,1,1
5,4851,4,4,password,password,1,1
5,4852,3,3,normal,normal,0,0
5,4853,2,2,injection,injection,1,1
5,4854,3,3,normal,normal,0,0
5,4855,3,3,normal,normal,0,0
5,4856,4,4,password,password,1,1
5,4857,3,3,normal,normal,0,0
5,4858,2,2,injection,injection,1,1
5,4859,3,3,normal,normal,0,0
5,4860,3,3,normal,normal,0,0
5,4861,2,2,injection,injection,1,1
5,4862,2,2,injection,injection,1,1
5,4863,0,0,backdoor,backdoor,1,1
5,4864,0,0,backdoor,backdoor,1,1
5,4865,0,2,backdoor,injection,1,1
5,4866,3,3,normal,normal,0,0
5,4867,0,0,backdoor,backdoor,1,1
5,4868,0,0,backdoor,backdoor,1,1
5,4869,3,3,normal,normal,0,0
5,4870,0,0,backdoor,backdoor,1,1
5,4871,3,3,normal,normal,0,0
5,4872,2,2,injection,injection,1,1
5,4873,3,3,normal,normal,0,0
5,4874,3,3,normal,normal,0,0
5,4875,4,4,password,password,1,1
5,4876,3,3,normal,normal,0,0
5,4877,0,0,backdoor,backdoor,1,1
5,4878,2,2,injection,injection,1,1
5,4879,3,3,normal,normal,0,0
5,4880,3,3,normal,normal,0,0
5,4881,3,3,normal,normal,0,0
5,4882,2,2,injection,injection,1,1
5,4883,3,3,normal,normal,0,0
5,4884,3,3,normal,normal,0,0
5,4885,2,2,injection,injection,1,1
5,4886,2,2,injection,injection,1,1
5,4887,3,3,normal,normal,0,0
5,4888,2,2,injection,injection,1,1
5,4889,3,3,normal,normal,0,0
5,4890,3,3,normal,normal,0,0
5,4891,3,3,normal,normal,0,0
5,4892,3,3,normal,normal,0,0
5,4893,2,2,injection,injection,1,1
5,4894,3,3,normal,normal,0,0
5,4895,4,4,password,password,1,1
5,4896,4,4,password,password,1,1
5,4897,3,3,normal,normal,0,0
5,4898,0,2,backdoor,injection,1,1
5,4899,0,0,backdoor,backdoor,1,1
5,4900,3,3,normal,normal,0,0
5,4901,0,2,backdoor,injection,1,1
5,4902,0,0,backdoor,backdoor,1,1
5,4903,3,3,normal,normal,0,0
5,4904,3,3,normal,normal,0,0
5,4905,2,2,injection,injection,1,1
5,4906,3,3,normal,normal,0,0
5,4907,3,3,normal,normal,0,0
5,4908,3,3,normal,normal,0,0
5,4909,2,2,injection,injection,1,1
5,4910,3,3,normal,normal,0,0
5,4911,4,4,password,password,1,1
5,4912,3,3,normal,normal,0,0
5,4913,4,4,password,password,1,1
5,4914,4,4,password,password,1,1
5,4915,3,3,normal,normal,0,0
5,4916,4,4,password,password,1,1
5,4917,3,3,normal,normal,0,0
5,4918,0,0,backdoor,backdoor,1,1
5,4919,4,4,password,password,1,1
5,4920,4,4,password,password,1,1
5,4921,3,3,normal,normal,0,0
5,4922,0,0,backdoor,backdoor,1,1
5,4923,3,3,normal,normal,0,0
5,4924,2,2,injection,injection,1,1
5,4925,3,3,normal,normal,0,0
5,4926,0,2,backdoor,injection,1,1
5,4927,3,3,normal,normal,0,0
5,4928,3,3,normal,normal,0,0
5,4929,4,4,password,password,1,1
5,4930,3,3,normal,normal,0,0
5,4931,4,4,password,password,1,1
5,4932,3,3,normal,normal,0,0
5,4933,3,3,normal,normal,0,0
5,4934,4,4,password,password,1,1
5,4935,3,3,normal,normal,0,0
5,4936,3,3,normal,normal,0,0
5,4937,2,2,injection,injection,1,1
5,4938,0,0,backdoor,backdoor,1,1
5,4939,0,0,backdoor,backdoor,1,1
5,4940,3,3,normal,normal,0,0
5,4941,3,3,normal,normal,0,0
5,4942,3,3,normal,normal,0,0
5,4943,3,3,normal,normal,0,0
5,4944,2,2,injection,injection,1,1
5,4945,2,2,injection,injection,1,1
5,4946,3,3,normal,normal,0,0
5,4947,3,3,normal,normal,0,0
5,4948,0,0,backdoor,backdoor,1,1
5,4949,4,4,password,password,1,1
5,4950,2,2,injection,injection,1,1
5,4951,2,2,injection,injection,1,1
5,4952,4,4,password,password,1,1
5,4953,3,3,normal,normal,0,0
5,4954,2,2,injection,injection,1,1
5,4955,4,4,password,password,1,1
5,4956,3,3,normal,normal,0,0
5,4957,3,3,normal,normal,0,0
5,4958,3,3,normal,normal,0,0
5,4959,2,2,injection,injection,1,1
5,4960,3,3,normal,normal,0,0
5,4961,3,3,normal,normal,0,0
5,4962,3,3,normal,normal,0,0
5,4963,3,3,normal,normal,0,0
5,4964,3,3,normal,normal,0,0
5,4965,4,4,password,password,1,1
5,4966,3,3,normal,normal,0,0
5,4967,3,3,normal,normal,0,0
5,4968,4,4,password,password,1,1
5,4969,2,2,injection,injection,1,1
5,4970,4,4,password,password,1,1
5,4971,0,0,backdoor,backdoor,1,1
5,4972,3,3,normal,normal,0,0
5,4973,3,3,normal,normal,0,0
5,4974,3,3,normal,normal,0,0
5,4975,3,3,normal,normal,0,0
5,4976,3,3,normal,normal,0,0
5,4977,3,3,normal,normal,0,0
5,4978,4,4,password,password,1,1
5,4979,3,3,normal,normal,0,0
5,4980,0,0,backdoor,backdoor,1,1
5,4981,2,2,injection,injection,1,1
5,4982,4,4,password,password,1,1
5,4983,2,2,injection,injection,1,1
5,4984,3,3,normal,normal,0,0
5,4985,3,3,normal,normal,0,0
5,4986,0,0,backdoor,backdoor,1,1
5,4987,3,3,normal,normal,0,0
5,4988,0,2,backdoor,injection,1,1
5,4989,3,3,normal,normal,0,0
5,4990,0,0,backdoor,backdoor,1,1
5,4991,4,4,password,password,1,1
5,4992,4,4,password,password,1,1
5,4993,4,4,password,password,1,1
5,4994,3,3,normal,normal,0,0
5,4995,3,3,normal,normal,0,0
5,4996,3,3,normal,normal,0,0
5,4997,3,3,normal,normal,0,0
5,4998,3,3,normal,normal,0,0
5,4999,0,2,backdoor,injection,1,1
5,5000,3,3,normal,normal,0,0
5,5001,3,3,normal,normal,0,0
5,5002,0,0,backdoor,backdoor,1,1
5,5003,3,3,normal,normal,0,0
5,5004,0,0,backdoor,backdoor,1,1
5,5005,3,3,normal,normal,0,0
5,5006,2,2,injection,injection,1,1
5,5007,3,3,normal,normal,0,0
5,5008,2,2,injection,injection,1,1
5,5009,3,3,normal,normal,0,0
5,5010,3,3,normal,normal,0,0
5,5011,3,3,normal,normal,0,0
5,5012,3,3,normal,normal,0,0
5,5013,3,3,normal,normal,0,0
5,5014,2,2,injection,injection,1,1
5,5015,0,0,backdoor,backdoor,1,1
5,5016,3,3,normal,normal,0,0
5,5017,2,2,injection,injection,1,1
5,5018,3,3,normal,normal,0,0
5,5019,3,3,normal,normal,0,0
5,5020,3,3,normal,normal,0,0
5,5021,2,2,injection,injection,1,1
5,5022,3,3,normal,normal,0,0
5,5023,3,3,normal,normal,0,0
5,5024,3,3,normal,normal,0,0
5,5025,0,0,backdoor,backdoor,1,1
5,5026,3,3,normal,normal,0,0
5,5027,0,0,backdoor,backdoor,1,1
5,5028,2,2,injection,injection,1,1
5,5029,2,2,injection,injection,1,1
5,5030,3,3,normal,normal,0,0
5,5031,2,2,injection,injection,1,1
5,5032,0,0,backdoor,backdoor,1,1
5,5033,2,2,injection,injection,1,1
5,5034,0,0,backdoor,backdoor,1,1
5,5035,0,0,backdoor,backdoor,1,1
5,5036,3,3,normal,normal,0,0
5,5037,3,3,normal,normal,0,0
5,5038,3,3,normal,normal,0,0
5,5039,0,0,backdoor,backdoor,1,1
5,5040,3,3,normal,normal,0,0
5,5041,2,2,injection,injection,1,1
5,5042,3,3,normal,normal,0,0
5,5043,4,4,password,password,1,1
5,5044,3,3,normal,normal,0,0
5,5045,2,2,injection,injection,1,1
5,5046,3,3,normal,normal,0,0
5,5047,3,3,normal,normal,0,0
5,5048,3,3,normal,normal,0,0
5,5049,0,0,backdoor,backdoor,1,1
5,5050,2,2,injection,injection,1,1
5,5051,0,0,backdoor,backdoor,1,1
5,5052,2,2,injection,injection,1,1
5,5053,0,0,backdoor,backdoor,1,1
5,5054,3,3,normal,normal,0,0
5,5055,2,2,injection,injection,1,1
5,5056,3,3,normal,normal,0,0
5,5057,0,0,backdoor,backdoor,1,1
5,5058,3,3,normal,normal,0,0
5,5059,3,3,normal,normal,0,0
5,5060,3,3,normal,normal,0,0
5,5061,4,4,password,password,1,1
5,5062,3,3,normal,normal,0,0
5,5063,3,3,normal,normal,0,0
5,5064,4,4,password,password,1,1
5,5065,3,3,normal,normal,0,0
5,5066,2,2,injection,injection,1,1
5,5067,4,4,password,password,1,1
5,5068,4,4,password,password,1,1
5,5069,0,0,backdoor,backdoor,1,1
5,5070,2,2,injection,injection,1,1
5,5071,3,3,normal,normal,0,0
5,5072,3,3,normal,normal,0,0
5,5073,2,2,injection,injection,1,1
5,5074,3,3,normal,normal,0,0
5,5075,4,4,password,password,1,1
5,5076,3,3,normal,normal,0,0
5,5077,3,3,normal,normal,0,0
5,5078,2,2,injection,injection,1,1
5,5079,4,4,password,password,1,1
5,5080,4,4,password,password,1,1
5,5081,3,3,normal,normal,0,0
5,5082,3,3,normal,normal,0,0
5,5083,4,4,password,password,1,1
5,5084,3,3,normal,normal,0,0
5,5085,4,4,password,password,1,1
5,5086,3,3,normal,normal,0,0
5,5087,3,3,normal,normal,0,0
5,5088,4,4,password,password,1,1
5,5089,3,3,normal,normal,0,0
5,5090,4,4,password,password,1,1
5,5091,0,0,backdoor,backdoor,1,1
5,5092,3,3,normal,normal,0,0
5,5093,2,2,injection,injection,1,1
5,5094,3,3,normal,normal,0,0
5,5095,2,2,injection,injection,1,1
5,5096,3,3,normal,normal,0,0
5,5097,3,3,normal,normal,0,0
5,5098,3,3,normal,normal,0,0
5,5099,4,4,password,password,1,1
5,5100,3,3,normal,normal,0,0
5,5101,4,4,password,password,1,1
5,5102,0,0,backdoor,backdoor,1,1
5,5103,4,4,password,password,1,1
5,5104,3,3,normal,normal,0,0
5,5105,0,2,backdoor,injection,1,1
5,5106,4,4,password,password,1,1
5,5107,3,3,normal,normal,0,0
5,5108,0,0,backdoor,backdoor,1,1
5,5109,3,3,normal,normal,0,0
5,5110,3,3,normal,normal,0,0
5,5111,3,3,normal,normal,0,0
5,5112,3,3,normal,normal,0,0
5,5113,3,3,normal,normal,0,0
5,5114,2,2,injection,injection,1,1
5,5115,3,3,normal,normal,0,0
5,5116,3,3,normal,normal,0,0
5,5117,2,2,injection,injection,1,1
5,5118,4,4,password,password,1,1
5,5119,0,0,backdoor,backdoor,1,1
5,5120,2,2,injection,injection,1,1
5,5121,3,3,normal,normal,0,0
5,5122,0,0,backdoor,backdoor,1,1
5,5123,3,3,normal,normal,0,0
5,5124,3,3,normal,normal,0,0
5,5125,3,3,normal,normal,0,0
5,5126,3,3,normal,normal,0,0
5,5127,0,3,backdoor,normal,1,0
5,5128,0,0,backdoor,backdoor,1,1
5,5129,3,3,normal,normal,0,0
5,5130,0,0,backdoor,backdoor,1,1
5,5131,3,3,normal,normal,0,0
5,5132,3,3,normal,normal,0,0
5,5133,4,4,password,password,1,1
5,5134,3,3,normal,normal,0,0
5,5135,0,0,backdoor,backdoor,1,1
5,5136,2,2,injection,injection,1,1
5,5137,3,3,normal,normal,0,0
5,5138,2,2,injection,injection,1,1
5,5139,3,3,normal,normal,0,0
5,5140,3,3,normal,normal,0,0
5,5141,3,3,normal,normal,0,0
5,5142,3,3,normal,normal,0,0
5,5143,3,3,normal,normal,0,0
5,5144,0,0,backdoor,backdoor,1,1
5,5145,4,4,password,password,1,1
5,5146,3,3,normal,normal,0,0
5,5147,3,3,normal,normal,0,0
5,5148,3,3,normal,normal,0,0
5,5149,4,4,password,password,1,1
5,5150,2,2,injection,injection,1,1
5,5151,3,3,normal,normal,0,0
5,5152,3,3,normal,normal,0,0
5,5153,3,3,normal,normal,0,0
5,5154,3,3,normal,normal,0,0
5,5155,2,2,injection,injection,1,1
5,5156,3,3,normal,normal,0,0
5,5157,3,3,normal,normal,0,0
5,5158,3,3,normal,normal,0,0
5,5159,0,0,backdoor,backdoor,1,1
5,5160,3,3,normal,normal,0,0
5,5161,4,4,password,password,1,1
5,5162,2,2,injection,injection,1,1
5,5163,3,3,normal,normal,0,0
5,5164,3,3,normal,normal,0,0
5,5165,3,3,normal,normal,0,0
5,5166,3,3,normal,normal,0,0
5,5167,3,3,normal,normal,0,0
5,5168,3,3,normal,normal,0,0
5,5169,0,0,backdoor,backdoor,1,1
5,5170,4,4,password,password,1,1
5,5171,3,3,normal,normal,0,0
5,5172,2,2,injection,injection,1,1
5,5173,3,3,normal,normal,0,0
5,5174,4,4,password,password,1,1
5,5175,0,0,backdoor,backdoor,1,1
5,5176,2,2,injection,injection,1,1
5,5177,3,3,normal,normal,0,0
5,5178,3,3,normal,normal,0,0
5,5179,2,2,injection,injection,1,1
5,5180,2,2,injection,injection,1,1
5,5181,4,4,password,password,1,1
5,5182,3,3,normal,normal,0,0
5,5183,0,0,backdoor,backdoor,1,1
5,5184,2,2,injection,injection,1,1
5,5185,3,3,normal,normal,0,0
5,5186,2,2,injection,injection,1,1
5,5187,4,4,password,password,1,1
5,5188,3,3,normal,normal,0,0
5,5189,3,3,normal,normal,0,0
5,5190,2,2,injection,injection,1,1
5,5191,0,3,backdoor,normal,1,0
5,5192,3,3,normal,normal,0,0
5,5193,3,3,normal,normal,0,0
5,5194,0,2,backdoor,injection,1,1
5,5195,0,0,backdoor,backdoor,1,1
5,5196,3,3,normal,normal,0,0
5,5197,3,3,normal,normal,0,0
5,5198,4,4,password,password,1,1
5,5199,2,2,injection,injection,1,1
5,5200,3,3,normal,normal,0,0
5,5201,3,3,normal,normal,0,0
5,5202,3,3,normal,normal,0,0
5,5203,2,2,injection,injection,1,1
5,5204,3,3,normal,normal,0,0
5,5205,0,0,backdoor,backdoor,1,1
5,5206,3,3,normal,normal,0,0
5,5207,3,3,normal,normal,0,0
5,5208,3,3,normal,normal,0,0
5,5209,3,3,normal,normal,0,0
5,5210,3,3,normal,normal,0,0
5,5211,3,3,normal,normal,0,0
5,5212,3,3,normal,normal,0,0
5,5213,4,4,password,password,1,1
5,5214,2,2,injection,injection,1,1
5,5215,3,3,normal,normal,0,0
5,5216,3,3,normal,normal,0,0
5,5217,3,3,normal,normal,0,0
5,5218,4,4,password,password,1,1
5,5219,0,0,backdoor,backdoor,1,1
5,5220,2,2,injection,injection,1,1
5,5221,2,2,injection,injection,1,1
5,5222,4,4,password,password,1,1
5,5223,2,2,injection,injection,1,1
5,5224,3,3,normal,normal,0,0
5,5225,3,3,normal,normal,0,0
5,5226,3,3,normal,normal,0,0
5,5227,4,4,password,password,1,1
5,5228,4,4,password,password,1,1
5,5229,3,3,normal,normal,0,0
5,5230,4,4,password,password,1,1
5,5231,3,3,normal,normal,0,0
5,5232,3,3,normal,normal,0,0
5,5233,3,3,normal,normal,0,0
5,5234,3,3,normal,normal,0,0
5,5235,3,3,normal,normal,0,0
5,5236,3,3,normal,normal,0,0
5,5237,3,3,normal,normal,0,0
5,5238,0,0,backdoor,backdoor,1,1
5,5239,3,3,normal,normal,0,0
5,5240,4,4,password,password,1,1
5,5241,0,0,backdoor,backdoor,1,1
5,5242,0,0,backdoor,backdoor,1,1
5,5243,4,4,password,password,1,1
5,5244,4,4,password,password,1,1
5,5245,0,0,backdoor,backdoor,1,1
5,5246,3,3,normal,normal,0,0
5,5247,3,3,normal,normal,0,0
5,5248,3,3,normal,normal,0,0
5,5249,3,3,normal,normal,0,0
5,5250,2,2,injection,injection,1,1
5,5251,2,2,injection,injection,1,1
5,5252,2,2,injection,injection,1,1
5,5253,4,4,password,password,1,1
5,5254,0,0,backdoor,backdoor,1,1
5,5255,0,0,backdoor,backdoor,1,1
5,5256,4,4,password,password,1,1
5,5257,2,2,injection,injection,1,1
5,5258,0,0,backdoor,backdoor,1,1
5,5259,3,3,normal,normal,0,0
5,5260,4,4,password,password,1,1
5,5261,3,3,normal,normal,0,0
5,5262,3,3,normal,normal,0,0
5,5263,2,2,injection,injection,1,1
5,5264,3,3,normal,normal,0,0
5,5265,0,0,backdoor,backdoor,1,1
5,5266,3,3,normal,normal,0,0
5,5267,3,3,normal,normal,0,0
5,5268,3,3,normal,normal,0,0
5,5269,0,0,backdoor,backdoor,1,1
5,5270,0,0,backdoor,backdoor,1,1
5,5271,3,3,normal,normal,0,0
5,5272,3,3,normal,normal,0,0
5,5273,3,3,normal,normal,0,0
5,5274,3,3,normal,normal,0,0
5,5275,4,4,password,password,1,1
5,5276,3,3,normal,normal,0,0
5,5277,4,4,password,password,1,1
5,5278,4,4,password,password,1,1
5,5279,2,2,injection,injection,1,1
5,5280,3,3,normal,normal,0,0
5,5281,3,3,normal,normal,0,0
5,5282,4,4,password,password,1,1
5,5283,2,2,injection,injection,1,1
5,5284,2,2,injection,injection,1,1
5,5285,0,2,backdoor,injection,1,1
5,5286,2,2,injection,injection,1,1
5,5287,3,3,normal,normal,0,0
5,5288,0,0,backdoor,backdoor,1,1
5,5289,4,4,password,password,1,1
5,5290,0,0,backdoor,backdoor,1,1
5,5291,4,4,password,password,1,1
5,5292,3,3,normal,normal,0,0
5,5293,3,3,normal,normal,0,0
5,5294,3,3,normal,normal,0,0
5,5295,3,3,normal,normal,0,0
5,5296,2,2,injection,injection,1,1
5,5297,0,0,backdoor,backdoor,1,1
5,5298,0,0,backdoor,backdoor,1,1
5,5299,0,0,backdoor,backdoor,1,1
5,5300,4,4,password,password,1,1
5,5301,3,3,normal,normal,0,0
5,5302,2,2,injection,injection,1,1
5,5303,0,0,backdoor,backdoor,1,1
5,5304,2,2,injection,injection,1,1
5,5305,4,4,password,password,1,1
5,5306,4,4,password,password,1,1
5,5307,3,3,normal,normal,0,0
5,5308,3,3,normal,normal,0,0
5,5309,0,0,backdoor,backdoor,1,1
5,5310,4,4,password,password,1,1
5,5311,3,3,normal,normal,0,0
5,5312,3,3,normal,normal,0,0
5,5313,0,2,backdoor,injection,1,1
5,5314,0,0,backdoor,backdoor,1,1
5,5315,3,3,normal,normal,0,0
5,5316,2,2,injection,injection,1,1
5,5317,3,3,normal,normal,0,0
5,5318,4,4,password,password,1,1
5,5319,3,3,normal,normal,0,0
5,5320,3,3,normal,normal,0,0
5,5321,3,3,normal,normal,0,0
5,5322,2,2,injection,injection,1,1
5,5323,3,3,normal,normal,0,0
5,5324,3,3,normal,normal,0,0
5,5325,4,4,password,password,1,1
5,5326,3,3,normal,normal,0,0
5,5327,0,0,backdoor,backdoor,1,1
5,5328,4,4,password,password,1,1
5,5329,2,2,injection,injection,1,1
5,5330,2,2,injection,injection,1,1
5,5331,2,2,injection,injection,1,1
5,5332,3,3,normal,normal,0,0
5,5333,4,4,password,password,1,1
5,5334,4,4,password,password,1,1
5,5335,2,2,injection,injection,1,1
5,5336,3,3,normal,normal,0,0
5,5337,3,3,normal,normal,0,0
5,5338,4,4,password,password,1,1
5,5339,2,2,injection,injection,1,1
5,5340,3,3,normal,normal,0,0
5,5341,3,3,normal,normal,0,0
5,5342,2,2,injection,injection,1,1
5,5343,3,3,normal,normal,0,0
5,5344,3,3,normal,normal,0,0
5,5345,3,3,normal,normal,0,0
5,5346,3,3,normal,normal,0,0
5,5347,3,3,normal,normal,0,0
5,5348,0,0,backdoor,backdoor,1,1
5,5349,4,4,password,password,1,1
5,5350,4,4,password,password,1,1
5,5351,4,4,password,password,1,1
5,5352,2,2,injection,injection,1,1
5,5353,3,3,normal,normal,0,0
5,5354,2,2,injection,injection,1,1
5,5355,4,4,password,password,1,1
5,5356,3,3,normal,normal,0,0
5,5357,3,3,normal,normal,0,0
5,5358,3,3,normal,normal,0,0
5,5359,0,2,backdoor,injection,1,1
5,5360,2,2,injection,injection,1,1
5,5361,3,3,normal,normal,0,0
5,5362,3,3,normal,normal,0,0
5,5363,0,0,backdoor,backdoor,1,1
5,5364,3,3,normal,normal,0,0
5,5365,3,3,normal,normal,0,0
5,5366,2,2,injection,injection,1,1
5,5367,2,2,injection,injection,1,1
5,5368,2,2,injection,injection,1,1
5,5369,4,4,password,password,1,1
5,5370,4,4,password,password,1,1
5,5371,2,2,injection,injection,1,1
5,5372,2,2,injection,injection,1,1
5,5373,3,3,normal,normal,0,0
5,5374,3,3,normal,normal,0,0
5,5375,3,3,normal,normal,0,0
5,5376,4,4,password,password,1,1
5,5377,3,3,normal,normal,0,0
5,5378,3,3,normal,normal,0,0
5,5379,4,4,password,password,1,1
5,5380,2,2,injection,injection,1,1
5,5381,3,3,normal,normal,0,0
5,5382,3,3,normal,normal,0,0
5,5383,3,3,normal,normal,0,0
5,5384,4,4,password,password,1,1
5,5385,2,2,injection,injection,1,1
5,5386,4,4,password,password,1,1
5,5387,2,2,injection,injection,1,1
5,5388,0,0,backdoor,backdoor,1,1
5,5389,3,3,normal,normal,0,0
5,5390,4,4,password,password,1,1
5,5391,3,3,normal,normal,0,0
5,5392,2,2,injection,injection,1,1
5,5393,3,3,normal,normal,0,0
5,5394,4,4,password,password,1,1
5,5395,0,0,backdoor,backdoor,1,1
5,5396,3,3,normal,normal,0,0
5,5397,3,3,normal,normal,0,0
5,5398,3,3,normal,normal,0,0
5,5399,2,2,injection,injection,1,1
5,5400,2,2,injection,injection,1,1
5,5401,2,2,injection,injection,1,1
5,5402,3,3,normal,normal,0,0
5,5403,3,3,normal,normal,0,0
5,5404,3,3,normal,normal,0,0
5,5405,2,2,injection,injection,1,1
5,5406,0,0,backdoor,backdoor,1,1
5,5407,3,3,normal,normal,0,0
5,5408,3,3,normal,normal,0,0
5,5409,4,4,password,password,1,1
5,5410,2,2,injection,injection,1,1
5,5411,3,3,normal,normal,0,0
5,5412,2,2,injection,injection,1,1
5,5413,0,2,backdoor,injection,1,1
5,5414,2,2,injection,injection,1,1
5,5415,3,3,normal,normal,0,0
5,5416,0,2,backdoor,injection,1,1
5,5417,3,3,normal,normal,0,0
5,5418,2,2,injection,injection,1,1
5,5419,3,3,normal,normal,0,0
5,5420,4,4,password,password,1,1
5,5421,3,3,normal,normal,0,0
5,5422,3,3,normal,normal,0,0
5,5423,4,4,password,password,1,1
5,5424,3,3,normal,normal,0,0
5,5425,4,4,password,password,1,1
5,5426,3,3,normal,normal,0,0
5,5427,2,2,injection,injection,1,1
5,5428,3,3,normal,normal,0,0
5,5429,3,3,normal,normal,0,0
5,5430,0,0,backdoor,backdoor,1,1
5,5431,4,4,password,password,1,1
5,5432,3,3,normal,normal,0,0
5,5433,2,2,injection,injection,1,1
5,5434,3,3,normal,normal,0,0
5,5435,0,0,backdoor,backdoor,1,1
5,5436,2,2,injection,injection,1,1
5,5437,2,2,injection,injection,1,1
5,5438,4,4,password,password,1,1
5,5439,3,3,normal,normal,0,0
5,5440,3,3,normal,normal,0,0
5,5441,3,3,normal,normal,0,0
5,5442,3,3,normal,normal,0,0
5,5443,3,3,normal,normal,0,0
5,5444,3,3,normal,normal,0,0
5,5445,3,3,normal,normal,0,0
5,5446,3,3,normal,normal,0,0
5,5447,3,3,normal,normal,0,0
5,5448,3,3,normal,normal,0,0
5,5449,3,3,normal,normal,0,0
5,5450,4,4,password,password,1,1
5,5451,2,2,injection,injection,1,1
5,5452,3,3,normal,normal,0,0
5,5453,2,2,injection,injection,1,1
5,5454,3,3,normal,normal,0,0
5,5455,3,3,normal,normal,0,0
5,5456,3,3,normal,normal,0,0
5,5457,0,0,backdoor,backdoor,1,1
5,5458,0,0,backdoor,backdoor,1,1
5,5459,3,3,normal,normal,0,0
5,5460,4,4,password,password,1,1
5,5461,3,3,normal,normal,0,0
5,5462,0,2,backdoor,injection,1,1
5,5463,0,0,backdoor,backdoor,1,1
5,5464,3,3,normal,normal,0,0
5,5465,0,0,backdoor,backdoor,1,1
5,5466,3,3,normal,normal,0,0
5,5467,3,3,normal,normal,0,0
5,5468,3,3,normal,normal,0,0
5,5469,0,0,backdoor,backdoor,1,1
5,5470,3,3,normal,normal,0,0
5,5471,3,3,normal,normal,0,0
5,5472,3,3,normal,normal,0,0
5,5473,3,3,normal,normal,0,0
5,5474,3,3,normal,normal,0,0
5,5475,2,2,injection,injection,1,1
5,5476,3,3,normal,normal,0,0
5,5477,3,3,normal,normal,0,0
5,5478,4,4,password,password,1,1
5,5479,0,0,backdoor,backdoor,1,1
5,5480,2,2,injection,injection,1,1
5,5481,3,3,normal,normal,0,0
5,5482,3,3,normal,normal,0,0
5,5483,3,3,normal,normal,0,0
5,5484,2,2,injection,injection,1,1
5,5485,4,4,password,password,1,1
5,5486,2,2,injection,injection,1,1
5,5487,3,3,normal,normal,0,0
5,5488,3,3,normal,normal,0,0
5,5489,3,3,normal,normal,0,0
5,5490,3,3,normal,normal,0,0
5,5491,0,0,backdoor,backdoor,1,1
5,5492,3,3,normal,normal,0,0
5,5493,2,2,injection,injection,1,1
5,5494,0,0,backdoor,backdoor,1,1
5,5495,3,3,normal,normal,0,0
5,5496,4,4,password,password,1,1
5,5497,3,3,normal,normal,0,0
5,5498,4,4,password,password,1,1
5,5499,0,0,backdoor,backdoor,1,1
5,5500,0,2,backdoor,injection,1,1
5,5501,3,3,normal,normal,0,0
5,5502,0,0,backdoor,backdoor,1,1
5,5503,3,3,normal,normal,0,0
5,5504,3,3,normal,normal,0,0
5,5505,3,3,normal,normal,0,0
5,5506,0,2,backdoor,injection,1,1
5,5507,2,2,injection,injection,1,1
5,5508,4,4,password,password,1,1
5,5509,3,3,normal,normal,0,0
5,5510,0,2,backdoor,injection,1,1
5,5511,3,3,normal,normal,0,0
5,5512,4,4,password,password,1,1
5,5513,3,3,normal,normal,0,0
5,5514,2,2,injection,injection,1,1
5,5515,3,3,normal,normal,0,0
5,5516,3,3,normal,normal,0,0
5,5517,4,4,password,password,1,1
5,5518,3,3,normal,normal,0,0
5,5519,3,3,normal,normal,0,0
5,5520,3,3,normal,normal,0,0
5,5521,3,3,normal,normal,0,0
5,5522,4,4,password,password,1,1
5,5523,3,3,normal,normal,0,0
5,5524,3,3,normal,normal,0,0
5,5525,3,3,normal,normal,0,0
5,5526,3,3,normal,normal,0,0
5,5527,2,2,injection,injection,1,1
5,5528,3,3,normal,normal,0,0
5,5529,3,3,normal,normal,0,0
5,5530,2,2,injection,injection,1,1
5,5531,0,0,backdoor,backdoor,1,1
5,5532,3,3,normal,normal,0,0
5,5533,3,3,normal,normal,0,0
5,5534,2,2,injection,injection,1,1
5,5535,3,3,normal,normal,0,0
5,5536,3,3,normal,normal,0,0
5,5537,0,0,backdoor,backdoor,1,1
5,5538,3,3,normal,normal,0,0
5,5539,0,0,backdoor,backdoor,1,1
5,5540,2,2,injection,injection,1,1
5,5541,4,4,password,password,1,1
5,5542,3,3,normal,normal,0,0
5,5543,0,0,backdoor,backdoor,1,1
5,5544,2,2,injection,injection,1,1
5,5545,4,4,password,password,1,1
5,5546,0,0,backdoor,backdoor,1,1
5,5547,3,3,normal,normal,0,0
5,5548,4,4,password,password,1,1
5,5549,2,2,injection,injection,1,1
5,5550,3,3,normal,normal,0,0
5,5551,0,0,backdoor,backdoor,1,1
5,5552,0,2,backdoor,injection,1,1
5,5553,0,0,backdoor,backdoor,1,1
5,5554,3,3,normal,normal,0,0
5,5555,3,3,normal,normal,0,0
5,5556,3,3,normal,normal,0,0
5,5557,3,3,normal,normal,0,0
5,5558,3,3,normal,normal,0,0
5,5559,0,0,backdoor,backdoor,1,1
5,5560,4,4,password,password,1,1
5,5561,2,2,injection,injection,1,1
5,5562,3,3,normal,normal,0,0
5,5563,0,0,backdoor,backdoor,1,1
5,5564,0,2,backdoor,injection,1,1
5,5565,4,4,password,password,1,1
5,5566,4,4,password,password,1,1
5,5567,2,2,injection,injection,1,1
5,5568,3,3,normal,normal,0,0
5,5569,3,3,normal,normal,0,0
5,5570,3,3,normal,normal,0,0
5,5571,2,2,injection,injection,1,1
5,5572,2,2,injection,injection,1,1
5,5573,2,2,injection,injection,1,1
5,5574,4,4,password,password,1,1
5,5575,2,2,injection,injection,1,1
5,5576,3,3,normal,normal,0,0
5,5577,4,4,password,password,1,1
5,5578,2,2,injection,injection,1,1
5,5579,3,3,normal,normal,0,0
5,5580,3,3,normal,normal,0,0
5,5581,4,4,password,password,1,1
5,5582,0,0,backdoor,backdoor,1,1
5,5583,4,4,password,password,1,1
5,5584,2,2,injection,injection,1,1
5,5585,3,3,normal,normal,0,0
5,5586,3,3,normal,normal,0,0
5,5587,3,3,normal,normal,0,0
5,5588,3,3,normal,normal,0,0
5,5589,4,4,password,password,1,1
5,5590,3,3,normal,normal,0,0
5,5591,3,3,normal,normal,0,0
5,5592,3,3,normal,normal,0,0
5,5593,3,3,normal,normal,0,0
5,5594,3,3,normal,normal,0,0
5,5595,3,3,normal,normal,0,0
5,5596,0,0,backdoor,backdoor,1,1
5,5597,3,3,normal,normal,0,0
5,5598,3,3,normal,normal,0,0
5,5599,3,3,normal,normal,0,0
5,5600,4,4,password,password,1,1
5,5601,4,4,password,password,1,1
5,5602,4,4,password,password,1,1
5,5603,3,3,normal,normal,0,0
5,5604,4,4,password,password,1,1
5,5605,3,3,normal,normal,0,0
5,5606,0,0,backdoor,backdoor,1,1
5,5607,2,2,injection,injection,1,1
5,5608,3,3,normal,normal,0,0
5,5609,4,4,password,password,1,1
5,5610,3,3,normal,normal,0,0
5,5611,4,4,password,password,1,1
5,5612,2,2,injection,injection,1,1
5,5613,4,4,password,password,1,1
5,5614,2,2,injection,injection,1,1
5,5615,4,4,password,password,1,1
5,5616,3,3,normal,normal,0,0
5,5617,3,3,normal,normal,0,0
5,5618,0,0,backdoor,backdoor,1,1
5,5619,3,3,normal,normal,0,0
5,5620,3,3,normal,normal,0,0
5,5621,3,3,normal,normal,0,0
5,5622,3,3,normal,normal,0,0
5,5623,3,3,normal,normal,0,0
5,5624,4,4,password,password,1,1
5,5625,0,0,backdoor,backdoor,1,1
5,5626,3,3,normal,normal,0,0
5,5627,3,3,normal,normal,0,0
5,5628,0,0,backdoor,backdoor,1,1
5,5629,0,0,backdoor,backdoor,1,1
5,5630,3,3,normal,normal,0,0
5,5631,3,3,normal,normal,0,0
5,5632,2,2,injection,injection,1,1
5,5633,3,3,normal,normal,0,0
5,5634,3,3,normal,normal,0,0
5,5635,3,3,normal,normal,0,0
5,5636,3,3,normal,normal,0,0
5,5637,2,2,injection,injection,1,1
5,5638,4,4,password,password,1,1
5,5639,3,3,normal,normal,0,0
5,5640,3,3,normal,normal,0,0
5,5641,3,3,normal,normal,0,0
5,5642,3,3,normal,normal,0,0
5,5643,4,4,password,password,1,1
5,5644,2,2,injection,injection,1,1
5,5645,3,3,normal,normal,0,0
5,5646,3,3,normal,normal,0,0
5,5647,0,0,backdoor,backdoor,1,1
5,5648,0,0,backdoor,backdoor,1,1
5,5649,3,3,normal,normal,0,0
5,5650,4,4,password,password,1,1
5,5651,3,3,normal,normal,0,0
5,5652,3,3,normal,normal,0,0
5,5653,3,3,normal,normal,0,0
5,5654,3,3,normal,normal,0,0
5,5655,3,3,normal,normal,0,0
5,5656,3,3,normal,normal,0,0
5,5657,3,3,normal,normal,0,0
5,5658,3,3,normal,normal,0,0
5,5659,3,3,normal,normal,0,0
5,5660,3,3,normal,normal,0,0
5,5661,3,3,normal,normal,0,0
5,5662,2,2,injection,injection,1,1
5,5663,3,3,normal,normal,0,0
5,5664,4,4,password,password,1,1
5,5665,0,0,backdoor,backdoor,1,1
5,5666,3,3,normal,normal,0,0
5,5667,4,4,password,password,1,1
5,5668,3,3,normal,normal,0,0
5,5669,4,4,password,password,1,1
5,5670,4,4,password,password,1,1
5,5671,4,4,password,password,1,1
5,5672,3,3,normal,normal,0,0
5,5673,2,2,injection,injection,1,1
5,5674,0,2,backdoor,injection,1,1
5,5675,3,3,normal,normal,0,0
5,5676,2,2,injection,injection,1,1
5,5677,0,0,backdoor,backdoor,1,1
5,5678,3,3,normal,normal,0,0
5,5679,0,0,backdoor,backdoor,1,1
5,5680,3,3,normal,normal,0,0
5,5681,2,2,injection,injection,1,1
5,5682,0,0,backdoor,backdoor,1,1
5,5683,3,3,normal,normal,0,0
5,5684,3,3,normal,normal,0,0
5,5685,4,4,password,password,1,1
5,5686,3,3,normal,normal,0,0
5,5687,3,3,normal,normal,0,0
5,5688,4,4,password,password,1,1
5,5689,3,3,normal,normal,0,0
5,5690,3,3,normal,normal,0,0
5,5691,2,2,injection,injection,1,1
5,5692,4,4,password,password,1,1
5,5693,2,2,injection,injection,1,1
5,5694,2,2,injection,injection,1,1
5,5695,3,3,normal,normal,0,0
5,5696,3,3,normal,normal,0,0
5,5697,3,3,normal,normal,0,0
5,5698,3,3,normal,normal,0,0
5,5699,2,2,injection,injection,1,1
5,5700,2,2,injection,injection,1,1
5,5701,2,2,injection,injection,1,1
5,5702,4,4,password,password,1,1
5,5703,2,2,injection,injection,1,1
5,5704,0,0,backdoor,backdoor,1,1
5,5705,3,3,normal,normal,0,0
5,5706,3,3,normal,normal,0,0
5,5707,3,3,normal,normal,0,0
5,5708,3,3,normal,normal,0,0
5,5709,3,3,normal,normal,0,0
5,5710,0,0,backdoor,backdoor,1,1
5,5711,3,3,normal,normal,0,0
5,5712,3,3,normal,normal,0,0
5,5713,4,4,password,password,1,1
5,5714,4,4,password,password,1,1
5,5715,2,2,injection,injection,1,1
5,5716,3,3,normal,normal,0,0
5,5717,2,2,injection,injection,1,1
5,5718,0,0,backdoor,backdoor,1,1
5,5719,3,3,normal,normal,0,0
5,5720,3,3,normal,normal,0,0
5,5721,4,4,password,password,1,1
5,5722,4,4,password,password,1,1
5,5723,3,3,normal,normal,0,0
5,5724,3,3,normal,normal,0,0
5,5725,4,4,password,password,1,1
5,5726,3,3,normal,normal,0,0
5,5727,3,3,normal,normal,0,0
5,5728,0,0,backdoor,backdoor,1,1
5,5729,3,3,normal,normal,0,0
5,5730,4,4,password,password,1,1
5,5731,3,3,normal,normal,0,0
5,5732,3,3,normal,normal,0,0
5,5733,2,2,injection,injection,1,1
5,5734,2,2,injection,injection,1,1
5,5735,0,0,backdoor,backdoor,1,1
5,5736,3,3,normal,normal,0,0
5,5737,3,3,normal,normal,0,0
5,5738,0,0,backdoor,backdoor,1,1
5,5739,4,4,password,password,1,1
5,5740,4,4,password,password,1,1
5,5741,2,2,injection,injection,1,1
5,5742,3,3,normal,normal,0,0
5,5743,3,3,normal,normal,0,0
5,5744,4,4,password,password,1,1
5,5745,3,3,normal,normal,0,0
5,5746,3,3,normal,normal,0,0
5,5747,4,4,password,password,1,1
5,5748,0,0,backdoor,backdoor,1,1
5,5749,3,3,normal,normal,0,0
5,5750,3,3,normal,normal,0,0
5,5751,3,3,normal,normal,0,0
5,5752,3,3,normal,normal,0,0
5,5753,4,4,password,password,1,1
5,5754,3,3,normal,normal,0,0
5,5755,3,3,normal,normal,0,0
5,5756,3,3,normal,normal,0,0
5,5757,3,3,normal,normal,0,0
5,5758,0,0,backdoor,backdoor,1,1
5,5759,2,2,injection,injection,1,1
5,5760,0,0,backdoor,backdoor,1,1
5,5761,3,3,normal,normal,0,0
5,5762,4,4,password,password,1,1
5,5763,4,4,password,password,1,1
5,5764,3,3,normal,normal,0,0
5,5765,2,2,injection,injection,1,1
5,5766,3,3,normal,normal,0,0
5,5767,0,2,backdoor,injection,1,1
5,5768,3,3,normal,normal,0,0
5,5769,3,3,normal,normal,0,0
5,5770,4,4,password,password,1,1
5,5771,0,0,backdoor,backdoor,1,1
5,5772,2,2,injection,injection,1,1
5,5773,3,3,normal,normal,0,0
5,5774,3,3,normal,normal,0,0
5,5775,4,4,password,password,1,1
5,5776,3,3,normal,normal,0,0
5,5777,2,2,injection,injection,1,1
5,5778,3,3,normal,normal,0,0
5,5779,0,0,backdoor,backdoor,1,1
5,5780,3,3,normal,normal,0,0
5,5781,4,4,password,password,1,1
5,5782,3,3,normal,normal,0,0
5,5783,3,3,normal,normal,0,0
5,5784,3,3,normal,normal,0,0
5,5785,3,3,normal,normal,0,0
5,5786,3,3,normal,normal,0,0
5,5787,3,3,normal,normal,0,0
5,5788,3,3,normal,normal,0,0
5,5789,2,2,injection,injection,1,1
5,5790,3,3,normal,normal,0,0
5,5791,3,3,normal,normal,0,0
5,5792,3,3,normal,normal,0,0
5,5793,0,0,backdoor,backdoor,1,1
5,5794,3,3,normal,normal,0,0
5,5795,2,2,injection,injection,1,1
5,5796,4,4,password,password,1,1
5,5797,4,4,password,password,1,1
5,5798,3,3,normal,normal,0,0
5,5799,3,3,normal,normal,0,0
5,5800,0,0,backdoor,backdoor,1,1
5,5801,3,3,normal,normal,0,0
5,5802,3,3,normal,normal,0,0
5,5803,3,3,normal,normal,0,0
5,5804,3,3,normal,normal,0,0
5,5805,0,0,backdoor,backdoor,1,1
5,5806,3,3,normal,normal,0,0
5,5807,3,3,normal,normal,0,0
5,5808,3,3,normal,normal,0,0
5,5809,4,4,password,password,1,1
5,5810,3,3,normal,normal,0,0
5,5811,3,3,normal,normal,0,0
5,5812,0,0,backdoor,backdoor,1,1
5,5813,2,2,injection,injection,1,1
5,5814,2,2,injection,injection,1,1
5,5815,3,3,normal,normal,0,0
5,5816,2,2,injection,injection,1,1
5,5817,3,3,normal,normal,0,0
5,5818,2,2,injection,injection,1,1
5,5819,4,4,password,password,1,1
5,5820,2,2,injection,injection,1,1
5,5821,4,4,password,password,1,1
5,5822,3,3,normal,normal,0,0
5,5823,2,2,injection,injection,1,1
5,5824,3,3,normal,normal,0,0
5,5825,4,4,password,password,1,1
5,5826,2,2,injection,injection,1,1
5,5827,3,3,normal,normal,0,0
5,5828,3,3,normal,normal,0,0
5,5829,3,3,normal,normal,0,0
5,5830,3,3,normal,normal,0,0
5,5831,4,4,password,password,1,1
5,5832,3,3,normal,normal,0,0
5,5833,3,3,normal,normal,0,0
5,5834,0,2,backdoor,injection,1,1
5,5835,3,3,normal,normal,0,0
5,5836,3,3,normal,normal,0,0
5,5837,3,3,normal,normal,0,0
5,5838,4,4,password,password,1,1
5,5839,3,3,normal,normal,0,0
5,5840,3,3,normal,normal,0,0
5,5841,4,4,password,password,1,1
5,5842,3,3,normal,normal,0,0
5,5843,2,2,injection,injection,1,1
5,5844,0,0,backdoor,backdoor,1,1
5,5845,2,2,injection,injection,1,1
5,5846,4,4,password,password,1,1
5,5847,3,3,normal,normal,0,0
5,5848,3,3,normal,normal,0,0
5,5849,3,3,normal,normal,0,0
5,5850,4,4,password,password,1,1
5,5851,4,4,password,password,1,1
5,5852,3,3,normal,normal,0,0
5,5853,0,0,backdoor,backdoor,1,1
5,5854,3,3,normal,normal,0,0
5,5855,3,3,normal,normal,0,0
5,5856,3,3,normal,normal,0,0
5,5857,0,0,backdoor,backdoor,1,1
5,5858,3,3,normal,normal,0,0
5,5859,3,3,normal,normal,0,0
5,5860,3,3,normal,normal,0,0
5,5861,3,3,normal,normal,0,0
5,5862,3,3,normal,normal,0,0
5,5863,2,2,injection,injection,1,1
5,5864,3,3,normal,normal,0,0
5,5865,3,3,normal,normal,0,0
5,5866,3,3,normal,normal,0,0
5,5867,3,3,normal,normal,0,0
5,5868,4,4,password,password,1,1
5,5869,3,3,normal,normal,0,0
5,5870,2,2,injection,injection,1,1
5,5871,3,3,normal,normal,0,0
5,5872,3,3,normal,normal,0,0
5,5873,3,3,normal,normal,0,0
5,5874,2,2,injection,injection,1,1
5,5875,0,0,backdoor,backdoor,1,1
5,5876,2,2,injection,injection,1,1
5,5877,2,2,injection,injection,1,1
5,5878,3,3,normal,normal,0,0
5,5879,3,3,normal,normal,0,0
5,5880,4,4,password,password,1,1
5,5881,4,4,password,password,1,1
5,5882,0,2,backdoor,injection,1,1
5,5883,2,2,injection,injection,1,1
5,5884,2,2,injection,injection,1,1
5,5885,0,0,backdoor,backdoor,1,1
5,5886,2,2,injection,injection,1,1
5,5887,4,4,password,password,1,1
5,5888,3,3,normal,normal,0,0
5,5889,3,3,normal,normal,0,0
5,5890,3,3,normal,normal,0,0
5,5891,3,3,normal,normal,0,0
5,5892,2,2,injection,injection,1,1
5,5893,4,4,password,password,1,1
5,5894,0,0,backdoor,backdoor,1,1
5,5895,2,2,injection,injection,1,1
5,5896,2,2,injection,injection,1,1
5,5897,2,2,injection,injection,1,1
5,5898,3,3,normal,normal,0,0
5,5899,4,4,password,password,1,1
5,5900,3,3,normal,normal,0,0
5,5901,0,0,backdoor,backdoor,1,1
5,5902,3,3,normal,normal,0,0
5,5903,0,0,backdoor,backdoor,1,1
5,5904,3,3,normal,normal,0,0
5,5905,2,2,injection,injection,1,1
5,5906,3,3,normal,normal,0,0
5,5907,0,0,backdoor,backdoor,1,1
5,5908,3,3,normal,normal,0,0
5,5909,3,3,normal,normal,0,0
5,5910,0,2,backdoor,injection,1,1
5,5911,0,2,backdoor,injection,1,1
5,5912,3,3,normal,normal,0,0
5,5913,4,4,password,password,1,1
5,5914,3,3,normal,normal,0,0
5,5915,2,2,injection,injection,1,1
5,5916,4,4,password,password,1,1
5,5917,3,3,normal,normal,0,0
5,5918,3,3,normal,normal,0,0
5,5919,3,3,normal,normal,0,0
5,5920,2,2,injection,injection,1,1
5,5921,3,3,normal,normal,0,0
5,5922,3,3,normal,normal,0,0
5,5923,3,3,normal,normal,0,0
5,5924,3,3,normal,normal,0,0
5,5925,3,3,normal,normal,0,0
5,5926,3,3,normal,normal,0,0
5,5927,3,3,normal,normal,0,0
5,5928,4,4,password,password,1,1
5,5929,4,4,password,password,1,1
5,5930,4,4,password,password,1,1
5,5931,4,4,password,password,1,1
5,5932,0,0,backdoor,backdoor,1,1
5,5933,2,2,injection,injection,1,1
5,5934,3,3,normal,normal,0,0
5,5935,3,3,normal,normal,0,0
5,5936,2,2,injection,injection,1,1
5,5937,3,3,normal,normal,0,0
5,5938,0,0,backdoor,backdoor,1,1
5,5939,2,2,injection,injection,1,1
5,5940,0,0,backdoor,backdoor,1,1
5,5941,2,2,injection,injection,1,1
5,5942,3,3,normal,normal,0,0
5,5943,0,2,backdoor,injection,1,1
5,5944,0,2,backdoor,injection,1,1
5,5945,3,3,normal,normal,0,0
5,5946,3,3,normal,normal,0,0
5,5947,4,4,password,password,1,1
5,5948,0,0,backdoor,backdoor,1,1
5,5949,0,0,backdoor,backdoor,1,1
5,5950,0,0,backdoor,backdoor,1,1
5,5951,3,3,normal,normal,0,0
5,5952,3,3,normal,normal,0,0
5,5953,3,3,normal,normal,0,0
5,5954,2,2,injection,injection,1,1
5,5955,3,3,normal,normal,0,0
5,5956,3,3,normal,normal,0,0
5,5957,3,3,normal,normal,0,0
5,5958,3,3,normal,normal,0,0
5,5959,3,3,normal,normal,0,0
5,5960,3,3,normal,normal,0,0
5,5961,3,3,normal,normal,0,0
5,5962,4,4,password,password,1,1
5,5963,3,3,normal,normal,0,0
5,5964,3,3,normal,normal,0,0
5,5965,4,4,password,password,1,1
5,5966,3,3,normal,normal,0,0
5,5967,2,2,injection,injection,1,1
5,5968,3,3,normal,normal,0,0
5,5969,0,0,backdoor,backdoor,1,1
5,5970,3,3,normal,normal,0,0
5,5971,4,4,password,password,1,1
5,5972,3,3,normal,normal,0,0
5,5973,3,3,normal,normal,0,0
5,5974,0,0,backdoor,backdoor,1,1
5,5975,3,3,normal,normal,0,0
5,5976,4,4,password,password,1,1
5,5977,3,3,normal,normal,0,0
5,5978,3,3,normal,normal,0,0
5,5979,2,2,injection,injection,1,1
5,5980,3,3,normal,normal,0,0
5,5981,0,0,backdoor,backdoor,1,1
5,5982,3,3,normal,normal,0,0
5,5983,3,3,normal,normal,0,0
5,5984,3,3,normal,normal,0,0
5,5985,2,2,injection,injection,1,1
5,5986,3,3,normal,normal,0,0
5,5987,4,4,password,password,1,1
5,5988,3,3,normal,normal,0,0
5,5989,3,3,normal,normal,0,0
5,5990,4,4,password,password,1,1
5,5991,0,0,backdoor,backdoor,1,1
5,5992,0,0,backdoor,backdoor,1,1
5,5993,2,2,injection,injection,1,1
5,5994,3,3,normal,normal,0,0
5,5995,3,3,normal,normal,0,0
5,5996,0,0,backdoor,backdoor,1,1
5,5997,0,0,backdoor,backdoor,1,1
5,5998,4,4,password,password,1,1
5,5999,2,2,injection,injection,1,1
