round,loss,accuracy,precision_weighted,recall_weighted,f1_weighted,attack_accuracy,attack_precision,attack_recall,attack_f1,confusion_matrix
1,1.6787605285644531,0.13899323816679188,0.019319120256090533,0.13899323816679188,0.03392315179532519,0.21856271731343804,0.21856271731343804,1.0,0.35872214734306446,"[[7955, 0, 0, 0, 0], [0, 0, 0, 0, 0], [1041, 0, 0, 0, 0], [44724, 0, 0, 0, 0], [3513, 0, 0, 0, 0]]"
2,1.669960618019104,0.13899323816679188,0.019319120256090533,0.13899323816679188,0.03392315179532519,0.21856271731343804,0.21856271731343804,1.0,0.35872214734306446,"[[7955, 0, 0, 0, 0], [0, 0, 0, 0, 0], [1041, 0, 0, 0, 0], [44724, 0, 0, 0, 0], [3513, 0, 0, 0, 0]]"
3,1.6607692241668701,0.13899323816679188,0.019319120256090533,0.13899323816679188,0.03392315179532519,0.21856271731343804,0.21856271731343804,1.0,0.35872214734306446,"[[7955, 0, 0, 0, 0], [0, 0, 0, 0, 0], [1041, 0, 0, 0, 0], [44724, 0, 0, 0, 0], [3513, 0, 0, 0, 0]]"
4,1.6508023738861084,0.13899323816679188,0.019319120256090533,0.13899323816679188,0.03392315179532519,0.21856271731343804,0.21856271731343804,1.0,0.35872214734306446,"[[7955, 0, 0, 0, 0], [0, 0, 0, 0, 0], [1041, 0, 0, 0, 0], [44724, 0, 0, 0, 0], [3513, 0, 0, 0, 0]]"
5,1.6397067308425903,0.13899323816679188,0.019319120256090533,0.13899323816679188,0.03392315179532519,0.21856271731343804,0.21856271731343804,1.0,0.35872214734306446,"[[7955, 0, 0, 0, 0], [0, 0, 0, 0, 0], [1041, 0, 0, 0, 0], [44724, 0, 0, 0, 0], [3513, 0, 0, 0, 0]]"
