round,loss,accuracy,precision_weighted,recall_weighted,f1_weighted,attack_accuracy,attack_precision,attack_recall,attack_f1,confusion_matrix
1,0.5339552760124207,0.7787639997903307,0.6064733673694342,0.7787639997903307,0.6819042519872467,0.7787639997903307,0.0,0.0,0.0,"[[44571, 0], [12662, 0]]"
2,0.5055937170982361,0.7787639997903307,0.6064733673694342,0.7787639997903307,0.6819042519872467,0.7787639997903307,0.0,0.0,0.0,"[[44571, 0], [12662, 0]]"
3,0.4725900888442993,0.7787639997903307,0.6064733673694342,0.7787639997903307,0.6819042519872467,0.7787639997903307,0.0,0.0,0.0,"[[44571, 0], [12662, 0]]"
4,0.46040424704551697,0.7787639997903307,0.6064733673694342,0.7787639997903307,0.6819042519872467,0.7787639997903307,0.0,0.0,0.0,"[[44571, 0], [12662, 0]]"
5,0.44468262791633606,0.7855258329984449,0.7779780967523585,0.7855258329984449,0.7032763213410285,0.7855258329984449,0.7496774193548387,0.04588532617280051,0.08647763637716752,"[[44377, 194], [12081, 581]]"
6,0.4341098964214325,0.7829399122883651,0.7795838085182129,0.7829399122883651,0.6948907942221948,0.7829399122883651,0.767337807606264,0.027088927499605116,0.052330459989320316,"[[44467, 104], [12319, 343]]"
7,0.43565958738327026,0.7633533101532333,0.7247648449405565,0.7633533101532333,0.7345816774827618,0.7633533101532333,0.4345308788598575,0.2311641130942979,0.3017836890401072,"[[40762, 3809], [9735, 2927]]"
8,0.4228349030017853,0.7771390631279157,0.7395788663992592,0.7771390631279157,0.744381169553968,0.7771390631279157,0.49211463455994575,0.22918970146896225,0.3127323670456382,"[[41576, 2995], [9760, 2902]]"
