round,loss,accuracy,precision_weighted,recall_weighted,f1_weighted,attack_accuracy,attack_precision,attack_recall,attack_f1,confusion_matrix
1,0.7070804238319397,0.7787639997903307,0.6064733673694342,0.7787639997903307,0.6819042519872467,0.7787639997903307,0.0,0.0,0.0,"[[44571, 0], [12662, 0]]"
2,0.6659293174743652,0.7787639997903307,0.6064733673694342,0.7787639997903307,0.6819042519872467,0.7787639997903307,0.0,0.0,0.0,"[[44571, 0], [12662, 0]]"
3,0.5964837074279785,0.7787639997903307,0.6064733673694342,0.7787639997903307,0.6819042519872467,0.7787639997903307,0.0,0.0,0.0,"[[44571, 0], [12662, 0]]"
4,0.5610790848731995,0.7787639997903307,0.6064733673694342,0.7787639997903307,0.6819042519872467,0.7787639997903307,0.0,0.0,0.0,"[[44571, 0], [12662, 0]]"
5,0.5723035931587219,0.7787639997903307,0.6064733673694342,0.7787639997903307,0.6819042519872467,0.7787639997903307,0.0,0.0,0.0,"[[44571, 0], [12662, 0]]"
6,0.5610957145690918,0.7787639997903307,0.6064733673694342,0.7787639997903307,0.6819042519872467,0.7787639997903307,0.0,0.0,0.0,"[[44571, 0], [12662, 0]]"
7,0.5497807860374451,0.7802841018293641,0.7506034530796541,0.7802841018293641,0.6889376097475443,0.7802841018293641,0.6435643564356436,0.015400410677618069,0.03008098727342846,"[[44463, 108], [12467, 195]]"
8,0.5395628213882446,0.7788513619764821,0.8277623550474206,0.7788513619764821,0.6821124000705162,0.7788513619764821,1.0,0.00039488232506713,0.0007894529091339702,"[[44571, 0], [12657, 5]]"
