round,loss,accuracy,precision_weighted,recall_weighted,f1_weighted,attack_accuracy,attack_precision,attack_recall,attack_f1,confusion_matrix
1,0.06868086010217667,1.0,1.0,1.0,1.0,1.0,1.0,1.0,1.0,"[[44571, 0], [0, 12662]]"
2,0.0015198077308014035,1.0,1.0,1.0,1.0,1.0,1.0,1.0,1.0,"[[44571, 0], [0, 12662]]"
3,4.758339855470695e-06,1.0,1.0,1.0,1.0,1.0,1.0,1.0,1.0,"[[44571, 0], [0, 12662]]"
4,0.0,1.0,1.0,1.0,1.0,1.0,1.0,1.0,1.0,"[[44571, 0], [0, 12662]]"
5,0.0,1.0,1.0,1.0,1.0,1.0,1.0,1.0,1.0,"[[44571, 0], [0, 12662]]"
6,0.0,1.0,1.0,1.0,1.0,1.0,1.0,1.0,1.0,"[[44571, 0], [0, 12662]]"
7,0.0,1.0,1.0,1.0,1.0,1.0,1.0,1.0,1.0,"[[44571, 0], [0, 12662]]"
8,0.0,1.0,1.0,1.0,1.0,1.0,1.0,1.0,1.0,"[[44571, 0], [0, 12662]]"
