round,loss,accuracy,precision_weighted,recall_weighted,f1_weighted,attack_accuracy,attack_precision,attack_recall,attack_f1,confusion_matrix
1,0.5992686152458191,0.7430328656544302,0.744647068967888,0.7430328656544302,0.7351285309572537,0.7659392308633132,0.4681423611111111,0.42592007581740643,0.4460342403440576,"[[1808, 0, 535, 5148, 511], [0, 0, 0, 0, 0], [35, 0, 932, 70, 0], [1903, 0, 2111, 38444, 2113], [230, 0, 0, 2051, 1342]]"
