round,loss,accuracy,precision_weighted,recall_weighted,f1_weighted,attack_accuracy,attack_precision,attack_recall,attack_f1,confusion_matrix
1,1.6184816360473633,0.01818880715671029,0.0003308327057839954,0.01818880715671029,0.0006498454971388753,0.21856271731343804,0.21856271731343804,1.0,0.35872214734306446,"[[0, 0, 7955, 0, 0], [0, 0, 0, 0, 0], [0, 0, 1041, 0, 0], [0, 0, 44724, 0, 0], [0, 0, 3513, 0, 0]]"
2,1.534429669380188,0.01818880715671029,0.0003308327057839954,0.01818880715671029,0.0006498454971388753,0.21856271731343804,0.21856271731343804,1.0,0.35872214734306446,"[[0, 0, 7955, 0, 0], [0, 0, 0, 0, 0], [0, 0, 1041, 0, 0], [0, 0, 44724, 0, 0], [0, 0, 3513, 0, 0]]"
3,1.3743093013763428,0.7799171806475286,0.6107903618981589,0.7799171806475286,0.6850698402718215,0.7805811332622787,0.304,0.0030378127748021426,0.006015513693208801,"[[0, 0, 18, 7937, 0], [0, 0, 0, 0, 0], [0, 0, 0, 1041, 0], [0, 0, 87, 44637, 0], [0, 0, 20, 3493, 0]]"
4,1.1115174293518066,0.781437282686562,0.6106442267725578,0.781437282686562,0.6855635420986063,0.781437282686562,0.0,0.0,0.0,"[[0, 0, 0, 7955, 0], [0, 0, 0, 0, 0], [0, 0, 0, 1041, 0], [0, 0, 0, 44724, 0], [0, 0, 0, 3513, 0]]"
5,0.8615487217903137,0.781437282686562,0.6106442267725578,0.781437282686562,0.6855635420986063,0.781437282686562,0.0,0.0,0.0,"[[0, 0, 0, 7955, 0], [0, 0, 0, 0, 0], [0, 0, 0, 1041, 0], [0, 0, 0, 44724, 0], [0, 0, 0, 3513, 0]]"
