round,loss,accuracy,precision_weighted,recall_weighted,f1_weighted,attack_accuracy,attack_precision,attack_recall,attack_f1,confusion_matrix
1,1.6715052127838135,0.0,0.0,0.0,0.0,0.21856271731343804,0.21856271731343804,1.0,0.35872214734306446,"[[0, 7955, 0, 0, 0], [0, 0, 0, 0, 0], [0, 1041, 0, 0, 0], [0, 44724, 0, 0, 0], [0, 3513, 0, 0, 0]]"
2,1.6056817770004272,0.0,0.0,0.0,0.0,0.21856271731343804,0.21856271731343804,1.0,0.35872214734306446,"[[0, 7955, 0, 0, 0], [0, 0, 0, 0, 0], [0, 1041, 0, 0, 0], [0, 44724, 0, 0, 0], [0, 3513, 0, 0, 0]]"
3,1.4961401224136353,0.09812520748519211,0.5964326963261392,0.09812520748519209,0.16852470256778662,0.28625093914350114,0.2158796992481203,0.8607402670077544,0.34518466273403436,"[[0, 6794, 0, 1161, 0], [0, 0, 0, 0, 0], [0, 956, 0, 85, 0], [0, 39108, 0, 5616, 0], [0, 3017, 0, 496, 0]]"
4,1.3163504600524902,0.781437282686562,0.6106442267725578,0.781437282686562,0.6855635420986063,0.781437282686562,0.0,0.0,0.0,"[[0, 0, 0, 7955, 0], [0, 0, 0, 0, 0], [0, 0, 0, 1041, 0], [0, 0, 0, 44724, 0], [0, 0, 0, 3513, 0]]"
5,1.0554929971694946,0.781437282686562,0.6106442267725578,0.781437282686562,0.6855635420986063,0.781437282686562,0.0,0.0,0.0,"[[0, 0, 0, 7955, 0], [0, 0, 0, 0, 0], [0, 0, 0, 1041, 0], [0, 0, 0, 44724, 0], [0, 0, 0, 3513, 0]]"
