round,loss,accuracy,precision_weighted,recall_weighted,f1_weighted,attack_accuracy,attack_precision,attack_recall,attack_f1,confusion_matrix
1,0.5409606099128723,0.8353749092736308,0.7801817546425591,0.8353749092736308,0.8000387741627639,0.8441293060130646,0.33455882352941174,0.17604508369080663,0.23069716175254892,"[[191, 0, 686, 4765, 0], [0, 0, 0, 1624, 0], [0, 0, 1118, 1, 0], [691, 0, 3472, 73503, 0], [98, 0, 0, 3406, 0]]"
