round,loss,accuracy,precision_weighted,recall_weighted,f1_weighted,attack_accuracy,attack_precision,attack_recall,attack_f1,confusion_matrix
1,0.42336562275886536,0.8672435933225392,0.7521114501589897,0.8672435933225392,0.805584716261574,0.8672435933225392,0.0,0.0,0.0,"[[77666, 0], [11889, 0]]"
2,0.3582783341407776,0.8672435933225392,0.7521114501589897,0.8672435933225392,0.805584716261574,0.8672435933225392,0.0,0.0,0.0,"[[77666, 0], [11889, 0]]"
3,0.3322502076625824,0.8672435933225392,0.7521114501589897,0.8672435933225392,0.805584716261574,0.8672435933225392,0.0,0.0,0.0,"[[77666, 0], [11889, 0]]"
4,0.32432225346565247,0.8672435933225392,0.7521114501589897,0.8672435933225392,0.805584716261574,0.8672435933225392,0.0,0.0,0.0,"[[77666, 0], [11889, 0]]"
5,0.29868221282958984,0.8672435933225392,0.7521114501589897,0.8672435933225392,0.805584716261574,0.8672435933225392,0.0,0.0,0.0,"[[77666, 0], [11889, 0]]"
6,0.3006274998188019,0.8672435933225392,0.7521114501589897,0.8672435933225392,0.805584716261574,0.8672435933225392,0.0,0.0,0.0,"[[77666, 0], [11889, 0]]"
7,0.29818195104599,0.8672435933225392,0.7521114501589897,0.8672435933225392,0.805584716261574,0.8672435933225392,0.0,0.0,0.0,"[[77666, 0], [11889, 0]]"
8,0.2966183125972748,0.8672435933225392,0.7521114501589897,0.8672435933225392,0.805584716261574,0.8672435933225392,0.0,0.0,0.0,"[[77666, 0], [11889, 0]]"
