round,loss,accuracy,precision_weighted,recall_weighted,f1_weighted,attack_accuracy,attack_precision,attack_recall,attack_f1,confusion_matrix
1,1.6050621271133423,0.018391138307613283,0.00033823396824976076,0.018391138307613283,0.000664251593571103,0.1320209035888961,0.1320209035888961,1.0,0.23324817266243822,"[[0, 5654, 0, 0, 0], [0, 1647, 0, 0, 0], [0, 1109, 0, 0, 0], [0, 77731, 0, 0, 0], [0, 3413, 0, 0, 0]]"
2,1.5130760669708252,0.0371172700270228,0.6537852230229442,0.0371172700270228,0.03806199786130356,0.14495164928423074,0.12899935826916026,0.9521272096760551,0.22721446809369544,"[[0, 5396, 0, 258, 0], [0, 1600, 0, 47, 0], [0, 1109, 0, 0, 0], [0, 76007, 0, 1724, 0], [0, 3152, 0, 261, 0]]"
3,1.1971077919006348,0.8679790964111039,0.7533877118066364,0.8679790964111039,0.8066339856308876,0.8679790964111039,0.0,0.0,0.0,"[[0, 0, 0, 5654, 0], [0, 0, 0, 1647, 0], [0, 0, 0, 1109, 0], [0, 0, 0, 77731, 0], [0, 0, 0, 3413, 0]]"
4,0.759149968624115,0.8679790964111039,0.7533877118066364,0.8679790964111039,0.8066339856308876,0.8679790964111039,0.0,0.0,0.0,"[[0, 0, 0, 5654, 0], [0, 0, 0, 1647, 0], [0, 0, 0, 1109, 0], [0, 0, 0, 77731, 0], [0, 0, 0, 3413, 0]]"
5,0.5584954619407654,0.8679790964111039,0.7533877118066364,0.8679790964111039,0.8066339856308876,0.8679790964111039,0.0,0.0,0.0,"[[0, 0, 0, 5654, 0], [0, 0, 0, 1647, 0], [0, 0, 0, 1109, 0], [0, 0, 0, 77731, 0], [0, 0, 0, 3413, 0]]"
