round,loss,accuracy,precision_weighted,recall_weighted,f1_weighted,attack_accuracy,attack_precision,attack_recall,attack_f1,confusion_matrix
1,0.6683651208877563,0.8672435933225392,0.7521114501589897,0.8672435933225392,0.805584716261574,0.8672435933225392,0.0,0.0,0.0,"[[77666, 0], [11889, 0]]"
2,0.5834124088287354,0.8672435933225392,0.7521114501589897,0.8672435933225392,0.805584716261574,0.8672435933225392,0.0,0.0,0.0,"[[77666, 0], [11889, 0]]"
3,0.5179269909858704,0.8672435933225392,0.7521114501589897,0.8672435933225392,0.805584716261574,0.8672435933225392,0.0,0.0,0.0,"[[77666, 0], [11889, 0]]"
4,0.5262186527252197,0.8672435933225392,0.7521114501589897,0.8672435933225392,0.805584716261574,0.8672435933225392,0.0,0.0,0.0,"[[77666, 0], [11889, 0]]"
5,0.5061619281768799,0.8672435933225392,0.7521114501589897,0.8672435933225392,0.805584716261574,0.8672435933225392,0.0,0.0,0.0,"[[77666, 0], [11889, 0]]"
6,0.4886472523212433,0.8672435933225392,0.7521114501589897,0.8672435933225392,0.805584716261574,0.8672435933225392,0.0,0.0,0.0,"[[77666, 0], [11889, 0]]"
7,0.4869077801704407,0.8672435933225392,0.7521114501589897,0.8672435933225392,0.805584716261574,0.8672435933225392,0.0,0.0,0.0,"[[77666, 0], [11889, 0]]"
8,0.47626715898513794,0.8672435933225392,0.7521114501589897,0.8672435933225392,0.805584716261574,0.8672435933225392,0.0,0.0,0.0,"[[77666, 0], [11889, 0]]"
