round,loss,accuracy,precision_weighted,recall_weighted,f1_weighted,attack_accuracy,attack_precision,attack_recall,attack_f1,confusion_matrix
1,1.479034662246704,0.8679790964111039,0.7533877118066364,0.8679790964111039,0.8066339856308876,0.8679790964111039,0.0,0.0,0.0,"[[0, 0, 0, 5654, 0], [0, 0, 0, 1647, 0], [0, 0, 0, 1109, 0], [0, 0, 0, 77731, 0], [0, 0, 0, 3413, 0]]"
2,1.4732933044433594,0.8679790964111039,0.7533877118066364,0.8679790964111039,0.8066339856308876,0.8679790964111039,0.0,0.0,0.0,"[[0, 0, 0, 5654, 0], [0, 0, 0, 1647, 0], [0, 0, 0, 1109, 0], [0, 0, 0, 77731, 0], [0, 0, 0, 3413, 0]]"
3,1.4676766395568848,0.8679790964111039,0.7533877118066364,0.8679790964111039,0.8066339856308876,0.8679790964111039,0.0,0.0,0.0,"[[0, 0, 0, 5654, 0], [0, 0, 0, 1647, 0], [0, 0, 0, 1109, 0], [0, 0, 0, 77731, 0], [0, 0, 0, 3413, 0]]"
4,1.4618784189224243,0.8679790964111039,0.7533877118066364,0.8679790964111039,0.8066339856308876,0.8679790964111039,0.0,0.0,0.0,"[[0, 0, 0, 5654, 0], [0, 0, 0, 1647, 0], [0, 0, 0, 1109, 0], [0, 0, 0, 77731, 0], [0, 0, 0, 3413, 0]]"
5,1.4558969736099243,0.8679790964111039,0.7533877118066364,0.8679790964111039,0.8066339856308876,0.8679790964111039,0.0,0.0,0.0,"[[0, 0, 0, 5654, 0], [0, 0, 0, 1647, 0], [0, 0, 0, 1109, 0], [0, 0, 0, 77731, 0], [0, 0, 0, 3413, 0]]"
