round,loss,accuracy,precision_weighted,recall_weighted,f1_weighted,attack_accuracy,attack_precision,attack_recall,attack_f1,confusion_matrix
1,0.06379282474517822,1.0,1.0,1.0,1.0,1.0,1.0,1.0,1.0,"[[77666, 0], [0, 11889]]"
2,0.0005481510306708515,1.0,1.0,1.0,1.0,1.0,1.0,1.0,1.0,"[[77666, 0], [0, 11889]]"
3,2.474257053108886e-05,1.0,1.0,1.0,1.0,1.0,1.0,1.0,1.0,"[[77666, 0], [0, 11889]]"
4,2.3199016141006723e-05,1.0,1.0,1.0,1.0,1.0,1.0,1.0,1.0,"[[77666, 0], [0, 11889]]"
5,0.0,1.0,1.0,1.0,1.0,1.0,1.0,1.0,1.0,"[[77666, 0], [0, 11889]]"
6,0.0,1.0,1.0,1.0,1.0,1.0,1.0,1.0,1.0,"[[77666, 0], [0, 11889]]"
7,0.0,1.0,1.0,1.0,1.0,1.0,1.0,1.0,1.0,"[[77666, 0], [0, 11889]]"
8,0.0,1.0,1.0,1.0,1.0,1.0,1.0,1.0,1.0,"[[77666, 0], [0, 11889]]"
