round,loss,accuracy,precision_weighted,recall_weighted,f1_weighted,attack_accuracy,attack_precision,attack_recall,attack_f1,confusion_matrix
1,3.3399683226099506,0.3363929739930544,0.2783930791808782,0.3363929739930544,0.3046571253894225,0.602782709680301,0.6426377889122353,0.5167887006628828,0.5728831468229192,"[[0, 11471, 2994, 13744, 0], [0, 0, 0, 432, 0], [0, 0, 0, 0, 0], [0, 4532, 8734, 30125, 0], [0, 9391, 0, 8130, 0]]"
2,3.3266515084921515,0.34176409500519245,0.2737481696516707,0.34176409500519245,0.3039981518889395,0.5940839502864226,0.6386478618467539,0.4894935228109701,0.554210661859387,"[[0, 10724, 2971, 14514, 0], [0, 0, 0, 432, 0], [0, 0, 0, 0, 0], [0, 4026, 8759, 30606, 0], [0, 8901, 0, 8620, 0]]"
