round,loss,accuracy,precision_weighted,recall_weighted,f1_weighted,attack_accuracy,attack_precision,attack_recall,attack_f1,confusion_matrix
1,3.3644351959228516,0.48453447082207385,0.23477365341482714,0.48453447082207385,0.3162926264485043,0.48453447082207385,0.0,0.0,0.0,"[[0, 0, 0, 28209, 0], [0, 0, 0, 432, 0], [0, 0, 0, 0, 0], [0, 0, 0, 43392, 0], [0, 0, 0, 17521, 0]]"
2,5.525491714477539,0.420729392321951,0.28297305771644393,0.420729392321951,0.3383676797203932,0.6365098153069656,0.7717868839364167,0.41861271175425674,0.5428089887640449,"[[0, 11005, 0, 17204, 0], [0, 0, 0, 432, 0], [0, 0, 0, 0, 0], [0, 5714, 0, 37678, 0], [0, 8319, 0, 9202, 0]]"
3,7.651580810546875,0.262545503271769,0.28681708151985397,0.262545503271769,0.27414511690173743,0.5970252585032494,0.6010755708953727,0.648888696330315,0.6240676694862286,"[[0, 14425, 4337, 9447, 0], [0, 0, 31, 401, 0], [0, 0, 0, 0, 0], [0, 6525, 13355, 23512, 0], [0, 11160, 1, 6360, 0]]"
4,11.645394325256348,0.250619737811823,0.28361390734223413,0.250619737811823,0.26609796572209615,0.5885387587377449,0.5909392696738918,0.6555608509163381,0.6215749907570965,"[[0, 14544, 4545, 9120, 0], [0, 0, 64, 368, 0], [0, 0, 0, 0, 0], [0, 6923, 14025, 22444, 0], [0, 11108, 1, 6412, 0]]"
5,13.835317611694336,0.23608102373986645,0.2876647042239837,0.23608102373986645,0.259332627422257,0.5899792304084687,0.5875275754036668,0.6865603743338676,0.6331951450976475,"[[0, 14931, 5084, 8194, 0], [0, 0, 96, 336, 0], [0, 0, 0, 0, 0], [0, 6789, 15461, 21142, 0], [0, 11581, 1, 5939, 0]]"
