round,loss,accuracy,precision_weighted,recall_weighted,f1_weighted,attack_accuracy,attack_precision,attack_recall,attack_f1,confusion_matrix
1,1.453115463256836,0.8679790964111039,0.7533877118066364,0.8679790964111039,0.8066339856308876,0.8679790964111039,0.0,0.0,0.0,"[[0, 0, 0, 5654, 0], [0, 0, 0, 1647, 0], [0, 0, 0, 1109, 0], [0, 0, 0, 77731, 0], [0, 0, 0, 3413, 0]]"
2,1.3987329006195068,0.8679790964111039,0.7533877118066364,0.8679790964111039,0.8066339856308876,0.8679790964111039,0.0,0.0,0.0,"[[0, 0, 0, 5654, 0], [0, 0, 0, 1647, 0], [0, 0, 0, 1109, 0], [0, 0, 0, 77731, 0], [0, 0, 0, 3413, 0]]"
3,1.3382513523101807,0.8679790964111039,0.7533877118066364,0.8679790964111039,0.8066339856308876,0.8679790964111039,0.0,0.0,0.0,"[[0, 0, 0, 5654, 0], [0, 0, 0, 1647, 0], [0, 0, 0, 1109, 0], [0, 0, 0, 77731, 0], [0, 0, 0, 3413, 0]]"
4,1.2508065700531006,0.8679790964111039,0.7533877118066364,0.8679790964111039,0.8066339856308876,0.8679790964111039,0.0,0.0,0.0,"[[0, 0, 0, 5654, 0], [0, 0, 0, 1647, 0], [0, 0, 0, 1109, 0], [0, 0, 0, 77731, 0], [0, 0, 0, 3413, 0]]"
5,1.1130084991455078,0.8679790964111039,0.7533877118066364,0.8679790964111039,0.8066339856308876,0.8679790964111039,0.0,0.0,0.0,"[[0, 0, 0, 5654, 0], [0, 0, 0, 1647, 0], [0, 0, 0, 1109, 0], [0, 0, 0, 77731, 0], [0, 0, 0, 3413, 0]]"
