round,loss,accuracy,precision_weighted,recall_weighted,f1_weighted,attack_accuracy,attack_precision,attack_recall,attack_f1,confusion_matrix
1,0.8846039772033691,0.5189101669365195,0.8440348092876709,0.5189101669365195,0.6084991470497002,0.5794204678689073,0.2233503627699309,0.875178736647321,0.3558785805899957,"[[4986, 0, 0, 656, 0], [1532, 0, 0, 92, 0], [1091, 0, 0, 28, 0], [36181, 0, 0, 41485, 0], [2796, 0, 0, 708, 0]]"
2,0.7765690684318542,0.5011668806878454,0.8579139110803878,0.5011668806878454,0.5980693232174005,0.561487354139914,0.22134250590246682,0.9147110774665658,0.35643467003162843,"[[4460, 0, 355, 371, 456], [1435, 0, 0, 88, 101], [407, 0, 712, 0, 0], [32804, 0, 1838, 39409, 3615], [2648, 0, 0, 555, 301]]"
3,0.7993753552436829,0.4761319859304338,0.8724720457984747,0.4761319859304338,0.580845081251795,0.5437552342136117,0.2217633499807914,0.9710656909748507,0.3610689768409201,"[[2679, 0, 335, 114, 2514], [766, 0, 0, 92, 766], [437, 0, 681, 1, 0], [21219, 0, 1677, 37151, 17619], [1238, 0, 0, 137, 2129]]"
4,0.7832403182983398,0.47531684439729777,0.874281022289616,0.47531684439729777,0.5787966972992712,0.5411646474233711,0.22113144123152145,0.9738413659685423,0.36042149828007536,"[[2260, 59, 566, 127, 2630], [656, 40, 0, 92, 836], [74, 0, 1045, 0, 0], [18877, 373, 2962, 36886, 18568], [1054, 21, 1, 92, 2336]]"
5,0.8349222540855408,0.4624085757355815,0.8727255769405498,0.4624085757355815,0.5658394188495567,0.5301658198872201,0.21760930980935098,0.978299268231138,0.3560255900088769,"[[1817, 0, 811, 91, 2923], [487, 0, 6, 82, 1049], [0, 0, 1119, 0, 0], [16776, 0, 4721, 35848, 20321], [791, 0, 1, 85, 2627]]"
