round,clients,samples,accuracy,precision,recall,f1,attack_accuracy,attack_precision,attack_recall,attack_f1
1,7,705039,0.7056162850565714,0.7752169527681461,0.7056162850565714,0.6639373010651932,0.7056162850565714,0.0609644677683773,0.27194352330456445,0.09587019289887394
2,7,705039,0.7942553532499621,0.8009717166410077,0.7942553532499621,0.7609154882195607,0.7942553532499621,0.15257186902421882,0.35052621109055454,0.19787724962163536
3,7,705039,0.8305526360953082,0.7981340297065955,0.8305526360953082,0.7992795503045583,0.8305526360953082,0.13426483865635724,0.3483768508457964,0.19345419698649363
4,7,705039,0.8517089125566103,0.8173756922869099,0.8517089125566103,0.8194187302901308,0.8517089125566103,0.27135300496915127,0.3672550014455569,0.2551781639859978
5,7,705039,0.8667080828152769,0.8226831261406423,0.8667080828152769,0.835374023187227,0.8667080828152769,0.2880513990685707,0.39783132977212193,0.31326819844610543
6,7,705039,0.877544362794115,0.8257201694911115,0.877544362794115,0.842342227556131,0.877544362794115,0.3288685769839063,0.37430162891063606,0.314168147077981
7,7,705039,0.8789584689641282,0.8369884762013047,0.8789584689641282,0.8437132651181408,0.8789584689641282,0.37659083207241706,0.37744569553323826,0.315470187148466
8,7,705039,0.8779982383953228,0.8437496642472179,0.8779982383953228,0.8420465546027707,0.8779982383953228,0.4135647918380831,0.37026437177325017,0.3087159068085505
