round,clients,samples,accuracy,precision,recall,f1,attack_accuracy,attack_precision,attack_recall,attack_f1
1,7,705038,0.39851185326181,0.3366866709821371,0.39851185326181,0.3609884405215606,0.46829958101549135,0.0805658702084143,0.5529077865306551,0.13997226629492443
2,7,705038,0.6406136974177279,0.5531639737195184,0.6406136974177279,0.5925475281954791,0.6800413594728227,0.04219488878613635,0.26442404522876783,0.07226758434765851
3,7,705038,0.6840581642407927,0.7362117763782299,0.6840581642407927,0.6625369190287628,0.7147302698577949,0.040954009040034316,0.205234929231845,0.0679661525329712
4,7,705038,0.8600756271293178,0.7402972287420172,0.8600756271293178,0.7955593597646404,0.8600756271293178,0.0,0.0,0.0
5,7,705038,0.8600756271293178,0.7402972287420172,0.8600756271293178,0.7955593597646405,0.8600756271293178,0.0,0.0,0.0
