round,clients,samples,accuracy,precision,recall,f1,attack_accuracy,attack_precision,attack_recall,attack_f1
1,7,705029,0.3818580512290984,0.3344117693464919,0.3818580512290984,0.3346793472896365,0.5541814592023874,0.5767573051464059,0.386166209944267,0.3969784554490914
2,7,705029,0.3824452611169186,0.3398091313615311,0.3824452611169186,0.3296112589512267,0.5420982682981835,0.5818802517095972,0.35653590033254867,0.36436275236563137
