round,clients,samples,accuracy,precision,recall,f1,attack_accuracy,attack_precision,attack_recall,attack_f1
1,7,705033,0.5029296501014846,0.3196496838961575,0.5029296501014846,0.3833813590826629,0.5755900787622708,0.4205520522186612,0.16167877615671633,0.18883111478948847
2,7,705033,0.4421324959257226,0.31947653400884346,0.4421324959257226,0.35803422086901915,0.5796381162300205,0.5465940739561537,0.2759288397471234,0.2954432728374269
3,7,705033,0.3842855582646486,0.33430773909394546,0.3842855582646486,0.333440565069492,0.5546477966279593,0.577442189461423,0.4067584222701766,0.374644457835745
4,7,705033,0.3320497054747792,0.3364638268470182,0.3320497054747792,0.30313303847086065,0.5193132803712734,0.5403808213010421,0.4428632969202586,0.38499938268968426
5,7,705033,0.31656532389264047,0.3320181147103804,0.31656532389264047,0.29182870507928194,0.5233840118122131,0.5609637561345852,0.4790541175767268,0.41420333007326554
