round,clients,samples,accuracy,precision,recall,f1,attack_accuracy,attack_precision,attack_recall,attack_f1
1,7,705039,0.8791428559271189,0.8713346360266849,0.8791428559271189,0.871099480488571,0.8886274376311097,0.5861851790342218,0.6113187892518231,0.5901419309480418
