round,clients,samples,accuracy,precision,recall,f1,attack_accuracy,attack_precision,attack_recall,attack_f1
1,7,705038,0.41509110147254474,0.34405382616943053,0.41509110147254474,0.36918906823939734,0.47509354105736146,0.0793389859837342,0.5436600580394249,0.13783377278590497
2,7,705038,0.5511532711711993,0.68687173572389,0.5511532711711993,0.5105724895455845,0.5952133076515025,0.05903447999760188,0.38022945404988745,0.10168303249276812
3,7,705038,0.8599522295252171,0.7403090915801104,0.8599522295252171,0.7955192824402233,0.860006127329307,0.02467786417186024,0.0002466010889345695,0.0004883224665953031
4,7,705038,0.8600756271293178,0.7402972287420172,0.8600756271293178,0.7955593597646405,0.8600756271293178,0.0,0.0,0.0
5,7,705038,0.8600756271293178,0.7402972287420172,0.8600756271293178,0.7955593597646405,0.8600756271293178,0.0,0.0,0.0
