round,clients,samples,accuracy,precision,recall,f1,attack_accuracy,attack_precision,attack_recall,attack_f1
1,7,721224,0.013715572415782059,0.0006129823612797233,0.013715572415782059,0.0011607401951126148,0.14388040331436558,0.14388040331436558,1.0,0.25080577718591124
2,7,721224,0.013715572415782059,0.0006129823612797233,0.013715572415782059,0.0011607401951126146,0.14388040331436558,0.14388040331436558,1.0,0.25080577718591124
3,7,721224,0.013715572415782059,0.0006129823612797232,0.013715572415782059,0.0011607401951126148,0.14388040331436558,0.14388040331436558,1.0,0.25080577718591124
4,7,721224,0.013715572415782059,0.0006174979399680146,0.013715572415782059,0.0011687889335252161,0.14388040331436558,0.14388040331436558,1.0,0.25080577718591124
5,7,721224,0.013715572415782059,0.0006567454631088505,0.013715572415782059,0.0012384500474380146,0.14388040331436558,0.14388040331436558,1.0,0.25080577718591124
