round,clients,samples,accuracy,precision,recall,f1,attack_accuracy,attack_precision,attack_recall,attack_f1
1,7,721224,0.008244317992745666,0.10699049641003812,0.008244317992745666,0.00034719188395102425,0.14390952048184752,0.14387585726532934,0.9999149525966062,0.250796077649721
2,7,721224,0.050204929397801516,0.1105129725640348,0.050204929397801516,0.061807747178380515,0.17552105864474837,0.1391791136832933,0.9248275451113701,0.24062369823931107
3,7,721224,0.11464815369427529,0.11585225866434894,0.11464815369427529,0.11171769447181545,0.22982596253036505,0.13127935531623156,0.8531514834733742,0.22236344136063632
4,7,721224,0.14573974243785565,0.11865752702483168,0.14573974243785565,0.1281637315065546,0.2589056936541213,0.1199932337248899,0.8372003704812929,0.20914431662207522
5,7,721224,0.14573974243785565,0.11865752702483168,0.14573974243785565,0.1281637315065546,0.2589056936541213,0.1199932337248899,0.8372003704812929,0.20914431662207522
