round,clients,samples,accuracy,precision,recall,f1,attack_accuracy,attack_precision,attack_recall,attack_f1
1,7,705039,0.8918244238971178,0.8785152193484944,0.8918244238971178,0.8799733364707988,0.8918244238971178,0.8918060207934251,1.0,0.9036677275868741
2,7,705039,0.9999900714712235,0.9999900763347436,0.9999900714712235,0.9999900725006375,0.9999900714712235,0.9999254366794103,1.0,0.9999627092062007
3,7,705039,0.9932670391283319,0.9953361376754808,0.9932670391283319,0.9937700905429333,0.9932670391283319,0.9620936961762485,1.0,0.9776058945513639
4,7,705039,1.0,1.0,1.0,1.0,1.0,1.0,1.0,1.0
5,7,705039,1.0,1.0,1.0,1.0,1.0,1.0,1.0,1.0
6,7,705039,1.0,1.0,1.0,1.0,1.0,1.0,1.0,1.0
7,7,705039,1.0,1.0,1.0,1.0,1.0,1.0,1.0,1.0
8,7,705039,1.0,1.0,1.0,1.0,1.0,1.0,1.0,1.0
