round,clients,samples,accuracy,precision,recall,f1,attack_accuracy,attack_precision,attack_recall,attack_f1
1,7,705039,0.5082413880650574,0.6676826818423944,0.5082413880650574,0.5316055666113211,0.5537665292274612,0.16820941835646042,0.65522474345676,0.2506399307514794
2,7,705039,0.4986759597696014,0.6740211260221386,0.4986759597696014,0.5386697413627439,0.5469484666805666,0.21362193279168015,0.6999589788963548,0.29725490546302535
3,7,705039,0.514184321718373,0.7918551664209507,0.514184321718373,0.5615849199858679,0.5619561471067558,0.22363988366593443,0.6968854764957744,0.30033526806569294
4,7,705039,0.48596318785201953,0.8080102514772642,0.48596318785201953,0.5365133105865676,0.5355732094252942,0.21498322190775895,0.7221742835884717,0.27872734897045087
5,7,705039,0.5109774069235886,0.8135807895307389,0.5109774069235886,0.5570285510813374,0.5609817329254126,0.27813570806221033,0.7377592011085864,0.2980694127221271
