round,clients,samples,accuracy,precision,recall,f1,attack_accuracy,attack_precision,attack_recall,attack_f1
1,7,705039,0.8862984884524119,0.8076628259534636,0.8862984884524119,0.8409190162445862,0.8862984884524119,0.34191123527102724,0.20241975989868047,0.25261469041751183
2,7,705039,0.8918201688133565,0.8257618107549091,0.8918201688133565,0.847062157962091,0.8918201688133565,0.43122533012741543,0.25918120449443893,0.2786371681087364
3,7,705039,0.8962369457576106,0.8289383140468747,0.8962369457576106,0.8530707492269772,0.8962369457576106,0.42445166700902853,0.2950676979864062,0.30878232911079073
4,7,705039,0.8712411653823405,0.8252786684334499,0.8712411653823405,0.8342122092550319,0.8712411653823405,0.34182846660285543,0.352184348722602,0.2790376493146894
5,7,705039,0.9006934368169704,0.8471872635239865,0.9006934368169704,0.8602235599688854,0.9006934368169704,0.4757505630930045,0.3445241443364277,0.34376747384711437
6,7,705039,0.8966581990499817,0.8436003139162803,0.8966581990499817,0.8545303731471459,0.8966581990499817,0.49806237221263044,0.29035754213986614,0.3161657663230147
7,7,705039,0.9007615181571516,0.8447002070652619,0.9007615181571516,0.8651923161497443,0.9007615181571516,0.4759225605169372,0.34851627938507107,0.37314687123591767
8,7,705039,0.9011388022506557,0.8443904326589563,0.9011388022506557,0.865894751886899,0.9011388022506557,0.4729525788233876,0.3451583013311956,0.3767959864164859
