round,clients,samples,accuracy,precision,recall,f1,attack_accuracy,attack_precision,attack_recall,attack_f1
1,7,705038,0.41727538090145494,0.33971788084107846,0.41727538090145494,0.36351080783653494,0.4647111219537103,0.11472325282227559,0.5638219797918889,0.15651485518414873
2,7,705038,0.42208505073485403,0.3390773283465022,0.42208505073485403,0.3652891203655895,0.46829958101549135,0.0805658702084143,0.5529077865306551,0.13997226629492443
3,7,705038,0.42208505073485403,0.3390774674485907,0.42208505073485403,0.3652893867033669,0.46829958101549135,0.0805658702084143,0.5529077865306551,0.13997226629492443
4,7,705038,0.42286940562069,0.4308170624785228,0.42286940562069,0.3667515757364825,0.46883714069312576,0.08054221461591664,0.5519412428833623,0.13991138444431409
5,7,705038,0.42690606747437726,0.4265074877984182,0.42690606747437726,0.37476570647478036,0.47212348837934975,0.08012034962668645,0.5432768694737021,0.13902730779470884
