{
  "server": {
    "rounds": 5,
    "last_round": 5,
    "last_accuracy": 0.3165653238926404,
    "last_precision": 0.3320181147103804,
    "last_recall": 0.3165653238926404,
    "last_f1": 0.2918287050792819,
    "last_attack_accuracy": 0.5233840118122131,
    "last_attack_precision": 0.5609637561345852,
    "last_attack_recall": 0.4790541175767268,
    "last_attack_f1": 0.4142033300732655,
    "best_accuracy": 0.5029296501014846,
    "best_accuracy_round": 1,
    "best_precision": 0.3364638268470182,
    "best_precision_round": 4,
    "best_recall": 0.5029296501014846,
    "best_recall_round": 1,
    "best_f1": 0.3833813590826629,
    "best_f1_round": 1,
    "best_attack_accuracy": 0.5796381162300205,
    "best_attack_accuracy_round": 2,
    "best_attack_precision": 0.577442189461423,
    "best_attack_precision_round": 3,
    "best_attack_recall": 0.4790541175767268,
    "best_attack_recall_round": 5,
    "best_attack_f1": 0.4142033300732655,
    "best_attack_f1_round": 5
  },
  "clients": {
    "fridge": {
      "client": "fridge",
      "rounds": 5,
      "last_round": 5,
      "last_loss": 10.251511573791504,
      "last_accuracy": 0.2273051320592656,
      "last_precision": 0.3124553835749313,
      "last_recall": 0.2273051320592656,
      "last_f1": 0.2625555515865902,
      "last_attack_accuracy": 0.5559974232338415,
      "last_attack_precision": 0.5419942816297355,
      "last_attack_recall": 0.6821272252305244,
      "last_attack_f1": 0.6040398005377209,
      "last_confusion_matrix": "[[0, 13354, 6042, 9392, 6780], [0, 0, 0, 0, 0], [0, 0, 0, 0, 0], [0, 8844, 21734, 25303, 2741], [0, 12092, 0, 8982, 1161]]",
      "best_accuracy": 0.4562422160188963,
      "best_accuracy_round": 1,
      "best_precision": 0.4127894461496845,
      "best_precision_round": 1,
      "best_recall": 0.4562422160188963,
      "best_recall_round": 1,
      "best_f1": 0.4325914517665213,
      "best_f1_round": 1,
      "best_attack_accuracy": 0.7281683487223535,
      "best_attack_accuracy_round": 1,
      "best_attack_precision": 0.7647535175625063,
      "best_attack_precision_round": 1,
      "best_attack_recall": 0.7860318668581215,
      "best_attack_recall_round": 3,
      "best_attack_f1": 0.7047706113920036,
      "best_attack_f1_round": 1
    },
    "garage": {
      "client": "garage",
      "rounds": 5,
      "last_round": 5,
      "last_loss": 11.737340927124023,
      "last_accuracy": 0.2272892458790313,
      "last_precision": 0.288657453480954,
      "last_recall": 0.2272892458790313,
      "last_f1": 0.2543236927397075,
      "last_attack_accuracy": 0.5899997204543549,
      "last_attack_precision": 0.5858404948602561,
      "last_attack_recall": 0.7025285613731117,
      "last_attack_f1": 0.6389002872384079,
      "last_confusion_matrix": "[[0, 16792, 6635, 12141, 0], [0, 0, 5, 547, 0], [0, 0, 0, 0, 0], [0, 7293, 20225, 24392, 0], [0, 15491, 2, 3794, 0]]",
      "best_accuracy": 0.4160477836689434,
      "best_accuracy_round": 1,
      "best_precision": 0.3127054453077488,
      "best_precision_round": 2,
      "best_recall": 0.4160477836689434,
      "best_recall_round": 1,
      "best_f1": 0.3569669000430515,
      "best_f1_round": 2,
      "best_attack_accuracy": 0.7047252532217636,
      "best_attack_accuracy_round": 2,
      "best_attack_precision": 0.8097364778395884,
      "best_attack_precision_round": 2,
      "best_attack_recall": 0.7025285613731117,
      "best_attack_recall_round": 5,
      "best_attack_f1": 0.6617998633879781,
      "best_attack_f1_round": 2
    },
    "gps_tracker": {
      "client": "gps_tracker",
      "rounds": 5,
      "last_round": 5,
      "last_loss": 13.67095947265625,
      "last_accuracy": 0.3019079970256202,
      "last_precision": 0.2355956194573116,
      "last_recall": 0.3019079970256202,
      "last_f1": 0.2646612949091695,
      "last_attack_accuracy": 0.5041066720746299,
      "last_attack_precision": 0.5288878083281761,
      "last_attack_recall": 0.3903588907014682,
      "last_attack_f1": 0.4491853131100766,
      "last_confusion_matrix": "[[0, 6865, 12964, 15742, 0], [0, 0, 0, 553, 0], [0, 0, 0, 0, 0], [0, 1872, 19443, 35729, 0], [0, 4100, 0, 21076, 0]]",
      "best_accuracy": 0.4820185222740485,
      "best_accuracy_round": 1,
      "best_precision": 0.2368076298726043,
      "best_precision_round": 3,
      "best_recall": 0.4820185222740485,
      "best_recall_round": 1,
      "best_f1": 0.3135478434625039,
      "best_f1_round": 1,
      "best_attack_accuracy": 0.5041066720746299,
      "best_attack_accuracy_round": 5,
      "best_attack_precision": 0.6351787773933103,
      "best_attack_precision_round": 3,
      "best_attack_recall": 0.3903588907014682,
      "best_attack_recall_round": 5,
      "best_attack_f1": 0.4491853131100766,
      "best_attack_f1_round": 5
    },
    "modbus": {
      "client": "modbus",
      "rounds": 5,
      "last_round": 5,
      "last_loss": 1.2137969732284546,
      "last_accuracy": 0.225188705619234,
      "last_precision": 0.8522949774181668,
      "last_recall": 0.225188705619234,
      "last_f1": 0.3562115448419934,
      "last_attack_accuracy": 0.3563041655018171,
      "last_attack_precision": 0.1700378264513352,
      "last_attack_recall": 0.9743024010382868,
      "last_attack_f1": 0.289543718903074,
      "last_confusion_matrix": "[[3, 0, 0, 198, 7504], [0, 0, 0, 0, 0], [0, 0, 0, 0, 0], [21109, 0, 4109, 12885, 11424], [0, 0, 0, 0, 0]]",
      "best_accuracy": 0.7988188426055354,
      "best_accuracy_round": 1,
      "best_precision": 0.8605121868123482,
      "best_precision_round": 4,
      "best_recall": 0.7988188426055354,
      "best_recall_round": 1,
      "best_f1": 0.7685886511456893,
      "best_f1_round": 1,
      "best_attack_accuracy": 0.7988188426055354,
      "best_attack_accuracy_round": 1,
      "best_attack_precision": 0.2231841831425598,
      "best_attack_precision_round": 3,
      "best_attack_recall": 0.9743024010382868,
      "best_attack_recall_round": 5,
      "best_attack_f1": 0.3608863198458574,
      "best_attack_f1_round": 4
    },
    "motion_light": {
      "client": "motion_light",
      "rounds": 5,
      "last_round": 5,
      "last_loss": 13.835317611694336,
      "last_accuracy": 0.2360810237398664,
      "last_precision": 0.2876647042239837,
      "last_recall": 0.2360810237398664,
      "last_f1": 0.259332627422257,
      "last_attack_accuracy": 0.5899792304084687,
      "last_attack_precision": 0.5875275754036668,
      "last_attack_recall": 0.6865603743338676,
      "last_attack_f1": 0.6331951450976475,
      "last_confusion_matrix": "[[0, 14931, 5084, 8194, 0], [0, 0, 96, 336, 0], [0, 0, 0, 0, 0], [0, 6789, 15461, 21142, 0], [0, 11581, 1, 5939, 0]]",
      "best_accuracy": 0.4845344708220738,
      "best_accuracy_round": 1,
      "best_precision": 0.2876647042239837,
      "best_precision_round": 5,
      "best_recall": 0.4845344708220738,
      "best_recall_round": 1,
      "best_f1": 0.3383676797203932,
      "best_f1_round": 2,
      "best_attack_accuracy": 0.6365098153069656,
      "best_attack_accuracy_round": 2,
      "best_attack_precision": 0.7717868839364167,
      "best_attack_precision_round": 2,
      "best_attack_recall": 0.6865603743338676,
      "best_attack_recall_round": 5,
      "best_attack_f1": 0.6331951450976475,
      "best_attack_f1_round": 5
    },
    "thermostat": {
      "client": "thermostat",
      "rounds": 5,
      "last_round": 5,
      "last_loss": 25.745079040527344,
      "last_accuracy": 0.3387185796748154,
      "last_precision": 0.1788554365483385,
      "last_recall": 0.3387185796748155,
      "last_f1": 0.2294054177587726,
      "last_attack_accuracy": 0.3982130947726698,
      "last_attack_precision": 0.4408611053612088,
      "last_attack_recall": 0.2152269695622296,
      "last_attack_f1": 0.2892453112055735,
      "last_confusion_matrix": "[[0, 0, 5174, 30394, 0], [0, 0, 0, 0, 0], [0, 0, 5475, 0, 0], [0, 0, 13506, 23982, 0], [0, 0, 0, 8435, 0]]",