{
  "server": {
    "rounds": 10,
    "last_round": 10,
    "last_accuracy": 0.7426709728114331,
    "last_precision": 0.9215074863676738,
    "last_recall": 0.7426709728114331,
    "last_f1": 0.792970852293935,
    "last_attack_accuracy": 0.7776094655756632,
    "last_attack_precision": 0.5311091528987489,
    "last_attack_recall": 0.9882360854729276,
    "last_attack_f1": 0.642241272507979,
    "best_accuracy": 0.7428326659943635,
    "best_accuracy_round": 9,
    "best_precision": 0.9215074863676738,
    "best_precision_round": 10,
    "best_recall": 0.7428326659943635,
    "best_recall_round": 9,
    "best_f1": 0.7932255712306292,
    "best_f1_round": 9,
    "best_attack_accuracy": 0.7778917194651643,
    "best_attack_accuracy_round": 9,
    "best_attack_precision": 0.5311091528987489,
    "best_attack_precision_round": 10,
    "best_attack_recall": 0.9885471576078624,
    "best_attack_recall_round": 8,
    "best_attack_f1": 0.642241272507979,
    "best_attack_f1_round": 10
  },
  "clients": {
    "fridge": {
      "client": "fridge",
      "rounds": 10,
      "last_round": 10,
      "last_loss": 0.966066300868988,
      "last_accuracy": 0.5443543538384897,
      "last_precision": 0.8786703414484819,
      "last_recall": 0.5443543538384897,
      "last_f1": 0.6447875532254816,
      "last_attack_accuracy": 0.618324085685328,
      "last_attack_precision": 0.266832174776564,
      "last_attack_recall": 0.9914519402250784,
      "last_attack_f1": 0.4204952987050247,
      "last_confusion_matrix": "[[1743, 2811, 731, 127, 1702], [77, 1762, 0, 12, 195], [5, 0, 1411, 0, 0], [10093, 18268, 4365, 55867, 11572], [261, 2830, 0, 0, 2594]]",
      "best_accuracy": 0.547936028034975,
      "best_accuracy_round": 9,
      "best_precision": 0.8789374685939462,
      "best_precision_round": 8,
      "best_recall": 0.547936028034975,
      "best_recall_round": 9,
      "best_f1": 0.6477269668081564,
      "best_f1_round": 9,
      "best_attack_accuracy": 0.6261058526445983,
      "best_attack_accuracy_round": 1,
      "best_attack_precision": 0.268866965012205,
      "best_attack_precision_round": 1,
      "best_attack_recall": 0.9936043293770372,
      "best_attack_recall_round": 8,
      "best_attack_f1": 0.4224701404383777,
      "best_attack_f1_round": 9
    },
    "garage": {
      "client": "garage",
      "rounds": 10,
      "last_round": 10,
      "last_loss": 0.9242190718650818,
      "last_accuracy": 0.577051380010809,
      "last_precision": 0.8858095179774568,
      "last_recall": 0.577051380010809,
      "last_f1": 0.6696224008590584,
      "last_attack_accuracy": 0.6384576678655957,
      "last_attack_precision": 0.2681344455162761,
      "last_attack_recall": 0.9925085766295596,
      "last_attack_f1": 0.4222063378603765,
      "last_confusion_matrix": "[[2413, 1604, 676, 91, 2330], [68, 998, 0, 16, 964], [1, 0, 1265, 0, 0], [12037, 10901, 3856, 54342, 11899], [123, 823, 1, 0, 2910]]",
      "best_accuracy": 0.5807693024469334,
      "best_accuracy_round": 6,
      "best_precision": 0.8862655844610198,
      "best_precision_round": 5,
      "best_recall": 0.5807693024469334,
      "best_recall_round": 6,
      "best_f1": 0.6739966479516567,
      "best_f1_round": 1,
      "best_attack_accuracy": 0.645427607670661,
      "best_attack_accuracy_round": 1,
      "best_attack_precision": 0.2702990007537834,
      "best_attack_precision_round": 1,
      "best_attack_recall": 0.994608975705384,
      "best_attack_recall_round": 5,
      "best_attack_f1": 0.4236466632334676,
      "best_attack_f1_round": 1
    },
    "gps_tracker": {
      "client": "gps_tracker",
      "rounds": 10,
      "last_round": 10,
      "last_loss": 0.0548871383070945,
      "last_accuracy": 0.9881025814356332,
      "last_precision": 0.9893867959346606,
      "last_recall": 0.9881025814356332,
      "last_f1": 0.988409179775398,
      "last_attack_accuracy": 0.9881110313067726,
      "last_attack_precision": 0.91828058573453,
      "last_attack_recall": 0.9985232744783308,
      "last_attack_f1": 0.9567223401310324,
      "last_confusion_matrix": "[[7093, 0, 0, 21, 0], [0, 2044, 1, 0, 0], [0, 0, 1381, 0, 0], [294, 228, 29, 101386, 833], [0, 0, 0, 2, 5033]]",
      "best_accuracy": 0.9881025814356332,
      "best_accuracy_round": 10,
      "best_precision": 0.9893867959346606,
      "best_precision_round": 10,
      "best_recall": 0.9881025814356332,
      "best_recall_round": 10,
      "best_f1": 0.988409179775398,
      "best_f1_round": 10,
      "best_attack_accuracy": 0.9881110313067726,
      "best_attack_accuracy_round": 10,
      "best_attack_precision": 0.91828058573453,
      "best_attack_precision_round": 10,
      "best_attack_recall": 0.9987158908507224,
      "best_attack_recall_round": 4,
      "best_attack_f1": 0.9567223401310324,
      "best_attack_f1_round": 10
    },
    "modbus": {
      "client": "modbus",
      "rounds": 10,
      "last_round": 10,
      "last_loss": 0.8209500312805176,
      "last_accuracy": 0.5252214631418937,
      "last_precision": 0.8252898559858335,
      "last_recall": 0.5252214631418937,
      "last_f1": 0.5768745885933946,
      "last_attack_accuracy": 0.5779008613911555,
      "last_attack_precision": 0.3412856196156395,
      "last_attack_recall": 0.9761491075659452,
      "last_attack_f1": 0.5057490077335407,
      "last_confusion_matrix": "[[5543, 0, 472, 152, 1835], [0, 0, 0, 0, 0], [106, 0, 905, 26, 0], [14081, 0, 1788, 20715, 7987], [602, 0, 0, 124, 2897]]",
      "best_accuracy": 0.5270735414883022,
      "best_accuracy_round": 6,
      "best_precision": 0.8252898559858335,
      "best_precision_round": 10,
      "best_recall": 0.5270735414883022,
      "best_recall_round": 6,
      "best_f1": 0.5778766137194798,
      "best_f1_round": 6,
      "best_attack_accuracy": 0.5790889871228138,
      "best_attack_accuracy_round": 9,
      "best_attack_precision": 0.3416560438951393,
      "best_attack_precision_round": 9,
      "best_attack_recall": 0.9771758016111198,
      "best_attack_recall_round": 5,
      "best_attack_f1": 0.5058258800361041,
      "best_attack_f1_round": 9
    },
    "motion_light": {
      "client": "motion_light",
      "rounds": 10,
      "last_round": 10,
      "last_loss": 0.967163860797882,
      "last_accuracy": 0.54807660097147,
      "last_precision": 0.8829938314829208,
      "last_recall": 0.5480766009714702,
      "last_f1": 0.6476668938374445,
      "last_attack_accuracy": 0.6146948802411926,
      "last_attack_precision": 0.2544459644322845,
      "last_attack_recall": 0.9856169568508706,
      "last_attack_f1": 0.4044734389561976,
      "last_confusion_matrix": "[[1374, 1984, 573, 122, 1589], [50, 1326, 0, 8, 240], [1, 0, 1118, 0, 0], [7280, 12405, 2925, 43331, 11725], [87, 1442, 0, 41, 1934]]",
      "best_accuracy": 0.549997208419407,
      "best_accuracy_round": 3,
      "best_precision": 0.8836377254675221,
      "best_precision_round": 8,
      "best_recall": 0.549997208419407,
      "best_recall_round": 3,
      "best_f1": 0.64913226153001,
      "best_f1_round": 3,
      "best_attack_accuracy": 0.6165819887220144,
      "best_attack_accuracy_round": 5,
      "best_attack_precision": 0.2552551242913214,
      "best_attack_precision_round": 5,
      "best_attack_recall": 0.9885608545714526,
      "best_attack_recall_round": 8,
      "best_attack_f1": 0.4054096174825538,
      "best_attack_f1_round": 5
    },
    "thermostat": {
      "client": "thermostat",
      "rounds": 10,
      "last_round": 10,
      "last_loss": 0.3981160819530487,
      "last_accuracy": 0.8484465193293931,
      "last_precision": 0.9252100145215972,
      "last_recall": 0.8484465193293931,
      "last_f1": 0.8704852380037901,
      "last_attack_accuracy": 0.8535519628360508,
      "last_attack_precision": 0.4549557522123894,
      "last_attack_recall": 0.9609345794392524,
      "last_attack_f1": 0.6175375375375375,