{
  "server": {
    "rounds": 5,
    "last_round": 5,
    "last_accuracy": 0.5109774069235886,
    "last_precision": 0.8135807895307389,
    "last_recall": 0.5109774069235886,
    "last_f1": 0.5570285510813374,
    "last_attack_accuracy": 0.5609817329254126,
    "last_attack_precision": 0.2781357080622103,
    "last_attack_recall": 0.7377592011085864,
    "last_attack_f1": 0.2980694127221271,
    "best_accuracy": 0.514184321718373,
    "best_accuracy_round": 3,
    "best_precision": 0.8135807895307389,
    "best_precision_round": 5,
    "best_recall": 0.514184321718373,
    "best_recall_round": 3,
    "best_f1": 0.5615849199858679,
    "best_f1_round": 3,
    "best_attack_accuracy": 0.5619561471067558,
    "best_attack_accuracy_round": 3,
    "best_attack_precision": 0.2781357080622103,
    "best_attack_precision_round": 5,
    "best_attack_recall": 0.7377592011085864,
    "best_attack_recall_round": 5,
    "best_attack_f1": 0.3003352680656929,
    "best_attack_f1_round": 3
  },
  "clients": {
    "fridge": {
      "client": "fridge",
      "rounds": 5,
      "last_round": 5,
      "last_loss": 0.7619155645370483,
      "last_accuracy": 0.685250717193754,
      "last_precision": 0.8240707211023709,
      "last_recall": 0.685250717193754,
      "last_f1": 0.7388995095454761,
      "last_attack_accuracy": 0.7336591483002078,
      "last_attack_precision": 0.3003681845254209,
      "last_attack_recall": 0.6823073611708997,
      "last_attack_f1": 0.4171131036297675,
      "last_confusion_matrix": "[[1756, 270, 350, 2340, 2398], [361, 121, 0, 258, 1306], [0, 0, 609, 807, 0], [9419, 2039, 1888, 74322, 12497], [915, 36, 0, 1761, 2973]]",
      "best_accuracy": 0.8603318846305807,
      "best_accuracy_round": 1,
      "best_precision": 0.8240707211023709,
      "best_precision_round": 5,
      "best_recall": 0.8603318846305807,
      "best_recall_round": 1,
      "best_f1": 0.79574075768635,
      "best_f1_round": 1,
      "best_attack_accuracy": 0.8603318846305807,
      "best_attack_accuracy_round": 1,
      "best_attack_precision": 0.3004362050163577,
      "best_attack_precision_round": 2,
      "best_attack_recall": 0.6823073611708997,
      "best_attack_recall_round": 5,
      "best_attack_f1": 0.4171131036297675,
      "best_attack_f1_round": 5
    },
    "garage": {
      "client": "garage",
      "rounds": 5,
      "last_round": 5,
      "last_loss": 0.7504249811172485,
      "last_accuracy": 0.5686464525988185,
      "last_precision": 0.8497942482394643,
      "last_recall": 0.5686464525988185,
      "last_f1": 0.6523889990891483,
      "last_attack_accuracy": 0.6268193592873517,
      "last_attack_precision": 0.2457068414196044,
      "last_attack_recall": 0.8715255898620738,
      "last_attack_f1": 0.3833397490184002,
      "last_confusion_matrix": "[[5079, 104, 651, 1280, 0], [1785, 40, 0, 221, 0], [49, 0, 1086, 131, 0], [33980, 525, 3709, 54821, 0], [3590, 63, 1, 203, 0]]",
      "best_accuracy": 0.5864253899625412,
      "best_accuracy_round": 3,
      "best_precision": 0.8497942482394643,
      "best_precision_round": 5,
      "best_recall": 0.5864253899625412,
      "best_recall_round": 3,
      "best_f1": 0.6657950386384847,
      "best_f1_round": 3,
      "best_attack_accuracy": 0.642771948787715,
      "best_attack_accuracy_round": 3,
      "best_attack_precision": 0.2460158564907504,
      "best_attack_precision_round": 4,
      "best_attack_recall": 0.8715255898620738,
      "best_attack_recall_round": 5,
      "best_attack_f1": 0.3833397490184002,
      "best_attack_f1_round": 5
    },
    "gps_tracker": {
      "client": "gps_tracker",
      "rounds": 5,
      "last_round": 5,
      "last_loss": 5.993307113647461,
      "last_accuracy": 0.0902615235117664,
      "last_precision": 0.7801078673968209,
      "last_recall": 0.0902615235117664,
      "last_f1": 0.0921041251968201,
      "last_attack_accuracy": 0.1531285647893869,
      "last_attack_precision": 0.1312855002265045,
      "last_attack_recall": 0.9675762439807384,
      "last_attack_f1": 0.2312005707140829,
      "last_confusion_matrix": "[[5023, 0, 2090, 1, 0], [0, 0, 1913, 0, 132], [0, 0, 1381, 0, 0], [6178, 0, 88279, 3052, 5261], [0, 0, 3305, 504, 1226]]",
      "best_accuracy": 0.0918500992859858,
      "best_accuracy_round": 3,
      "best_precision": 0.7801078673968209,
      "best_precision_round": 5,
      "best_recall": 0.0918500992859858,
      "best_recall_round": 3,
      "best_f1": 0.108848969500969,
      "best_f1_round": 3,
      "best_attack_accuracy": 0.1594406185305674,
      "best_attack_accuracy_round": 3,
      "best_attack_precision": 0.1316067429971693,
      "best_attack_precision_round": 1,
      "best_attack_recall": 1.0,
      "best_attack_recall_round": 1,
      "best_attack_f1": 0.2326015531660692,
      "best_attack_f1_round": 1
    },
    "modbus": {
      "client": "modbus",
      "rounds": 5,
      "last_round": 5,
      "last_loss": 0.7237654328346252,
      "last_accuracy": 0.7787639997903307,
      "last_precision": 0.6064839641224286,
      "last_recall": 0.7787639997903307,
      "last_f1": 0.6819109502599104,
      "last_attack_accuracy": 0.778781472227561,
      "last_attack_precision": 1.0,
      "last_attack_recall": 7.8976465013426e-05,
      "last_attack_f1": 0.0001579404564479,
      "last_confusion_matrix": "[[0, 0, 1, 8001, 0], [0, 0, 0, 0, 0], [0, 0, 0, 1037, 0], [0, 0, 0, 44571, 0], [0, 0, 0, 3623, 0]]",
      "best_accuracy": 0.7787639997903307,
      "best_accuracy_round": 5,
      "best_precision": 0.6610356117156957,
      "best_precision_round": 3,
      "best_recall": 0.7787639997903307,
      "best_recall_round": 5,
      "best_f1": 0.6826370233680675,
      "best_f1_round": 4,
      "best_attack_accuracy": 0.778781472227561,
      "best_attack_accuracy_round": 5,
      "best_attack_precision": 1.0,
      "best_attack_precision_round": 5,
      "best_attack_recall": 0.1912020217975043,
      "best_attack_recall_round": 1,
      "best_attack_f1": 0.2190851092710737,
      "best_attack_f1_round": 1
    },
    "motion_light": {
      "client": "motion_light",
      "rounds": 5,
      "last_round": 5,
      "last_loss": 0.8349222540855408,
      "last_accuracy": 0.4624085757355815,
      "last_precision": 0.8727255769405498,
      "last_recall": 0.4624085757355815,
      "last_f1": 0.5658394188495567,
      "last_attack_accuracy": 0.5301658198872201,
      "last_attack_precision": 0.2176093098093509,
      "last_attack_recall": 0.978299268231138,
      "last_attack_f1": 0.3560255900088769,
      "last_confusion_matrix": "[[1817, 0, 811, 91, 2923], [487, 0, 6, 82, 1049], [0, 0, 1119, 0, 0], [16776, 0, 4721, 35848, 20321], [791, 0, 1, 85, 2627]]",
      "best_accuracy": 0.5189101669365195,
      "best_accuracy_round": 1,
      "best_precision": 0.874281022289616,
      "best_precision_round": 4,
      "best_recall": 0.5189101669365195,
      "best_recall_round": 1,
      "best_f1": 0.6084991470497002,
      "best_f1_round": 1,
      "best_attack_accuracy": 0.5794204678689073,
      "best_attack_accuracy_round": 1,
      "best_attack_precision": 0.2233503627699309,
      "best_attack_precision_round": 1,
      "best_attack_recall": 0.978299268231138,
      "best_attack_recall_round": 5,
      "best_attack_f1": 0.3610689768409201,
      "best_attack_f1_round": 3
    },
    "thermostat": {
      "client": "thermostat",
      "rounds": 5,
      "last_round": 5,
      "last_loss": 0.4912229478359222,
      "last_accuracy": 0.7840420394177035,
      "last_precision": 0.7987518389605371,
      "last_recall": 0.7840420394177035,
      "last_f1": 0.786472213886544,
      "last_attack_accuracy": 0.7847664604558103,
      "last_attack_precision": 0.1796899968040907,
      "last_attack_recall": 0.2101869158878504,
      "last_attack_f1": 0.1937456926257753,
      "last_confusion_matrix": "[[2174, 0, 6, 4933, 0], [0, 0, 0, 0, 0], [0, 0, 12, 1888, 0], [10248, 0, 19, 65999, 0], [57, 0, 0, 1630, 0]]",