{
  "server": {
    "rounds": 5,
    "last_round": 5,
    "last_accuracy": 0.8600756271293178,
    "last_precision": 0.7402972287420172,
    "last_recall": 0.8600756271293178,
    "last_f1": 0.7955593597646405,
    "last_attack_accuracy": 0.8600756271293178,
    "last_attack_precision": 0.0,
    "last_attack_recall": 0.0,
    "last_attack_f1": 0.0,
    "best_accuracy": 0.8600756271293178,
    "best_accuracy_round": 4,
    "best_precision": 0.7402972287420172,
    "best_precision_round": 4,
    "best_recall": 0.8600756271293178,
    "best_recall_round": 4,
    "best_f1": 0.7955593597646405,
    "best_f1_round": 5,
    "best_attack_accuracy": 0.8600756271293178,
    "best_attack_accuracy_round": 4,
    "best_attack_precision": 0.0805658702084143,
    "best_attack_precision_round": 1,
    "best_attack_recall": 0.5529077865306551,
    "best_attack_recall_round": 1,
    "best_attack_f1": 0.1399722662949244,
    "best_attack_f1_round": 1
  },
  "clients": {
    "fridge": {
      "client": "fridge",
      "rounds": 5,
      "last_round": 5,
      "last_loss": 0.9851366877555848,
      "last_accuracy": 0.8597134660642812,
      "last_precision": 0.73910724373226,
      "last_recall": 0.8597134660642812,
      "last_f1": 0.7948614205568296,
      "last_attack_accuracy": 0.8597134660642812,
      "last_attack_precision": 0.0,
      "last_attack_recall": 0.0,
      "last_attack_f1": 0.0,
      "last_confusion_matrix": "[[0, 0, 0, 7214, 0], [0, 0, 0, 2064, 0], [0, 0, 0, 1407, 0], [0, 0, 0, 100093, 0], [0, 0, 0, 5648, 0]]",
      "best_accuracy": 0.8597134660642812,
      "best_accuracy_round": 2,
      "best_precision": 0.73910724373226,
      "best_precision_round": 2,
      "best_recall": 0.8597134660642812,
      "best_recall_round": 2,
      "best_f1": 0.7948614205568296,
      "best_f1_round": 2,
      "best_attack_accuracy": 0.8597134660642812,
      "best_attack_accuracy_round": 2,
      "best_attack_precision": 0.1402865339357188,
      "best_attack_precision_round": 1,
      "best_attack_recall": 1.0,
      "best_attack_recall_round": 1,
      "best_attack_f1": 0.2460548814016375,
      "best_attack_f1_round": 1
    },
    "garage": {
      "client": "garage",
      "rounds": 5,
      "last_round": 5,
      "last_loss": 0.985466718673706,
      "last_accuracy": 0.8661454741981773,
      "last_precision": 0.7502079824739856,
      "last_recall": 0.8661454741981773,
      "last_f1": 0.8040187572154049,
      "last_attack_accuracy": 0.8661454741981773,
      "last_attack_precision": 0.0,
      "last_attack_recall": 0.0,
      "last_attack_f1": 0.0,
      "last_confusion_matrix": "[[0, 0, 0, 7213, 0], [0, 0, 0, 2052, 0], [0, 0, 0, 1291, 0], [0, 0, 0, 92953, 0], [0, 0, 0, 3809, 0]]",
      "best_accuracy": 0.8661454741981773,
      "best_accuracy_round": 1,
      "best_precision": 0.7502079824739856,
      "best_precision_round": 1,
      "best_recall": 0.8661454741981773,
      "best_recall_round": 1,
      "best_f1": 0.8040187572154049,
      "best_f1_round": 1,
      "best_attack_accuracy": 0.8661454741981773,
      "best_attack_accuracy_round": 1,
      "best_attack_precision": 0.0,
      "best_attack_precision_round": 1,
      "best_attack_recall": 0.0,
      "best_attack_recall_round": 1,
      "best_attack_f1": 0.0,
      "best_attack_f1_round": 1
    },
    "gps_tracker": {
      "client": "gps_tracker",
      "rounds": 5,
      "last_round": 5,
      "last_loss": 1.3130484819412231,
      "last_accuracy": 0.8676581182136972,
      "last_precision": 0.7528306101021343,
      "last_recall": 0.8676581182136972,
      "last_f1": 0.8061760369956483,
      "last_attack_accuracy": 0.8676581182136972,
      "last_attack_precision": 0.0,
      "last_attack_recall": 0.0,
      "last_attack_f1": 0.0,
      "last_confusion_matrix": "[[0, 0, 0, 7173, 0], [0, 0, 0, 2045, 0], [0, 0, 0, 1354, 0], [0, 0, 0, 102683, 0], [0, 0, 0, 5090, 0]]",
      "best_accuracy": 0.8676581182136972,
      "best_accuracy_round": 1,
      "best_precision": 0.7528306101021343,
      "best_precision_round": 1,
      "best_recall": 0.8676581182136972,
      "best_recall_round": 1,
      "best_f1": 0.8061760369956483,
      "best_f1_round": 1,
      "best_attack_accuracy": 0.8676581182136972,
      "best_attack_accuracy_round": 1,
      "best_attack_precision": 0.0,
      "best_attack_precision_round": 1,
      "best_attack_recall": 0.0,
      "best_attack_recall_round": 1,
      "best_attack_f1": 0.0,
      "best_attack_f1_round": 1
    },
    "modbus": {
      "client": "modbus",
      "rounds": 5,
      "last_round": 5,
      "last_loss": 1.0554929971694946,
      "last_accuracy": 0.781437282686562,
      "last_precision": 0.6106442267725578,
      "last_recall": 0.781437282686562,
      "last_f1": 0.6855635420986063,
      "last_attack_accuracy": 0.781437282686562,
      "last_attack_precision": 0.0,
      "last_attack_recall": 0.0,
      "last_attack_f1": 0.0,
      "last_confusion_matrix": "[[0, 0, 0, 7955, 0], [0, 0, 0, 0, 0], [0, 0, 0, 1041, 0], [0, 0, 0, 44724, 0], [0, 0, 0, 3513, 0]]",
      "best_accuracy": 0.781437282686562,
      "best_accuracy_round": 4,
      "best_precision": 0.6106442267725578,
      "best_precision_round": 4,
      "best_recall": 0.781437282686562,
      "best_recall_round": 4,
      "best_f1": 0.6855635420986063,
      "best_f1_round": 4,
      "best_attack_accuracy": 0.781437282686562,
      "best_attack_accuracy_round": 4,
      "best_attack_precision": 0.218562717313438,
      "best_attack_precision_round": 1,
      "best_attack_recall": 1.0,
      "best_attack_recall_round": 1,
      "best_attack_f1": 0.3587221473430644,
      "best_attack_f1_round": 1
    },
    "motion_light": {
      "client": "motion_light",
      "rounds": 5,
      "last_round": 5,
      "last_loss": 1.1130084991455078,
      "last_accuracy": 0.8679790964111039,
      "last_precision": 0.7533877118066364,
      "last_recall": 0.8679790964111039,
      "last_f1": 0.8066339856308876,
      "last_attack_accuracy": 0.8679790964111039,
      "last_attack_precision": 0.0,
      "last_attack_recall": 0.0,
      "last_attack_f1": 0.0,
      "last_confusion_matrix": "[[0, 0, 0, 5654, 0], [0, 0, 0, 1647, 0], [0, 0, 0, 1109, 0], [0, 0, 0, 77731, 0], [0, 0, 0, 3413, 0]]",
      "best_accuracy": 0.8679790964111039,
      "best_accuracy_round": 1,
      "best_precision": 0.7533877118066364,
      "best_precision_round": 1,
      "best_recall": 0.8679790964111039,
      "best_recall_round": 1,
      "best_f1": 0.8066339856308876,
      "best_f1_round": 1,
      "best_attack_accuracy": 0.8679790964111039,
      "best_attack_accuracy_round": 1,
      "best_attack_precision": 0.0,
      "best_attack_precision_round": 1,
      "best_attack_recall": 0.0,
      "best_attack_recall_round": 1,
      "best_attack_f1": 0.0,
      "best_attack_f1_round": 1
    },
    "thermostat": {
      "client": "thermostat",
      "rounds": 5,
      "last_round": 5,
      "last_loss": 1.1723781824111938,
      "last_accuracy": 0.8767334360554699,
      "last_precision": 0.7686615178976308,
      "last_recall": 0.8767334360554699,
      "last_f1": 0.8191483171027297,
      "last_attack_accuracy": 0.8767334360554699,
      "last_attack_precision": 0.0,
      "last_attack_recall": 0.0,
      "last_attack_f1": 0.0,
      "last_confusion_matrix": "[[0, 0, 0, 7100, 0], [0, 0, 0, 0, 0], [0, 0, 0, 1914, 0], [0, 0, 0, 76246, 0], [0, 0, 0, 1706, 0]]",
      "best_accuracy": 0.8767334360554699,
      "best_accuracy_round": 2,
      "best_precision": 0.7686615178976308,
      "best_precision_round": 2,
      "best_recall": 0.8767334360554699,
      "best_recall_round": 2,
      "best_f1": 0.8191483171027297,
      "best_f1_round": 2,
      "best_attack_accuracy": 0.8767334360554699,
      "best_attack_accuracy_round": 2,
      "best_attack_precision": 0.12326656394453,
      "best_attack_precision_round": 1,
      "best_attack_recall": 1.0,
      "best_attack_recall_round": 1,
      "best_attack_f1": 0.2194787379972565,