{
  "server": {
    "rounds": 8,
    "last_round": 8,
    "last_accuracy": 0.9011388022506556,
    "last_precision": 0.8443904326589563,
    "last_recall": 0.9011388022506556,
    "last_f1": 0.865894751886899,
    "last_attack_accuracy": 0.9011388022506556,
    "last_attack_precision": 0.4729525788233876,
    "last_attack_recall": 0.3451583013311956,
    "last_attack_f1": 0.3767959864164859,
    "best_accuracy": 0.9011388022506556,
    "best_accuracy_round": 8,
    "best_precision": 0.8471872635239865,
    "best_precision_round": 5,
    "best_recall": 0.9011388022506556,
    "best_recall_round": 8,
    "best_f1": 0.865894751886899,
    "best_f1_round": 8,
    "best_attack_accuracy": 0.9011388022506556,
    "best_attack_accuracy_round": 8,
    "best_attack_precision": 0.4980623722126304,
    "best_attack_precision_round": 6,
    "best_attack_recall": 0.352184348722602,
    "best_attack_recall_round": 4,
    "best_attack_f1": 0.3767959864164859,
    "best_attack_f1_round": 8
  },
  "clients": {
    "fridge": {
      "client": "fridge",
      "rounds": 8,
      "last_round": 8,
      "last_loss": 0.306197315454483,
      "last_accuracy": 0.8603318846305807,
      "last_precision": 0.740170951712007,
      "last_recall": 0.8603318846305807,
      "last_f1": 0.79574075768635,
      "last_attack_accuracy": 0.8603318846305807,
      "last_attack_precision": 0.0,
      "last_attack_recall": 0.0,
      "last_attack_f1": 0.0,
      "last_confusion_matrix": "[[100165, 0], [16261, 0]]",
      "best_accuracy": 0.8603318846305807,
      "best_accuracy_round": 1,
      "best_precision": 0.740170951712007,
      "best_precision_round": 1,
      "best_recall": 0.8603318846305807,
      "best_recall_round": 1,
      "best_f1": 0.79574075768635,
      "best_f1_round": 1,
      "best_attack_accuracy": 0.8603318846305807,
      "best_attack_accuracy_round": 1,
      "best_attack_precision": 0.0,
      "best_attack_precision_round": 1,
      "best_attack_recall": 0.0,
      "best_attack_recall_round": 1,
      "best_attack_f1": 0.0,
      "best_attack_f1_round": 1
    },
    "garage": {
      "client": "garage",
      "rounds": 8,
      "last_round": 8,
      "last_loss": 0.3029142320156097,
      "last_accuracy": 0.8669095585083584,
      "last_precision": 0.7515321826331568,
      "last_recall": 0.8669095585083584,
      "last_f1": 0.8051082916235357,
      "last_attack_accuracy": 0.8669095585083584,
      "last_attack_precision": 0.0,
      "last_attack_recall": 0.0,
      "last_attack_f1": 0.0,
      "last_confusion_matrix": "[[93035, 0], [14283, 0]]",
      "best_accuracy": 0.8669095585083584,
      "best_accuracy_round": 1,
      "best_precision": 0.7515321826331568,
      "best_precision_round": 1,
      "best_recall": 0.8669095585083584,
      "best_recall_round": 1,
      "best_f1": 0.8051082916235357,
      "best_f1_round": 1,
      "best_attack_accuracy": 0.8669095585083584,
      "best_attack_accuracy_round": 1,
      "best_attack_precision": 0.0,
      "best_attack_precision_round": 1,
      "best_attack_recall": 0.0,
      "best_attack_recall_round": 1,
      "best_attack_f1": 0.0,
      "best_attack_f1_round": 1
    },
    "gps_tracker": {
      "client": "gps_tracker",
      "rounds": 8,
      "last_round": 8,
      "last_loss": 0.1013773381710052,
      "last_accuracy": 0.9663441632515104,
      "last_precision": 0.9665095259169147,
      "last_recall": 0.9663441632515104,
      "last_f1": 0.9646238490929862,
      "last_attack_accuracy": 0.9663441632515104,
      "last_attack_precision": 0.9716796875,
      "last_attack_recall": 0.7666131621187801,
      "last_attack_f1": 0.8570505688547536,
      "last_confusion_matrix": "[[102422, 348], [3635, 11940]]",
      "best_accuracy": 0.9723266720182516,
      "best_accuracy_round": 7,
      "best_precision": 0.9723594580153851,
      "best_precision_round": 7,
      "best_recall": 0.9723266720182516,
      "best_recall_round": 7,
      "best_f1": 0.971243599191328,
      "best_f1_round": 7,
      "best_attack_accuracy": 0.9723266720182516,
      "best_attack_accuracy_round": 7,
      "best_attack_precision": 0.97365988909427,
      "best_attack_precision_round": 7,
      "best_attack_recall": 0.9998715890850722,
      "best_attack_recall_round": 4,
      "best_attack_f1": 0.8853251164256452,
      "best_attack_f1_round": 7
    },
    "modbus": {
      "client": "modbus",
      "rounds": 8,
      "last_round": 8,
      "last_loss": 0.4228349030017853,
      "last_accuracy": 0.7771390631279157,
      "last_precision": 0.7395788663992592,
      "last_recall": 0.7771390631279157,
      "last_f1": 0.744381169553968,
      "last_attack_accuracy": 0.7771390631279157,
      "last_attack_precision": 0.4921146345599457,
      "last_attack_recall": 0.2291897014689622,
      "last_attack_f1": 0.3127323670456382,
      "last_confusion_matrix": "[[41576, 2995], [9760, 2902]]",
      "best_accuracy": 0.7855258329984449,
      "best_accuracy_round": 5,
      "best_precision": 0.7795838085182129,
      "best_precision_round": 6,
      "best_recall": 0.7855258329984449,
      "best_recall_round": 5,
      "best_f1": 0.744381169553968,
      "best_f1_round": 8,
      "best_attack_accuracy": 0.7855258329984449,
      "best_attack_accuracy_round": 5,
      "best_attack_precision": 0.767337807606264,
      "best_attack_precision_round": 6,
      "best_attack_recall": 0.2311641130942979,
      "best_attack_recall_round": 7,
      "best_attack_f1": 0.3127323670456382,
      "best_attack_f1_round": 8
    },
    "motion_light": {
      "client": "motion_light",
      "rounds": 8,
      "last_round": 8,
      "last_loss": 0.2966183125972748,
      "last_accuracy": 0.8672435933225392,
      "last_precision": 0.7521114501589897,
      "last_recall": 0.8672435933225392,
      "last_f1": 0.805584716261574,
      "last_attack_accuracy": 0.8672435933225392,
      "last_attack_precision": 0.0,
      "last_attack_recall": 0.0,
      "last_attack_f1": 0.0,
      "last_confusion_matrix": "[[77666, 0], [11889, 0]]",
      "best_accuracy": 0.8672435933225392,
      "best_accuracy_round": 1,
      "best_precision": 0.7521114501589897,
      "best_precision_round": 1,
      "best_recall": 0.8672435933225392,
      "best_recall_round": 1,
      "best_f1": 0.805584716261574,
      "best_f1_round": 1,
      "best_attack_accuracy": 0.8672435933225392,
      "best_attack_accuracy_round": 1,
      "best_attack_precision": 0.0,
      "best_attack_precision_round": 1,
      "best_attack_recall": 0.0,
      "best_attack_recall_round": 1,
      "best_attack_f1": 0.0,
      "best_attack_f1_round": 1
    },
    "thermostat": {
      "client": "thermostat",
      "rounds": 8,
      "last_round": 8,
      "last_loss": 0.2756464183330536,
      "last_accuracy": 0.8882896764252697,
      "last_precision": 0.874380253062992,
      "last_recall": 0.8882896764252697,
      "last_f1": 0.8526492569337135,
      "last_attack_accuracy": 0.8882896764252697,
      "last_attack_precision": 0.7532133676092545,
      "last_attack_recall": 0.1369158878504673,
      "last_attack_f1": 0.2317121391854488,
      "last_confusion_matrix": "[[75786, 480], [9235, 1465]]",
      "best_accuracy": 0.8882896764252697,
      "best_accuracy_round": 8,
      "best_precision": 0.878488610108165,
      "best_precision_round": 7,
      "best_recall": 0.8882896764252697,
      "best_recall_round": 8,
      "best_f1": 0.8526492569337135,
      "best_f1_round": 8,
      "best_attack_accuracy": 0.8882896764252697,
      "best_attack_accuracy_round": 8,
      "best_attack_precision": 0.8352272727272727,
      "best_attack_precision_round": 6,
      "best_attack_recall": 0.1369158878504673,
      "best_attack_recall_round": 8,
      "best_attack_f1": 0.2317121391854488,
      "best_attack_f1_round": 8
    },
    "weather": {
      "client": "weather",
      "rounds": 8,
      "last_round": 8,
      "last_loss": 0.0269549526274204,
      "last_accuracy": 0.9936917551626986,