{
  "server": {
    "rounds": 5,
    "last_round": 5,
    "last_accuracy": 0.013715572415782,
    "last_precision": 0.0006567454631088,
    "last_recall": 0.013715572415782,
    "last_f1": 0.001238450047438,
    "last_attack_accuracy": 0.1438804033143655,
    "last_attack_precision": 0.1438804033143655,
    "last_attack_recall": 1.0,
    "last_attack_f1": 0.2508057771859112,
    "best_accuracy": 0.013715572415782,
    "best_accuracy_round": 1,
    "best_precision": 0.0006567454631088,
    "best_precision_round": 5,
    "best_recall": 0.013715572415782,
    "best_recall_round": 1,
    "best_f1": 0.001238450047438,
    "best_f1_round": 5,
    "best_attack_accuracy": 0.1438804033143655,
    "best_attack_accuracy_round": 1,
    "best_attack_precision": 0.1438804033143655,
    "best_attack_precision_round": 1,
    "best_attack_recall": 1.0,
    "best_attack_recall_round": 1,
    "best_attack_f1": 0.2508057771859112,
    "best_attack_f1_round": 1
  },
  "clients": {
    "fridge": {
      "client": "fridge",
      "rounds": 5,
      "last_round": 5,
      "last_loss": 2.125718116760254,
      "last_accuracy": 0.0049397436443384,
      "last_precision": 2.4401067271782185e-05,
      "last_recall": 0.0049397436443384,
      "last_f1": 4.856224948033909e-05,
      "last_attack_accuracy": 0.1467274198356257,
      "last_attack_precision": 0.1467274198356257,
      "last_attack_recall": 1.0,
      "last_attack_f1": 0.2559063597810506,
      "last_confusion_matrix": "[[0, 0, 0, 0, 0, 7110, 0, 0], [0, 0, 0, 0, 0, 2080, 0, 0], [0, 0, 0, 0, 0, 1440, 0, 0], [0, 0, 0, 0, 0, 100187, 0, 0], [0, 0, 0, 0, 0, 5589, 0, 0], [0, 0, 0, 0, 0, 580, 0, 0], [0, 0, 0, 0, 0, 0, 0, 0], [0, 0, 0, 0, 0, 429, 0, 0]]",
      "best_accuracy": 0.0049397436443384,
      "best_accuracy_round": 1,
      "best_precision": 2.4401067271782185e-05,
      "best_precision_round": 1,
      "best_recall": 0.0049397436443384,
      "best_recall_round": 1,
      "best_f1": 4.856224948033909e-05,
      "best_f1_round": 1,
      "best_attack_accuracy": 0.1467274198356257,
      "best_attack_accuracy_round": 1,
      "best_attack_precision": 0.1467274198356257,
      "best_attack_precision_round": 1,
      "best_attack_recall": 1.0,
      "best_attack_recall_round": 1,
      "best_attack_f1": 0.2559063597810506,
      "best_attack_f1_round": 1
    },
    "garage": {
      "client": "garage",
      "rounds": 5,
      "last_round": 5,
      "last_loss": 2.144578695297241,
      "last_accuracy": 0.004869429955448,
      "last_precision": 2.3711348091015255e-05,
      "last_recall": 0.004869429955448,
      "last_f1": 4.719289369180338e-05,
      "last_attack_accuracy": 0.1291413402767797,
      "last_attack_precision": 0.1291413402767797,
      "last_attack_recall": 1.0,
      "last_attack_f1": 0.2287425598023434,
      "last_confusion_matrix": "[[0, 0, 0, 0, 0, 7146, 0, 0], [0, 0, 0, 0, 0, 2115, 0, 0], [0, 0, 0, 0, 0, 1230, 0, 0], [0, 0, 0, 0, 0, 103013, 0, 0], [0, 0, 0, 0, 0, 3856, 0, 0], [0, 0, 0, 0, 0, 576, 0, 0], [0, 0, 0, 0, 0, 107, 0, 0], [0, 0, 0, 0, 0, 246, 0, 0]]",
      "best_accuracy": 0.004869429955448,
      "best_accuracy_round": 1,
      "best_precision": 2.3711348091015255e-05,
      "best_precision_round": 1,
      "best_recall": 0.004869429955448,
      "best_recall_round": 1,
      "best_f1": 4.719289369180338e-05,
      "best_f1_round": 1,
      "best_attack_accuracy": 0.1291413402767797,
      "best_attack_accuracy_round": 1,
      "best_attack_precision": 0.1291413402767797,
      "best_attack_precision_round": 1,
      "best_attack_recall": 1.0,
      "best_attack_recall_round": 1,
      "best_attack_f1": 0.2287425598023434,
      "best_attack_f1_round": 1
    },
    "gps_tracker": {
      "client": "gps_tracker",
      "rounds": 5,
      "last_round": 5,
      "last_loss": 2.25917387008667,
      "last_accuracy": 0.0590412718131227,
      "last_precision": 0.0037508020622234,
      "last_recall": 0.0590412718131227,
      "last_f1": 0.0070535056546333,
      "last_attack_accuracy": 0.1366745847217909,
      "last_attack_precision": 0.1366745847217909,
      "last_attack_recall": 1.0,
      "last_attack_f1": 0.240481465071629,
      "last_confusion_matrix": "[[7034, 0, 0, 0, 0, 0, 0, 0], [2021, 0, 0, 0, 0, 0, 0, 0], [1409, 0, 0, 0, 0, 0, 0, 0], [94439, 8415, 0, 0, 0, 0, 0, 0], [5038, 0, 0, 0, 0, 0, 0, 0], [541, 0, 0, 0, 0, 0, 0, 0], [111, 0, 0, 0, 0, 0, 0, 0], [129, 0, 0, 0, 0, 0, 0, 0]]",
      "best_accuracy": 0.0590412718131227,
      "best_accuracy_round": 1,
      "best_precision": 0.0037508020622234,
      "best_precision_round": 5,
      "best_recall": 0.0590412718131227,
      "best_recall_round": 1,
      "best_f1": 0.0070535056546333,
      "best_f1_round": 5,
      "best_attack_accuracy": 0.1366745847217909,
      "best_attack_accuracy_round": 1,
      "best_attack_precision": 0.1366745847217909,
      "best_attack_precision_round": 1,
      "best_attack_recall": 1.0,
      "best_attack_recall_round": 1,
      "best_attack_f1": 0.240481465071629,
      "best_attack_f1_round": 1
    },
    "modbus": {
      "client": "modbus",
      "rounds": 5,
      "last_round": 5,
      "last_loss": 1.9357584714889529,
      "last_accuracy": 0.0179846094919739,
      "last_precision": 0.0003234461785787,
      "last_recall": 0.0179846094919739,
      "last_f1": 0.0006354637890649,
      "last_attack_accuracy": 0.2241199206100491,
      "last_attack_precision": 0.2241199206100491,
      "last_attack_recall": 1.0,
      "last_attack_f1": 0.3661731450270939,
      "last_confusion_matrix": "[[0, 0, 8007, 0, 0, 0, 0, 0], [0, 0, 0, 0, 0, 0, 0, 0], [0, 0, 1033, 0, 0, 0, 0, 0], [0, 0, 44565, 0, 0, 0, 0, 0], [0, 0, 3602, 0, 0, 0, 0, 0], [0, 0, 0, 0, 0, 0, 0, 0], [0, 0, 117, 0, 0, 0, 0, 0], [0, 0, 114, 0, 0, 0, 0, 0]]",
      "best_accuracy": 0.0179846094919739,
      "best_accuracy_round": 1,
      "best_precision": 0.0003234461785787,
      "best_precision_round": 1,
      "best_recall": 0.0179846094919739,
      "best_recall_round": 1,
      "best_f1": 0.0006354637890649,
      "best_f1_round": 1,
      "best_attack_accuracy": 0.2241199206100491,
      "best_attack_accuracy_round": 1,
      "best_attack_precision": 0.2241199206100491,
      "best_attack_precision_round": 1,
      "best_attack_recall": 1.0,
      "best_attack_recall_round": 1,
      "best_attack_f1": 0.3661731450270939,
      "best_attack_f1_round": 1
    },
    "motion_light": {
      "client": "motion_light",
      "rounds": 5,
      "last_round": 5,
      "last_loss": 1.989490270614624,
      "last_accuracy": 0.0011497810993676,
      "last_precision": 1.3219965764630137e-06,
      "last_recall": 0.0011497810993676,
      "last_f1": 2.64095663090756e-06,
      "last_attack_accuracy": 0.1419205766594437,
      "last_attack_precision": 0.1419205766594437,
      "last_attack_recall": 1.0,
      "last_attack_f1": 0.2485647067935598,
      "last_confusion_matrix": "[[0, 0, 0, 0, 0, 0, 0, 5739], [0, 0, 0, 0, 0, 0, 0, 1624], [0, 0, 0, 0, 0, 0, 0, 1083], [0, 0, 0, 0, 0, 0, 0, 77615], [0, 0, 0, 0, 0, 0, 0, 3471], [0, 0, 0, 0, 0, 0, 0, 419], [0, 0, 0, 0, 0, 0, 0, 397], [0, 0, 0, 0, 0, 0, 0, 104]]",
      "best_accuracy": 0.0011497810993676,
      "best_accuracy_round": 1,
      "best_precision": 1.3219965764630137e-06,
      "best_precision_round": 1,
      "best_recall": 0.0011497810993676,
      "best_recall_round": 1,
      "best_f1": 2.64095663090756e-06,
      "best_f1_round": 1,
      "best_attack_accuracy": 0.1419205766594437,
      "best_attack_accuracy_round": 1,
      "best_attack_precision": 0.1419205766594437,
      "best_attack_precision_round": 1,
      "best_attack_recall": 1.0,
      "best_attack_recall_round": 1,
      "best_attack_f1": 0.2485647067935598,
      "best_attack_f1_round": 1
    },
    "thermostat": {
      "client": "thermostat",
      "rounds": 5,
      "last_round": 5,
      "last_loss": 2.0243890285491943,
      "last_accuracy": 0.0051444400474871,
      "last_precision": 2.6465263402189476e-05,