{
  "server": {
    "rounds": 5,
    "last_round": 5,
    "last_accuracy": 0.1457397424378556,
    "last_precision": 0.1186575270248316,
    "last_recall": 0.1457397424378556,
    "last_f1": 0.1281637315065546,
    "last_attack_accuracy": 0.2589056936541213,
    "last_attack_precision": 0.1199932337248899,
    "last_attack_recall": 0.8372003704812929,
    "last_attack_f1": 0.2091443166220752,
    "best_accuracy": 0.1457397424378556,
    "best_accuracy_round": 4,
    "best_precision": 0.1186575270248316,
    "best_precision_round": 4,
    "best_recall": 0.1457397424378556,
    "best_recall_round": 4,
    "best_f1": 0.1281637315065546,
    "best_f1_round": 4,
    "best_attack_accuracy": 0.2589056936541213,
    "best_attack_accuracy_round": 4,
    "best_attack_precision": 0.1438758572653293,
    "best_attack_precision_round": 1,
    "best_attack_recall": 0.9999149525966062,
    "best_attack_recall_round": 1,
    "best_attack_f1": 0.250796077649721,
    "best_attack_f1_round": 1
  },
  "clients": {
    "fridge": {
      "client": "fridge",
      "rounds": 5,
      "last_round": 5,
      "last_loss": 1.9118785858154297,
      "last_accuracy": 0.8532725801643742,
      "last_precision": 0.7280740960603685,
      "last_recall": 0.8532725801643742,
      "last_f1": 0.7857172267619613,
      "last_attack_accuracy": 0.8532725801643742,
      "last_attack_precision": 0.0,
      "last_attack_recall": 0.0,
      "last_attack_f1": 0.0,
      "last_confusion_matrix": "[[0, 0, 0, 7110, 0, 0, 0, 0], [0, 0, 0, 2080, 0, 0, 0, 0], [0, 0, 0, 1440, 0, 0, 0, 0], [0, 0, 0, 100187, 0, 0, 0, 0], [0, 0, 0, 5589, 0, 0, 0, 0], [0, 0, 0, 580, 0, 0, 0, 0], [0, 0, 0, 0, 0, 0, 0, 0], [0, 0, 0, 429, 0, 0, 0, 0]]",
      "best_accuracy": 0.8532725801643742,
      "best_accuracy_round": 4,
      "best_precision": 0.7280740960603685,
      "best_precision_round": 4,
      "best_recall": 0.8532725801643742,
      "best_recall_round": 4,
      "best_f1": 0.7857172267619613,
      "best_f1_round": 4,
      "best_attack_accuracy": 0.8532725801643742,
      "best_attack_accuracy_round": 4,
      "best_attack_precision": 0.1466994956379498,
      "best_attack_precision_round": 1,
      "best_attack_recall": 0.99947759461342,
      "best_attack_recall_round": 1,
      "best_attack_f1": 0.2558467801848385,
      "best_attack_f1_round": 1
    },
    "garage": {
      "client": "garage",
      "rounds": 5,
      "last_round": 5,
      "last_loss": 2.090980768203736,
      "last_accuracy": 0.0020796523768059,
      "last_precision": 4.324954008354672e-06,
      "last_recall": 0.0020796523768059,
      "last_f1": 8.63195654775831e-06,
      "last_attack_accuracy": 0.1291413402767797,
      "last_attack_precision": 0.1291413402767797,
      "last_attack_recall": 1.0,
      "last_attack_f1": 0.2287425598023434,
      "last_confusion_matrix": "[[0, 0, 0, 0, 0, 0, 0, 7146], [0, 0, 0, 0, 0, 0, 0, 2115], [0, 0, 0, 0, 0, 0, 0, 1230], [0, 0, 0, 0, 0, 0, 0, 103013], [0, 0, 0, 0, 0, 0, 0, 3856], [0, 0, 0, 0, 0, 0, 0, 576], [0, 0, 0, 0, 0, 0, 0, 107], [0, 0, 0, 0, 0, 0, 0, 246]]",
      "best_accuracy": 0.0020796523768059,
      "best_accuracy_round": 1,
      "best_precision": 4.324954008354672e-06,
      "best_precision_round": 1,
      "best_recall": 0.0020796523768059,
      "best_recall_round": 1,
      "best_f1": 8.63195654775831e-06,
      "best_f1_round": 1,
      "best_attack_accuracy": 0.1291413402767797,
      "best_attack_accuracy_round": 1,
      "best_attack_precision": 0.1291413402767797,
      "best_attack_precision_round": 1,
      "best_attack_recall": 1.0,
      "best_attack_recall_round": 1,
      "best_attack_f1": 0.2287425598023434,
      "best_attack_f1_round": 1
    },
    "gps_tracker": {
      "client": "gps_tracker",
      "rounds": 5,
      "last_round": 5,
      "last_loss": 2.199730157852173,
      "last_accuracy": 0.0010827870434877,
      "last_precision": 1.1724277815449413e-06,
      "last_recall": 0.0010827870434877,
      "last_f1": 2.342319330067574e-06,
      "last_attack_accuracy": 0.1366745847217909,
      "last_attack_precision": 0.1366745847217909,
      "last_attack_recall": 1.0,
      "last_attack_f1": 0.240481465071629,
      "last_confusion_matrix": "[[0, 0, 0, 0, 0, 0, 0, 7034], [0, 0, 0, 0, 0, 0, 0, 2021], [0, 0, 0, 0, 0, 0, 0, 1409], [0, 0, 0, 0, 0, 0, 0, 102854], [0, 0, 0, 0, 0, 0, 0, 5038], [0, 0, 0, 0, 0, 0, 0, 541], [0, 0, 0, 0, 0, 0, 0, 111], [0, 0, 0, 0, 0, 0, 0, 129]]",
      "best_accuracy": 0.0045409906242393,
      "best_accuracy_round": 1,
      "best_precision": 2.205947890481361e-05,
      "best_precision_round": 1,
      "best_recall": 0.0045409906242393,
      "best_recall_round": 1,
      "best_f1": 4.390567038189699e-05,
      "best_f1_round": 1,
      "best_attack_accuracy": 0.1366745847217909,
      "best_attack_accuracy_round": 1,
      "best_attack_precision": 0.1366745847217909,
      "best_attack_precision_round": 1,
      "best_attack_recall": 1.0,
      "best_attack_recall_round": 1,
      "best_attack_f1": 0.240481465071629,
      "best_attack_f1_round": 1
    },
    "modbus": {
      "client": "modbus",
      "rounds": 5,
      "last_round": 5,
      "last_loss": 2.167414665222168,
      "last_accuracy": 0.0179846094919739,
      "last_precision": 0.0003234461785787,
      "last_recall": 0.0179846094919739,
      "last_f1": 0.0006354637890649,
      "last_attack_accuracy": 0.2241199206100491,
      "last_attack_precision": 0.2241199206100491,
      "last_attack_recall": 1.0,
      "last_attack_f1": 0.3661731450270939,
      "last_confusion_matrix": "[[0, 0, 8007, 0, 0, 0, 0, 0], [0, 0, 0, 0, 0, 0, 0, 0], [0, 0, 1033, 0, 0, 0, 0, 0], [0, 0, 44565, 0, 0, 0, 0, 0], [0, 0, 3602, 0, 0, 0, 0, 0], [0, 0, 0, 0, 0, 0, 0, 0], [0, 0, 117, 0, 0, 0, 0, 0], [0, 0, 114, 0, 0, 0, 0, 0]]",
      "best_accuracy": 0.0179846094919739,
      "best_accuracy_round": 1,
      "best_precision": 0.0003234461785787,
      "best_precision_round": 1,
      "best_recall": 0.0179846094919739,
      "best_recall_round": 1,
      "best_f1": 0.0006354637890649,
      "best_f1_round": 1,
      "best_attack_accuracy": 0.2241199206100491,
      "best_attack_accuracy_round": 1,
      "best_attack_precision": 0.2241199206100491,
      "best_attack_precision_round": 1,
      "best_attack_recall": 1.0,
      "best_attack_recall_round": 1,
      "best_attack_f1": 0.3661731450270939,
      "best_attack_f1_round": 1
    },
    "motion_light": {
      "client": "motion_light",
      "rounds": 5,
      "last_round": 5,
      "last_loss": 2.045413017272949,
      "last_accuracy": 0.004389068235086,
      "last_precision": 1.9263919972241045e-05,
      "last_recall": 0.004389068235086,
      "last_f1": 3.835947757992156e-05,
      "last_attack_accuracy": 0.1419205766594437,
      "last_attack_precision": 0.1419205766594437,
      "last_attack_recall": 1.0,
      "last_attack_f1": 0.2485647067935598,
      "last_confusion_matrix": "[[0, 0, 0, 0, 0, 0, 5739, 0], [0, 0, 0, 0, 0, 0, 1624, 0], [0, 0, 0, 0, 0, 0, 1083, 0], [0, 0, 0, 0, 0, 0, 77615, 0], [0, 0, 0, 0, 0, 0, 3471, 0], [0, 0, 0, 0, 0, 0, 419, 0], [0, 0, 0, 0, 0, 0, 397, 0], [0, 0, 0, 0, 0, 0, 104, 0]]",
      "best_accuracy": 0.004389068235086,
      "best_accuracy_round": 1,
      "best_precision": 1.9263919972241045e-05,
      "best_precision_round": 1,
      "best_recall": 0.004389068235086,
      "best_recall_round": 1,
      "best_f1": 3.835947757992156e-05,
      "best_f1_round": 1,
      "best_attack_accuracy": 0.1419205766594437,
      "best_attack_accuracy_round": 1,
      "best_attack_precision": 0.1419205766594437,
      "best_attack_precision_round": 1,
      "best_attack_recall": 1.0,
      "best_attack_recall_round": 1,
      "best_attack_f1": 0.2485647067935598,
      "best_attack_f1_round": 1
    },
    "thermostat": {
      "client": "thermostat",
      "rounds": 5,
      "last_round": 5,
      "last_loss": 2.1271777153015137,
      "last_accuracy": 0.0009610492396404,