{
  "server": {
    "rounds": 8,
    "last_round": 8,
    "last_accuracy": 0.8779982383953228,
    "last_precision": 0.8437496642472179,
    "last_recall": 0.8779982383953228,
    "last_f1": 0.8420465546027707,
    "last_attack_accuracy": 0.8779982383953228,
    "last_attack_precision": 0.4135647918380831,
    "last_attack_recall": 0.3702643717732501,
    "last_attack_f1": 0.3087159068085505,
    "best_accuracy": 0.8789584689641282,
    "best_accuracy_round": 7,
    "best_precision": 0.8437496642472179,
    "best_precision_round": 8,
    "best_recall": 0.8789584689641282,
    "best_recall_round": 7,
    "best_f1": 0.8437132651181408,
    "best_f1_round": 7,
    "best_attack_accuracy": 0.8789584689641282,
    "best_attack_accuracy_round": 7,
    "best_attack_precision": 0.4135647918380831,
    "best_attack_precision_round": 8,
    "best_attack_recall": 0.3978313297721219,
    "best_attack_recall_round": 5,
    "best_attack_f1": 0.315470187148466,
    "best_attack_f1_round": 7
  },
  "clients": {
    "fridge": {
      "client": "fridge",
      "rounds": 8,
      "last_round": 8,
      "last_loss": 0.4594494700431824,
      "last_accuracy": 0.8603318846305807,
      "last_precision": 0.740170951712007,
      "last_recall": 0.8603318846305807,
      "last_f1": 0.79574075768635,
      "last_attack_accuracy": 0.8603318846305807,
      "last_attack_precision": 0.0,
      "last_attack_recall": 0.0,
      "last_attack_f1": 0.0,
      "last_confusion_matrix": "[[100165, 0], [16261, 0]]",
      "best_accuracy": 0.8603318846305807,
      "best_accuracy_round": 1,
      "best_precision": 0.740170951712007,
      "best_precision_round": 1,
      "best_recall": 0.8603318846305807,
      "best_recall_round": 1,
      "best_f1": 0.79574075768635,
      "best_f1_round": 1,
      "best_attack_accuracy": 0.8603318846305807,
      "best_attack_accuracy_round": 1,
      "best_attack_precision": 0.0,
      "best_attack_precision_round": 1,
      "best_attack_recall": 0.0,
      "best_attack_recall_round": 1,
      "best_attack_f1": 0.0,
      "best_attack_f1_round": 1
    },
    "garage": {
      "client": "garage",
      "rounds": 8,
      "last_round": 8,
      "last_loss": 0.4677285254001617,
      "last_accuracy": 0.8669095585083584,
      "last_precision": 0.7515321826331568,
      "last_recall": 0.8669095585083584,
      "last_f1": 0.8051082916235357,
      "last_attack_accuracy": 0.8669095585083584,
      "last_attack_precision": 0.0,
      "last_attack_recall": 0.0,
      "last_attack_f1": 0.0,
      "last_confusion_matrix": "[[93035, 0], [14283, 0]]",
      "best_accuracy": 0.8669095585083584,
      "best_accuracy_round": 1,
      "best_precision": 0.7515321826331568,
      "best_precision_round": 1,
      "best_recall": 0.8669095585083584,
      "best_recall_round": 1,
      "best_f1": 0.8051082916235357,
      "best_f1_round": 1,
      "best_attack_accuracy": 0.8669095585083584,
      "best_attack_accuracy_round": 1,
      "best_attack_precision": 0.0,
      "best_attack_precision_round": 1,
      "best_attack_recall": 0.0,
      "best_attack_recall_round": 1,
      "best_attack_f1": 0.0,
      "best_attack_f1_round": 1
    },
    "gps_tracker": {
      "client": "gps_tracker",
      "rounds": 8,
      "last_round": 8,
      "last_loss": 0.1490164250135421,
      "last_accuracy": 0.8377455743799908,
      "last_precision": 0.927096607422012,
      "last_recall": 0.8377455743799908,
      "last_f1": 0.8603009911428616,
      "last_attack_accuracy": 0.8377455743799908,
      "last_attack_precision": 0.4477874067889327,
      "last_attack_recall": 0.9985874799357946,
      "last_attack_f1": 0.6183112029895842,
      "last_confusion_matrix": "[[83590, 19180], [22, 15553]]",
      "best_accuracy": 0.8528539439773544,
      "best_accuracy_round": 7,
      "best_precision": 0.930310142778524,
      "best_precision_round": 7,
      "best_recall": 0.8528539439773544,
      "best_recall_round": 7,
      "best_f1": 0.8724024012375222,
      "best_f1_round": 7,
      "best_attack_accuracy": 0.8528539439773544,
      "best_attack_accuracy_round": 7,
      "best_attack_precision": 0.4720915409597231,
      "best_attack_precision_round": 7,
      "best_attack_recall": 0.9998715890850722,
      "best_attack_recall_round": 4,
      "best_attack_f1": 0.6411112485058325,
      "best_attack_f1_round": 7
    },
    "modbus": {
      "client": "modbus",
      "rounds": 8,
      "last_round": 8,
      "last_loss": 0.5395628213882446,
      "last_accuracy": 0.7788513619764821,
      "last_precision": 0.8277623550474206,
      "last_recall": 0.7788513619764821,
      "last_f1": 0.6821124000705162,
      "last_attack_accuracy": 0.7788513619764821,
      "last_attack_precision": 1.0,
      "last_attack_recall": 0.0003948823250671,
      "last_attack_f1": 0.0007894529091339,
      "last_confusion_matrix": "[[44571, 0], [12657, 5]]",
      "best_accuracy": 0.7802841018293641,
      "best_accuracy_round": 7,
      "best_precision": 0.8277623550474206,
      "best_precision_round": 8,
      "best_recall": 0.7802841018293641,
      "best_recall_round": 7,
      "best_f1": 0.6889376097475443,
      "best_f1_round": 7,
      "best_attack_accuracy": 0.7802841018293641,
      "best_attack_accuracy_round": 7,
      "best_attack_precision": 1.0,
      "best_attack_precision_round": 8,
      "best_attack_recall": 0.015400410677618,
      "best_attack_recall_round": 7,
      "best_attack_f1": 0.0300809872734284,
      "best_attack_f1_round": 7
    },
    "motion_light": {
      "client": "motion_light",
      "rounds": 8,
      "last_round": 8,
      "last_loss": 0.4762671589851379,
      "last_accuracy": 0.8672435933225392,
      "last_precision": 0.7521114501589897,
      "last_recall": 0.8672435933225392,
      "last_f1": 0.805584716261574,
      "last_attack_accuracy": 0.8672435933225392,
      "last_attack_precision": 0.0,
      "last_attack_recall": 0.0,
      "last_attack_f1": 0.0,
      "last_confusion_matrix": "[[77666, 0], [11889, 0]]",
      "best_accuracy": 0.8672435933225392,
      "best_accuracy_round": 1,
      "best_precision": 0.7521114501589897,
      "best_precision_round": 1,
      "best_recall": 0.8672435933225392,
      "best_recall_round": 1,
      "best_f1": 0.805584716261574,
      "best_f1_round": 1,
      "best_attack_accuracy": 0.8672435933225392,
      "best_attack_accuracy_round": 1,
      "best_attack_precision": 0.0,
      "best_attack_precision_round": 1,
      "best_attack_recall": 0.0,
      "best_attack_recall_round": 1,
      "best_attack_f1": 0.0,
      "best_attack_f1_round": 1
    },
    "thermostat": {
      "client": "thermostat",
      "rounds": 8,
      "last_round": 8,
      "last_loss": 0.4627256989479065,
      "last_accuracy": 0.8906814157256859,
      "last_precision": 0.8782929427391173,
      "last_recall": 0.8906814157256859,
      "last_f1": 0.8577982019440068,
      "last_attack_accuracy": 0.8906814157256859,
      "last_attack_precision": 0.7666517657577112,
      "last_attack_recall": 0.1602803738317757,
      "last_attack_f1": 0.2651310195563113,
      "last_confusion_matrix": "[[75744, 522], [8985, 1715]]",
      "best_accuracy": 0.8978336361336614,
      "best_accuracy_round": 5,
      "best_precision": 0.8840835996529389,
      "best_precision_round": 5,
      "best_recall": 0.8978336361336614,
      "best_recall_round": 5,
      "best_f1": 0.8862274398493168,
      "best_f1_round": 5,
      "best_attack_accuracy": 0.8978336361336614,
      "best_attack_accuracy_round": 5,
      "best_attack_precision": 0.8007923033389927,
      "best_attack_precision_round": 4,
      "best_attack_recall": 0.3816822429906542,
      "best_attack_recall_round": 5,
      "best_attack_f1": 0.478977306045857,
      "best_attack_f1_round": 5
    },
    "weather": {
      "client": "weather",
      "rounds": 8,
      "last_round": 8,
      "last_loss": 0.0841234251856803,
      "last_accuracy": 0.9828400260069972,
      "last_precision": 0.9846961955658188,