{
  "server": {
    "rounds": 10,
    "last_round": 10,
    "last_accuracy": 0.9035968223034472,
    "last_precision": 0.8645445594746091,
    "last_recall": 0.9035968223034472,
    "last_f1": 0.8788593972104175,
    "last_attack_accuracy": 0.906900185663488,
    "last_attack_precision": 0.6234637321411397,
    "last_attack_recall": 0.5141962288264337,
    "last_attack_f1": 0.5176442942619597,
    "best_accuracy": 0.9035968223034472,
    "best_accuracy_round": 10,
    "best_precision": 0.8646897664395831,
    "best_precision_round": 7,
    "best_recall": 0.9035968223034472,
    "best_recall_round": 10,
    "best_f1": 0.8788593972104175,
    "best_f1_round": 10,
    "best_attack_accuracy": 0.906900185663488,
    "best_attack_accuracy_round": 10,
    "best_attack_precision": 0.6234637321411397,
    "best_attack_precision_round": 10,
    "best_attack_recall": 0.5206353523696693,
    "best_attack_recall_round": 8,
    "best_attack_f1": 0.5282182571834613,
    "best_attack_f1_round": 7
  },
  "clients": {
    "fridge": {
      "client": "fridge",
      "rounds": 10,
      "last_round": 10,
      "last_loss": 0.463666707277298,
      "last_accuracy": 0.8578667995121365,
      "last_precision": 0.7454065111149278,
      "last_recall": 0.8578667995121365,
      "last_f1": 0.7974660901630481,
      "last_attack_accuracy": 0.8588717296823734,
      "last_attack_precision": 0.4074074074074074,
      "last_attack_recall": 0.0229998155095012,
      "last_attack_f1": 0.0435415332673613,
      "last_confusion_matrix": "[[0, 0, 117, 6997, 0], [0, 0, 0, 2046, 0], [0, 0, 257, 1159, 0], [0, 0, 544, 99621, 0], [0, 0, 0, 5685, 0]]",
      "best_accuracy": 0.8591895281122773,
      "best_accuracy_round": 1,
      "best_precision": 0.7480978320832455,
      "best_precision_round": 5,
      "best_recall": 0.8591895281122773,
      "best_recall_round": 1,
      "best_f1": 0.7974660901630481,
      "best_f1_round": 10,
      "best_attack_accuracy": 0.8596791094772646,
      "best_attack_accuracy_round": 1,
      "best_attack_precision": 0.4277566539923954,
      "best_attack_precision_round": 1,
      "best_attack_recall": 0.0683229813664596,
      "best_attack_recall_round": 5,
      "best_attack_f1": 0.1142592687818172,
      "best_attack_f1_round": 5
    },
    "garage": {
      "client": "garage",
      "rounds": 10,
      "last_round": 10,
      "last_loss": 0.4475964307785034,
      "last_accuracy": 0.8506215173596228,
      "last_precision": 0.761107308217566,
      "last_recall": 0.8506215173596228,
      "last_f1": 0.8021944934819425,
      "last_attack_accuracy": 0.8549823887884604,
      "last_attack_precision": 0.34,
      "last_attack_recall": 0.0952180914373731,
      "last_attack_f1": 0.1487720833561231,
      "last_confusion_matrix": "[[0, 0, 467, 6647, 0], [0, 0, 0, 2046, 0], [0, 0, 892, 374, 0], [0, 0, 2640, 90395, 0], [0, 0, 1, 3856, 0]]",
      "best_accuracy": 0.8608434745336291,
      "best_accuracy_round": 1,
      "best_precision": 0.7630109138678892,
      "best_precision_round": 4,
      "best_recall": 0.8608434745336291,
      "best_recall_round": 1,
      "best_f1": 0.8055188830163641,
      "best_f1_round": 1,
      "best_attack_accuracy": 0.8624648241674276,
      "best_attack_accuracy_round": 1,
      "best_attack_precision": 0.343811394891945,
      "best_attack_precision_round": 1,
      "best_attack_recall": 0.1199327872295736,
      "best_attack_recall_round": 4,
      "best_attack_f1": 0.1772191185599007,
      "best_attack_f1_round": 4
    },
    "gps_tracker": {
      "client": "gps_tracker",
      "rounds": 10,
      "last_round": 10,
      "last_loss": 0.0456980504095554,
      "last_accuracy": 0.98973340656555,
      "last_precision": 0.9903670768356406,
      "last_recall": 0.98973340656555,
      "last_f1": 0.989901867166552,
      "last_attack_accuracy": 0.9897418564366892,
      "last_attack_precision": 0.9348918902549817,
      "last_attack_recall": 0.99107544141252,
      "last_attack_f1": 0.9621641837561552,
      "last_confusion_matrix": "[[7092, 0, 0, 22, 0], [0, 2041, 1, 3, 0], [0, 0, 1381, 0, 0], [285, 182, 16, 101695, 592], [0, 0, 0, 114, 4921]]",
      "best_accuracy": 0.9902826481896152,
      "best_accuracy_round": 7,
      "best_precision": 0.9904280898803428,
      "best_precision_round": 7,
      "best_recall": 0.9902826481896152,
      "best_recall_round": 7,
      "best_f1": 0.9903216608314752,
      "best_f1_round": 7,
      "best_attack_accuracy": 0.990299547931894,
      "best_attack_accuracy_round": 7,
      "best_attack_precision": 0.9526259647361486,
      "best_attack_precision_round": 7,
      "best_attack_recall": 0.9959550561797752,
      "best_attack_recall_round": 8,
      "best_attack_f1": 0.9635694338664637,
      "best_attack_f1_round": 7
    },
    "modbus": {
      "client": "modbus",
      "rounds": 10,
      "last_round": 10,
      "last_loss": 0.5268750190734863,
      "last_accuracy": 0.7747628116645991,
      "last_precision": 0.7616316304686779,
      "last_recall": 0.7747628116645991,
      "last_f1": 0.7480863506507185,
      "last_attack_accuracy": 0.7916237135918089,
      "last_attack_precision": 0.5448124695567462,
      "last_attack_recall": 0.3533407044700679,
      "last_attack_f1": 0.4286672415445051,
      "last_confusion_matrix": "[[1238, 0, 414, 5932, 418], [0, 0, 0, 0, 0], [24, 0, 800, 213, 0], [804, 0, 1500, 40833, 1434], [109, 0, 0, 2043, 1471]]",
      "best_accuracy": 0.7818391487428581,
      "best_accuracy_round": 5,
      "best_precision": 0.7683555992356483,
      "best_precision_round": 3,
      "best_recall": 0.7818391487428581,
      "best_recall_round": 5,
      "best_f1": 0.7480863506507185,
      "best_f1_round": 10,
      "best_attack_accuracy": 0.795782153652613,
      "best_attack_accuracy_round": 5,
      "best_attack_precision": 0.5769109286165508,
      "best_attack_precision_round": 5,
      "best_attack_recall": 0.3544463749802559,
      "best_attack_recall_round": 2,
      "best_attack_f1": 0.4286672415445051,
      "best_attack_f1_round": 10
    },
    "motion_light": {
      "client": "motion_light",
      "rounds": 10,
      "last_round": 10,
      "last_loss": 0.4505683183670044,
      "last_accuracy": 0.8520127296075037,
      "last_precision": 0.7883042712902822,
      "last_recall": 0.8520127296075037,
      "last_f1": 0.8047218679741248,
      "last_attack_accuracy": 0.8570152420300374,
      "last_attack_precision": 0.3774745853397538,
      "last_attack_recall": 0.1186811338211792,
      "last_attack_f1": 0.1805848851347027,
      "last_confusion_matrix": "[[23, 0, 448, 5171, 0], [0, 0, 0, 1624, 0], [0, 0, 940, 179, 0], [38, 0, 2289, 75339, 0], [0, 0, 0, 3504, 0]]",
      "best_accuracy": 0.86181676064988,
      "best_accuracy_round": 6,
      "best_precision": 0.7883042712902822,
      "best_precision_round": 10,
      "best_recall": 0.86181676064988,
      "best_recall_round": 6,
      "best_f1": 0.8089981210454369,
      "best_f1_round": 6,
      "best_attack_accuracy": 0.8636927028083301,
      "best_attack_accuracy_round": 6,
      "best_attack_precision": 0.4007490636704119,
      "best_attack_precision_round": 6,
      "best_attack_recall": 0.1376903019597947,
      "best_attack_recall_round": 8,
      "best_attack_f1": 0.200514453699167,
      "best_attack_f1_round": 8
    },
    "thermostat": {
      "client": "thermostat",
      "rounds": 10,
      "last_round": 10,
      "last_loss": 0.2052516192197799,
      "last_accuracy": 0.9145298162500288,
      "last_precision": 0.9321342001563906,
      "last_recall": 0.9145298162500288,
      "last_f1": 0.9205779551512464,
      "last_attack_accuracy": 0.9182669089069292,
      "last_attack_precision": 0.6246356696738377,
      "last_attack_recall": 0.841214953271028,
      "last_attack_f1": 0.7169255276782158,
      "last_confusion_matrix": "[[5448, 0, 114, 1467, 84], [0, 0, 0, 0, 0], [86, 0, 1726, 88, 0], [3100, 0, 1819, 70857, 490], [41, 0, 0, 144, 1502]]",