{
  "server": {
    "rounds": 5,
    "last_round": 5,
    "last_accuracy": 0.4269060674743772,
    "last_precision": 0.4265074877984182,
    "last_recall": 0.4269060674743772,
    "last_f1": 0.3747657064747803,
    "last_attack_accuracy": 0.4721234883793497,
    "last_attack_precision": 0.0801203496266864,
    "last_attack_recall": 0.5432768694737021,
    "last_attack_f1": 0.1390273077947088,
    "best_accuracy": 0.4269060674743772,
    "best_accuracy_round": 5,
    "best_precision": 0.4308170624785228,
    "best_precision_round": 4,
    "best_recall": 0.4269060674743772,
    "best_recall_round": 5,
    "best_f1": 0.3747657064747803,
    "best_f1_round": 5,
    "best_attack_accuracy": 0.4721234883793497,
    "best_attack_accuracy_round": 5,
    "best_attack_precision": 0.1147232528222755,
    "best_attack_precision_round": 1,
    "best_attack_recall": 0.5638219797918889,
    "best_attack_recall_round": 1,
    "best_attack_f1": 0.1565148551841487,
    "best_attack_f1_round": 1
  },
  "clients": {
    "fridge": {
      "client": "fridge",
      "rounds": 5,
      "last_round": 5,
      "last_loss": 1.69422447681427,
      "last_accuracy": 0.0619621046845206,
      "last_precision": 0.0038393024169354,
      "last_recall": 0.0619621046845206,
      "last_f1": 0.0072305827110018,
      "last_attack_accuracy": 0.1402865339357188,
      "last_attack_precision": 0.1402865339357188,
      "last_attack_recall": 1.0,
      "last_attack_f1": 0.2460548814016375,
      "last_confusion_matrix": "[[7214, 0, 0, 0, 0], [2064, 0, 0, 0, 0], [1407, 0, 0, 0, 0], [100093, 0, 0, 0, 0], [5648, 0, 0, 0, 0]]",
      "best_accuracy": 0.0619621046845206,
      "best_accuracy_round": 1,
      "best_precision": 0.0038393024169354,
      "best_precision_round": 1,
      "best_recall": 0.0619621046845206,
      "best_recall_round": 1,
      "best_f1": 0.0072305827110018,
      "best_f1_round": 1,
      "best_attack_accuracy": 0.1402865339357188,
      "best_attack_accuracy_round": 1,
      "best_attack_precision": 0.1402865339357188,
      "best_attack_precision_round": 1,
      "best_attack_recall": 1.0,
      "best_attack_recall_round": 1,
      "best_attack_f1": 0.2460548814016375,
      "best_attack_f1_round": 1
    },
    "garage": {
      "client": "garage",
      "rounds": 5,
      "last_round": 5,
      "last_loss": 1.5350528955459597,
      "last_accuracy": 0.8661454741981773,
      "last_precision": 0.7502079824739856,
      "last_recall": 0.8661454741981773,
      "last_f1": 0.8040187572154049,
      "last_attack_accuracy": 0.8661454741981773,
      "last_attack_precision": 0.0,
      "last_attack_recall": 0.0,
      "last_attack_f1": 0.0,
      "last_confusion_matrix": "[[0, 0, 0, 7213, 0], [0, 0, 0, 2052, 0], [0, 0, 0, 1291, 0], [0, 0, 0, 92953, 0], [0, 0, 0, 3809, 0]]",
      "best_accuracy": 0.8661454741981773,
      "best_accuracy_round": 2,
      "best_precision": 0.7544161660934251,
      "best_precision_round": 1,
      "best_recall": 0.8661454741981773,
      "best_recall_round": 2,
      "best_f1": 0.8040187572154049,
      "best_f1_round": 2,
      "best_attack_accuracy": 0.8661454741981773,
      "best_attack_accuracy_round": 2,
      "best_attack_precision": 0.2244008714596949,
      "best_attack_precision_round": 1,
      "best_attack_recall": 0.071702053602506,
      "best_attack_recall_round": 1,
      "best_attack_f1": 0.1086784489580585,
      "best_attack_f1_round": 1
    },
    "gps_tracker": {
      "client": "gps_tracker",
      "rounds": 5,
      "last_round": 5,
      "last_loss": 1.4026144742965698,
      "last_accuracy": 0.8676581182136972,
      "last_precision": 0.7528306101021343,
      "last_recall": 0.8676581182136972,
      "last_f1": 0.8061760369956483,
      "last_attack_accuracy": 0.8676581182136972,
      "last_attack_precision": 0.0,
      "last_attack_recall": 0.0,
      "last_attack_f1": 0.0,
      "last_confusion_matrix": "[[0, 0, 0, 7173, 0], [0, 0, 0, 2045, 0], [0, 0, 0, 1354, 0], [0, 0, 0, 102683, 0], [0, 0, 0, 5090, 0]]",
      "best_accuracy": 0.8676581182136972,
      "best_accuracy_round": 1,
      "best_precision": 0.7528306101021343,
      "best_precision_round": 1,
      "best_recall": 0.8676581182136972,
      "best_recall_round": 1,
      "best_f1": 0.8061760369956483,
      "best_f1_round": 1,
      "best_attack_accuracy": 0.8676581182136972,
      "best_attack_accuracy_round": 1,
      "best_attack_precision": 0.0,
      "best_attack_precision_round": 1,
      "best_attack_recall": 0.0,
      "best_attack_recall_round": 1,
      "best_attack_f1": 0.0,
      "best_attack_f1_round": 1
    },
    "modbus": {
      "client": "modbus",
      "rounds": 5,
      "last_round": 5,
      "last_loss": 1.6397067308425903,
      "last_accuracy": 0.1389932381667918,
      "last_precision": 0.0193191202560905,
      "last_recall": 0.1389932381667918,
      "last_f1": 0.0339231517953251,
      "last_attack_accuracy": 0.218562717313438,
      "last_attack_precision": 0.218562717313438,
      "last_attack_recall": 1.0,
      "last_attack_f1": 0.3587221473430644,
      "last_confusion_matrix": "[[7955, 0, 0, 0, 0], [0, 0, 0, 0, 0], [1041, 0, 0, 0, 0], [44724, 0, 0, 0, 0], [3513, 0, 0, 0, 0]]",
      "best_accuracy": 0.1389932381667918,
      "best_accuracy_round": 1,
      "best_precision": 0.0193191202560905,
      "best_precision_round": 1,
      "best_recall": 0.1389932381667918,
      "best_recall_round": 1,
      "best_f1": 0.0339231517953251,
      "best_f1_round": 1,
      "best_attack_accuracy": 0.218562717313438,
      "best_attack_accuracy_round": 1,
      "best_attack_precision": 0.218562717313438,
      "best_attack_precision_round": 1,
      "best_attack_recall": 1.0,
      "best_attack_recall_round": 1,
      "best_attack_f1": 0.3587221473430644,
      "best_attack_f1_round": 1
    },
    "motion_light": {
      "client": "motion_light",
      "rounds": 5,
      "last_round": 5,
      "last_loss": 1.4558969736099243,
      "last_accuracy": 0.8679790964111039,
      "last_precision": 0.7533877118066364,
      "last_recall": 0.8679790964111039,
      "last_f1": 0.8066339856308876,
      "last_attack_accuracy": 0.8679790964111039,
      "last_attack_precision": 0.0,
      "last_attack_recall": 0.0,
      "last_attack_f1": 0.0,
      "last_confusion_matrix": "[[0, 0, 0, 5654, 0], [0, 0, 0, 1647, 0], [0, 0, 0, 1109, 0], [0, 0, 0, 77731, 0], [0, 0, 0, 3413, 0]]",
      "best_accuracy": 0.8679790964111039,
      "best_accuracy_round": 1,
      "best_precision": 0.7533877118066364,
      "best_precision_round": 1,
      "best_recall": 0.8679790964111039,
      "best_recall_round": 1,
      "best_f1": 0.8066339856308876,
      "best_f1_round": 1,
      "best_attack_accuracy": 0.8679790964111039,
      "best_attack_accuracy_round": 1,
      "best_attack_precision": 0.0,
      "best_attack_precision_round": 1,
      "best_attack_recall": 0.0,
      "best_attack_recall_round": 1,
      "best_attack_f1": 0.0,
      "best_attack_f1_round": 1
    },
    "thermostat": {
      "client": "thermostat",
      "rounds": 5,
      "last_round": 5,
      "last_loss": 1.54824960231781,
      "last_accuracy": 0.061092840880344,
      "last_precision": 0.7092853439515845,
      "last_recall": 0.061092840880344,
      "last_f1": 0.0777750841790705,
      "last_attack_accuracy": 0.1542671848768484,
      "last_attack_precision": 0.1196547048283209,
      "last_attack_recall": 0.9219216417910449,
      "last_attack_f1": 0.2118179090402503,
      "last_confusion_matrix": "[[0, 0, 6547, 542, 11], [0, 0, 0, 0, 0], [0, 0, 1780, 134, 0], [0, 0, 72524, 3533, 189], [0, 0, 1545, 161, 0]]",
      "best_accuracy": 0.061092840880344,
      "best_accuracy_round": 5,
      "best_precision": 0.7442232957179251,
      "best_precision_round": 4,
      "best_recall": 0.061092840880344,
      "best_recall_round": 5,
      "best_f1": 0.0777750841790705,
      "best_f1_round": 5,
      "best_attack_accuracy": 0.1542671848768484,
      "best_attack_accuracy_round": 5,