round,loss,accuracy,precision_weighted,recall_weighted,f1_weighted,attack_accuracy,attack_precision,attack_recall,attack_f1,confusion_matrix
1,4.4976277351379395,0.43106501391348345,0.18581704622023168,0.43106501391348345,0.25969057228516024,0.43106501391348345,0.0,0.0,0.0,"[[0, 0, 0, 35568, 0], [0, 0, 0, 0, 0], [0, 0, 0, 5475, 0], [0, 0, 0, 37488, 0], [0, 0, 0, 8435, 0]]"
2,7.363305568695068,0.40192718993629695,0.19566608350796721,0.40192718993629695,0.2627556761226464,0.42098061311317064,0.4463214591749296,0.07368931646388294,0.12649400662653737,"[[0, 0, 1657, 33911, 0], [0, 0, 0, 0, 0], [0, 0, 1989, 3486, 0], [0, 0, 4523, 32965, 0], [0, 0, 0, 8435, 0]]"
3,15.414215087890625,0.38402364142308487,0.19511912942998255,0.38402364142308487,0.2563703103109493,0.4287537658395235,0.49469124716074164,0.18927604187719796,0.273794383779912,"[[0, 0, 3890, 31678, 0], [0, 0, 0, 0, 0], [0, 0, 5475, 0, 0], [0, 0, 9566, 27922, 0], [0, 0, 0, 8435, 0]]"
4,22.1243839263916,0.3433755720626452,0.1810248868564866,0.3433755720626452,0.23250331848066552,0.4041119517972541,0.4508760164305474,0.2174097578721856,0.2933620595614705,"[[0, 0, 5282, 30286, 0], [0, 0, 0, 0, 0], [0, 0, 5475, 0, 0], [0, 0, 13101, 24387, 0], [0, 0, 0, 8435, 0]]"
5,25.745079040527344,0.33871857967481545,0.17885543654833858,0.3387185796748155,0.22940541775877263,0.3982130947726698,0.44086110536120887,0.21522696956222967,0.28924531120557356,"[[0, 0, 5174, 30394, 0], [0, 0, 0, 0, 0], [0, 0, 5475, 0, 0], [0, 0, 13506, 23982, 0], [0, 0, 0, 8435, 0]]"
