round,loss,accuracy,precision_weighted,recall_weighted,f1_weighted,attack_accuracy,attack_precision,attack_recall,attack_f1,confusion_matrix
1,0.6917072534561157,0.8769634109882023,0.7690648242120626,0.8769634109882023,0.8194776943543697,0.8769634109882023,0.0,0.0,0.0,"[[76266, 0], [10700, 0]]"
2,0.7065210938453674,0.8769634109882023,0.7690648242120626,0.8769634109882023,0.8194776943543697,0.8769634109882023,0.0,0.0,0.0,"[[76266, 0], [10700, 0]]"
3,0.5853352546691895,0.8769634109882023,0.7690648242120626,0.8769634109882023,0.8194776943543697,0.8769634109882023,0.0,0.0,0.0,"[[76266, 0], [10700, 0]]"
4,0.5364835858345032,0.8891865786629257,0.8799185583637592,0.8891865786629257,0.8525512759287066,0.8891865786629257,0.8007923033389927,0.1322429906542056,0.22699927809416862,"[[75914, 352], [9285, 1415]]"
5,0.5113565325737,0.8978336361336614,0.8840835996529389,0.8978336361336614,0.8862274398493168,0.8978336361336614,0.6428458995750039,0.38168224299065423,0.47897730604585703,"[[73997, 2269], [6616, 4084]]"
6,0.5055636763572693,0.89202676908217,0.8765984505984753,0.89202676908217,0.8637021050625361,0.89202676908217,0.7257064093728464,0.19682242990654206,0.30966034406704895,"[[75470, 796], [8594, 2106]]"
7,0.4852968752384186,0.894636984568682,0.882701416090666,0.894636984568682,0.8669102447396257,0.894636984568682,0.7661932802216834,0.20672897196261683,0.3256053580628542,"[[75591, 675], [8488, 2212]]"
8,0.4627256989479065,0.8906814157256859,0.8782929427391173,0.8906814157256859,0.8577982019440068,0.8906814157256859,0.7666517657577112,0.1602803738317757,0.26513101955631135,"[[75744, 522], [8985, 1715]]"
