round,loss,accuracy,precision_weighted,recall_weighted,f1_weighted,attack_accuracy,attack_precision,attack_recall,attack_f1,confusion_matrix
1,0.3315229117870331,0.8769634109882023,0.7690648242120626,0.8769634109882023,0.8194776943543697,0.8769634109882023,0.0,0.0,0.0,"[[76266, 0], [10700, 0]]"
2,0.3793128430843353,0.8770094059747487,0.8716382937297247,0.8770094059747487,0.8196119950465757,0.8770094059747487,0.8333333333333334,0.00046728971962616824,0.0009340556697179152,"[[76265, 1], [10695, 5]]"
3,0.35634905099868774,0.877722328266219,0.8703525522696205,0.877722328266219,0.821731826009023,0.877722328266219,0.8173076923076923,0.00794392523364486,0.015734912995186968,"[[76247, 19], [10615, 85]]"
4,0.3346928656101227,0.8793206540487087,0.8709841647191107,0.8793206540487087,0.8264428775803128,0.8793206540487087,0.8096676737160121,0.025046728971962615,0.04859033632490255,"[[76203, 63], [10432, 268]]"
5,0.3164961636066437,0.8814824184163926,0.8716876247349276,0.8814824184163926,0.8327784761604373,0.8814824184163926,0.7972768532526475,0.04925233644859813,0.09277352345744212,"[[76132, 134], [10173, 527]]"
6,0.3123905062675476,0.8810339672975646,0.8756434481142308,0.8810339672975646,0.8308641488923336,0.8810339672975646,0.8352272727272727,0.04121495327102804,0.07855361596009976,"[[76179, 87], [10259, 441]]"
7,0.30702367424964905,0.8860474208311294,0.878488610108165,0.8860474208311294,0.8442655749754099,0.8860474208311294,0.817524115755627,0.09504672897196262,0.1702947086403215,"[[76039, 227], [9683, 1017]]"
8,0.2756464183330536,0.8882896764252697,0.874380253062992,0.8882896764252697,0.8526492569337135,0.8882896764252697,0.7532133676092545,0.1369158878504673,0.2317121391854488,"[[75786, 480], [9235, 1465]]"
