round,loss,accuracy,precision_weighted,recall_weighted,f1_weighted,attack_accuracy,attack_precision,attack_recall,attack_f1,confusion_matrix
1,1.5627061128616333,0.0,0.0,0.0,0.0,0.12326656394453005,0.12326656394453005,1.0,0.2194787379972565,"[[0, 7100, 0, 0, 0], [0, 0, 0, 0, 0], [0, 1914, 0, 0, 0], [0, 76246, 0, 0, 0], [0, 1706, 0, 0, 0]]"
2,1.511305809020996,0.8767334360554699,0.7686615178976308,0.8767334360554699,0.8191483171027297,0.8767334360554699,0.0,0.0,0.0,"[[0, 0, 0, 7100, 0], [0, 0, 0, 0, 0], [0, 0, 0, 1914, 0], [0, 0, 0, 76246, 0], [0, 0, 0, 1706, 0]]"
3,1.4456849098205566,0.8767334360554699,0.7686615178976308,0.8767334360554699,0.8191483171027297,0.8767334360554699,0.0,0.0,0.0,"[[0, 0, 0, 7100, 0], [0, 0, 0, 0, 0], [0, 0, 0, 1914, 0], [0, 0, 0, 76246, 0], [0, 0, 0, 1706, 0]]"
4,1.344922423362732,0.8767334360554699,0.7686615178976308,0.8767334360554699,0.8191483171027297,0.8767334360554699,0.0,0.0,0.0,"[[0, 0, 0, 7100, 0], [0, 0, 0, 0, 0], [0, 0, 0, 1914, 0], [0, 0, 0, 76246, 0], [0, 0, 0, 1706, 0]]"
5,1.1723781824111938,0.8767334360554699,0.7686615178976308,0.8767334360554699,0.8191483171027297,0.8767334360554699,0.0,0.0,0.0,"[[0, 0, 0, 7100, 0], [0, 0, 0, 0, 0], [0, 0, 0, 1914, 0], [0, 0, 0, 76246, 0], [0, 0, 0, 1706, 0]]"
