round,loss,accuracy,precision_weighted,recall_weighted,f1_weighted,attack_accuracy,attack_precision,attack_recall,attack_f1,confusion_matrix
1,0.25857847929000854,0.8909573856449647,0.927341506863232,0.8909573856449647,0.9024946626060787,0.8956948692592508,0.5467646552219096,0.89,0.6773837891666963,"[[5810, 0, 136, 1076, 91], [0, 0, 0, 0, 0], [125, 0, 1769, 6, 0], [5032, 0, 2105, 68372, 757], [60, 0, 0, 95, 1532]]"
