round,loss,accuracy,precision_weighted,recall_weighted,f1_weighted,attack_accuracy,attack_precision,attack_recall,attack_f1,confusion_matrix
1,0.7150463461875916,0.7401973184922843,0.8205990049846618,0.7401973184922843,0.771196337141036,0.7474760251132626,0.2313564578462713,0.45317757009345794,0.30632679490824094,"[[3023, 0, 449, 3641, 0], [0, 0, 0, 0, 0], [0, 0, 1193, 707, 0], [14053, 0, 2057, 60156, 0], [184, 0, 0, 1503, 0]]"
2,0.5289366245269775,0.7580663707655866,0.8221065822465025,0.7580663707655866,0.7738812469024045,0.763689257870892,0.19960968469842044,0.3058878504672897,0.24157655829058566,"[[2767, 0, 0, 4346, 0], [0, 0, 0, 0, 0], [9, 0, 1, 1890, 0], [13119, 0, 2, 63142, 3], [480, 0, 0, 1191, 16]]"
3,0.5742093324661255,0.71897063220109,0.8362041892422419,0.71897063220109,0.7621727516397825,0.7366442057815699,0.25410067303429656,0.5892523364485981,0.3550812378565596,"[[3535, 0, 386, 3192, 0], [0, 0, 0, 0, 0], [90, 0, 1233, 577, 0], [16621, 0, 1887, 57758, 0], [1061, 0, 0, 626, 0]]"
4,0.49765220284461975,0.7756134581330635,0.7925060836428667,0.7756134581330635,0.7817980905755816,0.7775452475680151,0.18194526191877575,0.2311214953271028,0.2036061254734069,"[[2305, 0, 0, 4808, 0], [0, 0, 0, 0, 0], [0, 0, 0, 1900, 0], [11118, 0, 0, 65147, 1], [168, 0, 0, 1519, 0]]"
5,0.49122294783592224,0.7840420394177035,0.7987518389605371,0.7840420394177035,0.786472213886544,0.7847664604558103,0.17968999680409076,0.21018691588785046,0.19374569262577532,"[[2174, 0, 6, 4933, 0], [0, 0, 0, 0, 0], [0, 0, 12, 1888, 0], [10248, 0, 19, 65999, 0], [57, 0, 0, 1630, 0]]"
