round,loss,accuracy,precision_weighted,recall_weighted,f1_weighted,attack_accuracy,attack_precision,attack_recall,attack_f1,confusion_matrix
1,1.3448883295059204,0.8767334360554699,0.7686615178976308,0.8767334360554699,0.8191483171027297,0.8767334360554699,0.0,0.0,0.0,"[[0, 0, 0, 7100, 0], [0, 0, 0, 0, 0], [0, 0, 0, 1914, 0], [0, 0, 0, 76246, 0], [0, 0, 0, 1706, 0]]"
2,1.2720348834991455,0.8767334360554699,0.7686615178976308,0.8767334360554699,0.8191483171027297,0.8767334360554699,0.0,0.0,0.0,"[[0, 0, 0, 7100, 0], [0, 0, 0, 0, 0], [0, 0, 0, 1914, 0], [0, 0, 0, 76246, 0], [0, 0, 0, 1706, 0]]"
3,1.1294053792953491,0.8767334360554699,0.7686615178976308,0.8767334360554699,0.8191483171027297,0.8767334360554699,0.0,0.0,0.0,"[[0, 0, 0, 7100, 0], [0, 0, 0, 0, 0], [0, 0, 0, 1914, 0], [0, 0, 0, 76246, 0], [0, 0, 0, 1706, 0]]"
4,0.8732774257659912,0.8767334360554699,0.7686615178976308,0.8767334360554699,0.8191483171027297,0.8767334360554699,0.0,0.0,0.0,"[[0, 0, 0, 7100, 0], [0, 0, 0, 0, 0], [0, 0, 0, 1914, 0], [0, 0, 0, 76246, 0], [0, 0, 0, 1706, 0]]"
5,0.5835030674934387,0.8767334360554699,0.7686615178976308,0.8767334360554699,0.8191483171027297,0.8767334360554699,0.0,0.0,0.0,"[[0, 0, 0, 7100, 0], [0, 0, 0, 0, 0], [0, 0, 0, 1914, 0], [0, 0, 0, 76246, 0], [0, 0, 0, 1706, 0]]"
