round,loss,accuracy,precision_weighted,recall_weighted,f1_weighted,attack_accuracy,attack_precision,attack_recall,attack_f1,confusion_matrix
1,0.09529149532318115,0.12303658901179772,0.015138002235658024,0.12303658901179772,0.026959054377700235,0.12303658901179772,0.12303658901179772,1.0,0.2191141236458952,"[[0, 76266], [0, 10700]]"
2,9.104767377721146e-05,1.0,1.0,1.0,1.0,1.0,1.0,1.0,1.0,"[[76266, 0], [0, 10700]]"
3,0.021072493866086006,0.9454154497159809,0.962189765777238,0.9454154497159809,0.9494937201469443,0.9454154497159809,0.6926911374376902,1.0,0.8184495353195396,"[[71519, 4747], [0, 10700]]"
4,0.0,1.0,1.0,1.0,1.0,1.0,1.0,1.0,1.0,"[[76266, 0], [0, 10700]]"
5,0.0,1.0,1.0,1.0,1.0,1.0,1.0,1.0,1.0,"[[76266, 0], [0, 10700]]"
6,0.0,1.0,1.0,1.0,1.0,1.0,1.0,1.0,1.0,"[[76266, 0], [0, 10700]]"
7,0.0,1.0,1.0,1.0,1.0,1.0,1.0,1.0,1.0,"[[76266, 0], [0, 10700]]"
8,0.0,1.0,1.0,1.0,1.0,1.0,1.0,1.0,1.0,"[[76266, 0], [0, 10700]]"
