round,loss,accuracy,precision_weighted,recall_weighted,f1_weighted,attack_accuracy,attack_precision,attack_recall,attack_f1,confusion_matrix
1,2.9711873690803987,0.41645489564767435,0.19163338240060374,0.41645489564767435,0.25963970881606047,0.42653941240729026,0.43126967471143757,0.02492016653866365,0.04711771786690105,"[[0, 0, 877, 34691, 0], [0, 0, 0, 0, 0], [0, 0, 356, 5119, 0], [0, 0, 1626, 35861, 0], [0, 0, 0, 8435, 0]]"
2,2.9178697652100554,0.41842120393261656,0.20216785223248443,0.41842120393261656,0.2707967250010709,0.43657793365146896,0.540499493756328,0.0647358421924896,0.11562342069164681,"[[0, 0, 1579, 33989, 0], [0, 0, 0, 0, 0], [0, 0, 1624, 3851, 0], [0, 0, 2723, 34764, 0], [0, 0, 0, 8435, 0]]"
