round,loss,accuracy,precision_weighted,recall_weighted,f1_weighted,attack_accuracy,attack_precision,attack_recall,attack_f1,confusion_matrix
1,1.585007905960083,0.02200860106248419,0.00048437852072758024,0.02200860106248419,0.0009478951942753091,0.12326656394453005,0.12326656394453005,1.0,0.2194787379972565,"[[0, 0, 7100, 0, 0], [0, 0, 0, 0, 0], [0, 0, 1914, 0, 0], [0, 0, 76246, 0, 0], [0, 0, 1706, 0, 0]]"
2,1.5766055583953857,0.02200860106248419,0.00048437852072758024,0.02200860106248419,0.0009478951942753091,0.12326656394453005,0.12326656394453005,1.0,0.2194787379972565,"[[0, 0, 7100, 0, 0], [0, 0, 0, 0, 0], [0, 0, 1914, 0, 0], [0, 0, 76246, 0, 0], [0, 0, 1706, 0, 0]]"
3,1.5677002668380737,0.02200860106248419,0.0004855062287768514,0.02200860106248419,0.0009500544088408564,0.12326656394453005,0.12326656394453005,1.0,0.2194787379972565,"[[0, 0, 7065, 0, 35], [0, 0, 0, 0, 0], [0, 0, 1914, 0, 0], [0, 0, 76079, 0, 167], [0, 0, 1706, 0, 0]]"
4,1.5582464933395386,0.028367407952533175,0.7442232957179251,0.028367407952533175,0.012804098880585157,0.12762458891980774,0.12307478679457064,0.9921641791044776,0.21898516558745715,"[[0, 0, 6839, 84, 177], [0, 0, 0, 0, 0], [0, 0, 1914, 0, 0], [0, 0, 74968, 463, 815], [0, 0, 1616, 0, 90]]"
5,1.54824960231781,0.06109284088034404,0.7092853439515845,0.06109284088034404,0.0777750841790705,0.15426718487684843,0.11965470482832098,0.9219216417910447,0.21181790904025033,"[[0, 0, 6547, 542, 11], [0, 0, 0, 0, 0], [0, 0, 1780, 134, 0], [0, 0, 72524, 3533, 189], [0, 0, 1545, 161, 0]]"
