round,loss,accuracy,precision_weighted,recall_weighted,f1_weighted,attack_accuracy,attack_precision,attack_recall,attack_f1,confusion_matrix
1,0.03774338588118553,0.999984519644571,0.9999845214388748,0.999984519644571,0.9999845200240285,0.999984519644571,0.9998840915676616,1.0,0.9999420424249449,"[[111941, 2], [0, 17253]]"
2,8.996605174615979e-05,1.0,1.0,1.0,1.0,1.0,1.0,1.0,1.0,"[[111943, 0], [0, 17253]]"
3,0.005020419135689735,1.0,1.0,1.0,1.0,1.0,1.0,1.0,1.0,"[[111943, 0], [0, 17253]]"
4,2.48453844164942e-08,1.0,1.0,1.0,1.0,1.0,1.0,1.0,1.0,"[[111943, 0], [0, 17253]]"
5,0.0,1.0,1.0,1.0,1.0,1.0,1.0,1.0,1.0,"[[111943, 0], [0, 17253]]"
6,0.0,1.0,1.0,1.0,1.0,1.0,1.0,1.0,1.0,"[[111943, 0], [0, 17253]]"
7,0.0,1.0,1.0,1.0,1.0,1.0,1.0,1.0,1.0,"[[111943, 0], [0, 17253]]"
8,0.0,1.0,1.0,1.0,1.0,1.0,1.0,1.0,1.0,"[[111943, 0], [0, 17253]]"
