round,loss,accuracy,precision_weighted,recall_weighted,f1_weighted,attack_accuracy,attack_precision,attack_recall,attack_f1,confusion_matrix
1,2.181323289871216,0.3199402458280442,0.8694251433739525,0.3199402458280442,0.41336820609174607,0.3981392612774389,0.18128088159377995,0.9973337970208079,0.30679670506008627,"[[7104, 0, 0, 24, 0], [3037, 0, 0, 0, 0], [1945, 0, 0, 0, 0], [77712, 0, 0, 34231, 0], [5121, 0, 0, 22, 0]]"
2,1.9791170358657837,0.37235672931050495,0.8164381503888253,0.37235672931050495,0.4652057158066769,0.429982352394811,0.16975297796830527,0.8400278212484785,0.28243203741596024,"[[7048, 0, 0, 80, 0], [476, 0, 0, 2561, 0], [1945, 0, 0, 0, 0], [70884, 0, 0, 41059, 0], [5024, 0, 0, 119, 0]]"
3,2.3637468814849854,0.41450199696585033,0.8310911217712889,0.41450199696585033,0.5099363097406215,0.47551007771138426,0.18624442484252898,0.8688923665449487,0.3067400556555901,"[[7109, 0, 0, 19, 0], [847, 0, 0, 2190, 0], [1944, 0, 0, 1, 0], [65493, 0, 7, 46443, 0], [5091, 0, 0, 52, 0]]"
4,3.0298683643341064,0.36076194309421344,0.8657485218194466,0.36076194309421344,0.45927033428201874,0.43732004086813836,0.1901968015556375,0.9864371413667188,0.31890494125583224,"[[7128, 0, 0, 0, 0], [2818, 0, 0, 219, 0], [1944, 0, 0, 1, 0], [72462, 0, 0, 39481, 0], [5129, 0, 0, 14, 0]]"
5,2.543728828430176,0.42263692374376916,0.8654351187860796,0.42263692374376916,0.5239225045873857,0.4985216260565343,0.2079954788933117,0.9812786182113256,0.34323713367596226,"[[7126, 0, 0, 2, 0], [2758, 0, 0, 279, 0], [1944, 0, 0, 1, 0], [64446, 0, 20, 47477, 0], [5102, 0, 0, 41, 0]]"
