round,loss,accuracy,precision_weighted,recall_weighted,f1_weighted,attack_accuracy,attack_precision,attack_recall,attack_f1,confusion_matrix
1,1.5331451892852783,0.055233908170531594,0.003050784611790717,0.055233908170531594,0.005782195943797692,0.1334406637976408,0.1334406637976408,1.0,0.23546122538173672,"[[7136, 0, 0, 0, 0], [3055, 0, 0, 0, 0], [1951, 0, 0, 0, 0], [111956, 0, 0, 0, 0], [5098, 0, 0, 0, 0]]"
2,1.524944543838501,0.055233908170531594,0.003050784611790717,0.055233908170531594,0.005782195943797692,0.1334406637976408,0.1334406637976408,1.0,0.23546122538173672,"[[7136, 0, 0, 0, 0], [3055, 0, 0, 0, 0], [1951, 0, 0, 0, 0], [111956, 0, 0, 0, 0], [5098, 0, 0, 0, 0]]"
3,1.5166716575622559,0.055233908170531594,0.003050784611790717,0.055233908170531594,0.005782195943797692,0.1334406637976408,0.1334406637976408,1.0,0.23546122538173672,"[[7136, 0, 0, 0, 0], [3055, 0, 0, 0, 0], [1951, 0, 0, 0, 0], [111956, 0, 0, 0, 0], [5098, 0, 0, 0, 0]]"
4,1.5081926584243774,0.055233908170531594,0.003050784611790717,0.055233908170531594,0.005782195943797692,0.1334406637976408,0.1334406637976408,1.0,0.23546122538173672,"[[7136, 0, 0, 0, 0], [3055, 0, 0, 0, 0], [1951, 0, 0, 0, 0], [111956, 0, 0, 0, 0], [5098, 0, 0, 0, 0]]"
5,1.4993584156036377,0.055233908170531594,0.003050784611790717,0.055233908170531594,0.005782195943797692,0.1334406637976408,0.1334406637976408,1.0,0.23546122538173672,"[[7136, 0, 0, 0, 0], [3055, 0, 0, 0, 0], [1951, 0, 0, 0, 0], [111956, 0, 0, 0, 0], [5098, 0, 0, 0, 0]]"
