round,loss,accuracy,precision_weighted,recall_weighted,f1_weighted,attack_accuracy,attack_precision,attack_recall,attack_f1,confusion_matrix
1,1.734453797340393,0.015101086720951113,0.00022804282015368604,0.015101086720951113,0.00044930071130221236,0.1334406637976408,0.1334406637976408,1.0,0.23546122538173672,"[[0, 0, 7136, 0, 0], [0, 0, 3055, 0, 0], [0, 0, 1951, 0, 0], [0, 0, 111956, 0, 0], [0, 0, 5098, 0, 0]]"
2,1.6642580032348633,0.015101086720951113,0.00022804282015368604,0.015101086720951113,0.00044930071130221236,0.1334406637976408,0.1334406637976408,1.0,0.23546122538173672,"[[0, 0, 7136, 0, 0], [0, 0, 3055, 0, 0], [0, 0, 1951, 0, 0], [0, 0, 111956, 0, 0], [0, 0, 5098, 0, 0]]"
3,1.567868947982788,0.20871389207096194,0.7349258986520585,0.20871389207096194,0.30773440111885797,0.2927567416947893,0.12785759465076352,0.7386890951276102,0.21798481723338153,"[[0, 0, 5488, 1648, 0], [0, 0, 2211, 844, 0], [0, 0, 1877, 74, 0], [0, 0, 86868, 25088, 0], [0, 0, 3159, 1939, 0]]"
4,1.4160923957824707,0.8665593362023593,0.7509250831594735,0.8665593362023593,0.8046088528718096,0.8665593362023593,0.0,0.0,0.0,"[[0, 0, 0, 7136, 0], [0, 0, 0, 3055, 0], [0, 0, 0, 1951, 0], [0, 0, 0, 111956, 0], [0, 0, 0, 5098, 0]]"
5,1.1655516624450684,0.8665593362023593,0.7509250831594735,0.8665593362023593,0.8046088528718096,0.8665593362023593,0.0,0.0,0.0,"[[0, 0, 0, 7136, 0], [0, 0, 0, 3055, 0], [0, 0, 0, 1951, 0], [0, 0, 0, 111956, 0], [0, 0, 0, 5098, 0]]"
