round,loss,accuracy,precision_weighted,recall_weighted,f1_weighted,attack_accuracy,attack_precision,attack_recall,attack_f1,confusion_matrix
1,2.0645018202234695,0.5781957506095438,0.4382088446249135,0.5781957506095438,0.4648350035211319,0.6463795038507683,0.8995052566481138,0.20770411624004856,0.3374807854056092,"[[0, 4354, 2151, 27098, 2038], [0, 0, 0, 0, 0], [0, 0, 0, 0, 0], [0, 832, 269, 71873, 199], [0, 235, 31, 17288, 2827]]"
2,2.136387750299748,0.5686210766670536,0.47173522351709,0.5686210766670536,0.42947884496213357,0.5908045977011495,0.8472711267605634,0.06872300167791225,0.12713403559752998,"[[0, 2197, 531, 32879, 34], [0, 0, 0, 0, 0], [0, 0, 0, 0, 0], [0, 263, 359, 72479, 72], [0, 81, 23, 19293, 984]]"
