round,loss,accuracy,precision_weighted,recall_weighted,f1_weighted,attack_accuracy,attack_precision,attack_recall,attack_f1,confusion_matrix
1,2.055509567260742,0.5663764077557181,0.32078720120060034,0.5663764077557181,0.4095891689780809,0.5663918882309686,1.0,3.570026061190247e-05,7.139797229758674e-05,"[[0, 0, 0, 35641, 0], [0, 0, 0, 0, 0], [0, 0, 0, 0, 0], [0, 0, 0, 73173, 0], [0, 2, 0, 20379, 0]]"
2,3.7952678203582764,0.5663377065675916,0.3210261914559865,0.5663377065675916,0.4097737972488061,0.5671272108053718,0.9532710280373832,0.0018207132912070258,0.003634484847405085,"[[0, 79, 0, 35562, 0], [0, 0, 0, 0, 0], [0, 0, 0, 0, 0], [0, 5, 0, 73168, 0], [0, 23, 0, 20358, 0]]"
3,5.212072372436523,0.5640233755176284,0.37046913617877475,0.5640233755176284,0.4119547534220179,0.571779093618174,0.7305151915455746,0.019742244118382064,0.038445494994438265,"[[0, 281, 0, 35276, 84], [0, 0, 0, 0, 0], [0, 0, 0, 0, 0], [0, 252, 0, 72765, 156], [0, 637, 0, 19640, 104]]"
4,7.964869499206543,0.5666163551221023,0.4396719759119043,0.5666163551221023,0.41215456619879604,0.5694647625682109,0.841025641025641,0.008782264110528007,0.017383009168477397,"[[0, 234, 0, 35396, 11], [0, 0, 0, 0, 0], [0, 0, 0, 0, 0], [0, 62, 0, 73080, 31], [0, 123, 0, 20134, 124]]"
5,9.877631187438965,0.5659429544487016,0.3773560629055815,0.5659429544487016,0.41027176365057055,0.5684275707264212,0.8223844282238443,0.006033344043411517,0.0119788067265607,"[[0, 132, 40, 35468, 1], [0, 0, 0, 0, 0], [0, 0, 0, 0, 0], [0, 37, 6, 73100, 30], [0, 148, 0, 20216, 17]]"
