round,loss,accuracy,precision_weighted,recall_weighted,f1_weighted,attack_accuracy,attack_precision,attack_recall,attack_f1,confusion_matrix
1,1.6660327911376953,0.055233908170531594,0.003050784611790717,0.055233908170531594,0.005782195943797692,0.1334406637976408,0.1334406637976408,1.0,0.23546122538173672,"[[7136, 0, 0, 0, 0], [3055, 0, 0, 0, 0], [1951, 0, 0, 0, 0], [111956, 0, 0, 0, 0], [5098, 0, 0, 0, 0]]"
2,1.5595195293426514,0.0947707359360971,0.7987815571729424,0.0947707359360971,0.08556018561281065,0.17170036224031704,0.13591862889031284,0.9719837587006961,0.23848797739936098,"[[6818, 0, 0, 318, 0], [2991, 0, 0, 64, 0], [1951, 0, 0, 0, 0], [106530, 0, 0, 5426, 0], [4997, 0, 0, 101, 0]]"
3,1.2922080755233765,0.8665593362023593,0.7509250831594735,0.8665593362023593,0.8046088528718096,0.8665593362023593,0.0,0.0,0.0,"[[0, 0, 0, 7136, 0], [0, 0, 0, 3055, 0], [0, 0, 0, 1951, 0], [0, 0, 0, 111956, 0], [0, 0, 0, 5098, 0]]"
4,0.8767415285110474,0.8665593362023593,0.7509250831594735,0.8665593362023593,0.8046088528718096,0.8665593362023593,0.0,0.0,0.0,"[[0, 0, 0, 7136, 0], [0, 0, 0, 3055, 0], [0, 0, 0, 1951, 0], [0, 0, 0, 111956, 0], [0, 0, 0, 5098, 0]]"
5,0.5736563205718994,0.8665593362023593,0.7509250831594735,0.8665593362023593,0.8046088528718096,0.8665593362023593,0.0,0.0,0.0,"[[0, 0, 0, 7136, 0], [0, 0, 0, 3055, 0], [0, 0, 0, 1951, 0], [0, 0, 0, 111956, 0], [0, 0, 0, 5098, 0]]"
