round,loss,accuracy,precision_weighted,recall_weighted,f1_weighted,attack_accuracy,attack_precision,attack_recall,attack_f1,confusion_matrix
1,0.03891169652342796,0.9942180872472832,0.9944620401865792,0.9942180872472832,0.994277354597841,0.9942722684912846,0.9620571940231686,0.9964064220715237,0.9789305848186322,"[[7104, 0, 0, 23, 1], [0, 3031, 1, 5, 0], [0, 0, 1940, 5, 0], [315, 242, 18, 111265, 103], [3, 2, 0, 29, 5109]]"
