round,loss,accuracy,precision_weighted,recall_weighted,f1_weighted,attack_accuracy,attack_precision,attack_recall,attack_f1,confusion_matrix
1,0.14090800285339355,0.9542323291742778,0.9553694302911029,0.9542323291742778,0.9505148096019578,0.9542323291742778,0.9788851351351351,0.6717672288877297,0.7967552332176124,"[[111693, 250], [5663, 11590]]"
2,0.13101309537887573,0.986415988111087,0.9874622005874967,0.986415988111087,0.9866610660092175,0.986415988111087,0.9120493459534191,0.9941459456326436,0.9513297651071855,"[[110289, 1654], [101, 17152]]"
3,0.0655522495508194,0.9928093749032478,0.9928768662721581,0.9928093749032478,0.9928335529880655,0.9928093749032478,0.9656018254420993,0.9811047354083348,0.9732915504700572,"[[111340, 603], [326, 16927]]"
4,0.05165838822722435,0.9934827703644076,0.9936105842904366,0.9934827703644076,0.9935195491791979,0.9934827703644076,0.963038203261667,0.9891613052802412,0.9759249728369646,"[[111288, 655], [187, 17066]]"
5,0.03455314785242081,0.9938465587169881,0.9939752545467211,0.9938465587169881,0.9938822330561867,0.9938465587169881,0.9640239088756062,0.9909001333101489,0.9772772744162117,"[[111305, 638], [157, 17096]]"
6,0.031473997980356216,0.9936917551626986,0.9938006571434199,0.9936917551626986,0.9937239819355022,0.9936917551626986,0.9649807648789319,0.9886396568712688,0.9766669529617223,"[[111324, 619], [196, 17057]]"
7,0.02924949862062931,0.9937691569398434,0.9939176714005797,0.9937691569398434,0.9938088186884163,0.9937691569398434,0.9624901585873356,0.9920013910624239,0.977022977022977,"[[111276, 667], [138, 17115]]"
8,0.026954952627420425,0.9936917551626986,0.9937887484090839,0.9936917551626986,0.9937214266652806,0.9936917551626986,0.9658768847069493,0.9876543209876543,0.9766442183693939,"[[111341, 602], [213, 17040]]"
