round,loss,accuracy,precision_weighted,recall_weighted,f1_weighted,attack_accuracy,attack_precision,attack_recall,attack_f1,confusion_matrix
1,0.5095527768135071,0.20482832285829283,0.8856608525517488,0.20482832285829283,0.16531193636493252,0.20482832285829283,0.14379177570716584,1.0,0.25142998710279146,"[[9210, 102733], [0, 17253]]"
2,0.32451167702674866,0.9332641877457506,0.9552621803849191,0.9332641877457506,0.938565453925375,0.9332641877457506,0.6672479944192535,0.9979134063641106,0.7997491638795987,"[[103357, 8586], [36, 17217]]"
3,0.189258873462677,0.7513467909223196,0.9130489117991021,0.7513467909223196,0.7904582587596382,0.7513467909223196,0.349370011748977,0.9996522343940184,0.5177802128521893,"[[79824, 32119], [6, 17247]]"
4,0.14762002229690552,0.9198349794111272,0.9498111650220428,0.9198349794111272,0.9271314427072317,0.9198349794111272,0.625,0.9992465078537066,0.7690077391440105,"[[101599, 10344], [13, 17240]]"
5,0.10994525253772736,0.9646196476671104,0.9719084748450791,0.9646196476671104,0.9663030691040525,0.9646196476671104,0.7912723932016537,0.9984350547730829,0.882863952028291,"[[107399, 4544], [27, 17226]]"
6,0.09221716970205307,0.9855723087402086,0.9868425273509074,0.9855723087402086,0.9858621077510841,0.9855723087402086,0.9051229400305376,0.9964064220715237,0.9485736357115268,"[[110141, 1802], [62, 17191]]"
7,0.10727176070213318,0.9709433728598409,0.9760693111604308,0.9709433728598409,0.9721117343324558,0.9709433728598409,0.8218185285843704,0.9990146641163855,0.9017945900695862,"[[108206, 3737], [17, 17236]]"
8,0.08412342518568039,0.9828400260069972,0.9846961955658189,0.9828400260069972,0.9832584463190172,0.9828400260069972,0.8876456636073012,0.99779748449545,0.9395039157366224,"[[109764, 2179], [38, 17215]]"
